param_type,param_name,out_u_bound,base,in_l_bound,out_l_bound,in_u_bound
input,cp_tau_s,1,10,2.0,0,3.2041199826559246
input,cp_b,1,10,-0.30102999566398114,0,0.9030899869919434
input,cp_tau_0,1,10,1.6989700043360185,0,2.9030899869919433
input,cp_n,1,10,0.0,0,1.2041199826559246
input,average_strain,1,10,-2.160057110432345,0,-0.5972401100997717
output,average_stress,1,10,2.2304744673611583,0,3.0254697190610553
output,g7_phi_1,1,10,0.06992696875247235,0,0.10826050497647347
output,g7_Phi,1,10,0.27786123822511666,0,0.2987221136057078
output,g7_phi_2,1,10,0.6257444722246495,0,0.6286647471767658
output,g8_phi_1,1,10,0.38918381030816473,0,0.4101020766428606
output,g8_Phi,1,10,0.42411359546803473,0,0.4313476788802987
output,g8_phi_2,1,10,0.6318291865006298,0,0.6464527408929374
output,g9_phi_1,1,10,-0.16613921661413833,0,-0.026812088550325637
output,g9_Phi,1,10,0.3011819721383155,0,0.3183764152227962
output,g9_phi_2,1,10,0.6237453435436678,0,0.6289812102321745
output,g10_phi_1,1,10,0.09268556293749071,0,0.22318432089503998
output,g10_Phi,1,10,0.3936629306675028,0,0.4017623021368253
output,g10_phi_2,1,10,0.5790171910266476,0,0.5908863983732381
output,g11_phi_1,1,10,0.44454441573953246,0,0.5245129569201058
output,g11_Phi,1,10,0.4528899511764933,0,0.46113821607493166
output,g11_phi_2,1,10,0.7530618993207936,0,0.7930846066503535
output,g12_phi_1,1,10,0.06818586174616162,0,0.13614958608853084
output,g12_Phi,1,10,0.27309391167200336,0,0.2990494465975396
output,g12_phi_2,1,10,0.6262787609515185,0,0.6298171960185158
output,g13_phi_1,1,10,0.18757711905508698,0,0.24239233137574234
output,g13_Phi,1,10,0.22005576025134146,0,0.24313730465333672
output,g13_phi_2,1,10,0.6263198328715323,0,0.6293586225803406
output,g14_phi_1,1,10,0.049295568332721966,0,0.10737958280444848
output,g14_Phi,1,10,0.3248789431119936,0,0.3475446696450126
output,g14_phi_2,1,10,0.6215501543254701,0,0.6286749592626378
output,g16_phi_1,1,10,0.44842803501163586,0,0.5105047958927815
output,g16_Phi,1,10,0.4494938267812603,0,0.4583205093180775
output,g16_phi_2,1,10,0.651016195115969,0,0.6670137665831326
output,g19_phi_1,1,10,0.08507641147209452,0,0.13129779659762295
output,g19_Phi,1,10,0.4364012048506012,0,0.4594226460511011
output,g19_phi_2,1,10,0.5554693042750195,0,0.5716855446169662
output,g20_phi_1,1,10,-0.08705029947339038,0,-0.016450386374284524
output,g20_Phi,1,10,0.30926810447712255,0,0.3387950316318055
output,g20_phi_2,1,10,0.47811898507745615,0,0.48556527948285794
output,g21_phi_1,1,10,0.38827886345963897,0,0.42452229708663275
output,g21_Phi,1,10,0.3053083678641436,0,0.3302107845715279
output,g21_phi_2,1,10,0.6450093951415786,0,0.6699580840602072
output,g22_phi_1,1,10,0.13868155351037367,0,0.16805530345913922
output,g22_Phi,1,10,0.2058807298875369,0,0.2362852774480285
output,g22_phi_2,1,10,0.5883053283394675,0,0.594867472862688
output,g23_phi_1,1,10,-0.33501035204670454,0,-0.1497153168860197
output,g23_Phi,1,10,0.4077307280263354,0,0.44169513564071705
output,g23_phi_2,1,10,0.5625426606622621,0,0.5902397783089669
output,g24_phi_1,1,10,0.25801436340674133,0,0.32510498297140744
output,g24_Phi,1,10,0.23942461800743078,0,0.256717745977487
output,g24_phi_2,1,10,0.53764282386375,0,0.5441052679963053
output,g25_phi_1,1,10,0.02077548819355783,0,0.06988999650693832
output,g25_Phi,1,10,0.3880834313836485,0,0.3976793537786056
output,g25_phi_2,1,10,0.4848690327204023,0,0.5025500161269034
output,g26_phi_1,1,10,-1.0470574922617026,0,-0.5355253565445439
output,g26_Phi,1,10,0.35806816256153845,0,0.36731864092969124
output,g26_phi_2,1,10,0.5226528534127708,0,0.5528992917461514
output,g27_phi_1,1,10,0.2051502091401808,0,0.2632572270140662
output,g27_Phi,1,10,0.21047904264524778,0,0.2231063809285873
output,g27_phi_2,1,10,0.5294175204160725,0,0.5342038510449243
output,g28_phi_1,1,10,0.2745965422569967,0,0.3440777384681007
output,g28_Phi,1,10,0.43042983179987665,0,0.4532877548516375
output,g28_phi_2,1,10,0.6243130420833378,0,0.651278013998144
output,g29_phi_1,1,10,0.1878308204439996,0,0.27946160925767294
output,g29_Phi,1,10,0.21341149458278152,0,0.2236257166937959
output,g29_phi_2,1,10,0.5240324348743908,0,0.531772605161404
output,g30_phi_1,1,10,0.16295252934572602,0,0.2111472498144923
output,g30_Phi,1,10,0.19407010762109908,0,0.2247919564926814
output,g30_phi_2,1,10,0.5916988817198284,0,0.5982979542136728
output,g31_phi_1,1,10,-0.5263962605640476,0,-0.39743001222007507
output,g31_Phi,1,10,0.31956406609216437,0,0.3311032263764991
output,g31_phi_2,1,10,0.4876897349416686,0,0.5088258808686901
output,g32_phi_1,1,10,0.3071964211494126,0,0.32729761789585454
output,g32_Phi,1,10,0.37112330058194953,0,0.385338107809055
output,g32_phi_2,1,10,0.6329328322196438,0,0.651365251895013
output,g33_phi_1,1,10,0.16873312893407894,0,0.20776896973992376
output,g33_Phi,1,10,0.21687814170285694,0,0.22934902016770342
output,g33_phi_2,1,10,0.5045660026632731,0,0.5220789073568771
output,g34_phi_1,1,10,-0.11858680970674003,0,-0.01385553528947943
output,g34_Phi,1,10,0.27149310218565637,0,0.2858047638486316
output,g34_phi_2,1,10,0.4401846540708854,0,0.4504184809368111
output,g35_phi_1,1,10,0.46717877794303153,0,0.538925450303585
output,g35_Phi,1,10,0.4434194617828172,0,0.45504291407907616
output,g35_phi_2,1,10,0.7623484044592503,0,0.7973021721837034
output,g36_phi_1,1,10,0.25614022663453295,0,0.3118597736235035
output,g36_Phi,1,10,0.23512426401946152,0,0.24620304183788128
output,g36_phi_2,1,10,0.5406297475490236,0,0.5510716554419849
output,g37_phi_1,1,10,-0.04279990521485233,0,0.02787940920720745
output,g37_Phi,1,10,0.43340176738907127,0,0.4486444942260085
output,g37_phi_2,1,10,0.45256838198809884,0,0.48180080953861054
output,g38_phi_1,1,10,0.250834579996684,0,0.2702827839652131
output,g38_Phi,1,10,0.4112660665121394,0,0.4189141752946957
output,g38_phi_2,1,10,0.6004610191927618,0,0.6152344012068295
output,g39_phi_1,1,10,-0.24303696295144683,0,-0.1642016607673635
output,g39_Phi,1,10,0.25866122332560415,0,0.27538046752743395
output,g39_phi_2,1,10,0.43656017062174035,0,0.45046466200714996
output,g40_phi_1,1,10,-0.007954855541117313,0,0.042417988143250235
output,g40_Phi,1,10,0.3883854257180324,0,0.3960248966085932
output,g40_phi_2,1,10,0.4776420956558481,0,0.5009770535891999
output,g41_phi_1,1,10,0.25433051286534725,0,0.2780215409701317
output,g41_Phi,1,10,0.26408551415539533,0,0.2906132849749863
output,g41_phi_2,1,10,0.6492472119686274,0,0.6534923022970599
output,g42_phi_1,1,10,0.21787857802743296,0,0.26102483399239734
output,g42_Phi,1,10,0.21154768118124762,0,0.22968184231767583
output,g42_phi_2,1,10,0.588036283454229,0,0.5921323260201153
output,g43_phi_1,1,10,-0.30373974342053683,0,-0.20372408658960744
output,g43_Phi,1,10,0.3424226808222062,0,0.36662838129296776
output,g43_phi_2,1,10,0.5734634185290415,0,0.5923877443764841
output,g44_phi_1,1,10,0.07700432679335026,0,0.14507203770499771
output,g44_Phi,1,10,0.38304299930574365,0,0.40781564238419776
output,g44_phi_2,1,10,0.5784099703312358,0,0.5933746895045732
output,g45_phi_1,1,10,-0.009266108071277595,0,0.033021444682910656
output,g45_Phi,1,10,0.3130864755178017,0,0.3294385607794513
output,g45_phi_2,1,10,0.5013468699329651,0,0.5187113016090291
output,g46_phi_1,1,10,0.40426910890542395,0,0.4239990900577282
output,g46_Phi,1,10,0.36078268987328,0,0.3742716432759797
output,g46_phi_2,1,10,0.6314742091483598,0,0.6437486854595257
output,g47_phi_1,1,10,0.3037143086537105,0,0.3281552619699468
output,g47_Phi,1,10,0.32438535649042693,0,0.33965015761368395
output,g47_phi_2,1,10,0.6683020319726072,0,0.6743742377170523
output,g48_phi_1,1,10,0.14041375759107408,0,0.17055505852120847
output,g48_Phi,1,10,0.20687982230629995,0,0.22481783739504022
output,g48_phi_2,1,10,0.5920434496293614,0,0.5990639058794172
output,g49_phi_1,1,10,0.2615483384446891,0,0.2843404814580967
output,g49_Phi,1,10,0.2663022696903849,0,0.2954131455196583
output,g49_phi_2,1,10,0.6493640703630101,0,0.6525557502118174
output,g50_phi_1,1,10,0.17312796993820792,0,0.21184109637534224
output,g50_Phi,1,10,0.31626397191068956,0,0.3371796254098343
output,g50_phi_2,1,10,0.5062885076680408,0,0.5149194664903173
output,g51_phi_1,1,10,-0.09894510044303206,0,-0.07055041928656014
output,g51_Phi,1,10,0.31515133770498255,0,0.34220547927634193
output,g51_phi_2,1,10,0.48818394944939714,0,0.5083411471001154
output,g52_phi_1,1,10,0.6667893298182557,0,0.6911699341316038
output,g52_Phi,1,10,0.45147940512486173,0,0.47735281669897034
output,g52_phi_2,1,10,-0.3179271615641098,0,-0.15126297049924625
output,g53_phi_1,1,10,0.38069954838271675,0,0.41314882471431646
output,g53_Phi,1,10,0.3746567130354199,0,0.3892015355283335
output,g53_phi_2,1,10,0.634578022853888,0,0.6520818776576878
output,g54_phi_1,1,10,0.2895889525425967,0,0.3259669637014247
output,g54_Phi,1,10,0.4116533708973118,0,0.43288915534840966
output,g54_phi_2,1,10,0.6836952928309132,0,0.7070333630498096
output,g55_phi_1,1,10,0.740283719681879,0,0.761002662992075
output,g55_Phi,1,10,0.4285235404207636,0,0.44794834818542983
output,g55_phi_2,1,10,0.0994389155535068,0,0.18275693104039914
output,g56_phi_1,1,10,0.28679317565497386,0,0.3045766887661129
output,g56_Phi,1,10,0.41350093500212054,0,0.4348083386530925
output,g56_phi_2,1,10,0.6793279428659341,0,0.6940081822065218
output,g57_phi_1,1,10,0.4045600590923558,0,0.43284106693432356
output,g57_Phi,1,10,0.36082053523794194,0,0.38106090338289045
output,g57_phi_2,1,10,0.6302549364707468,0,0.6448520064261426
output,g58_phi_1,1,10,0.08972853307473597,0,0.1275583020046327
output,g58_Phi,1,10,0.39527395998698,0,0.40596073474172156
output,g58_phi_2,1,10,0.5725114762201823,0,0.5964981311785094
output,g59_phi_1,1,10,0.2179048742026645,0,0.2689522023944986
output,g59_Phi,1,10,0.324652785542988,0,0.3492775274679552
output,g59_phi_2,1,10,0.6342555319256964,0,0.6504240966078485
output,g60_phi_1,1,10,0.315046224922345,0,0.3900868754237662
output,g60_Phi,1,10,0.4718049315750369,0,0.4861611753045384
output,g60_phi_2,1,10,0.6034691597338386,0,0.6365179849980136
output,g61_phi_1,1,10,-0.53384443524779,0,-0.26708379267362053
output,g61_Phi,1,10,0.3860171398068467,0,0.40476531840231444
output,g61_phi_2,1,10,0.3471543101005945,0,0.40346370134531745
output,g63_phi_1,1,10,0.28051007970327585,0,0.4951695448486671
output,g63_Phi,1,10,0.48171487302716925,0,0.4896350977926641
output,g63_phi_2,1,10,0.5848172716241724,0,0.7009718241909828
output,g64_phi_1,1,10,-0.5629632808865119,0,-0.3940058024983292
output,g64_Phi,1,10,0.3705871002466761,0,0.37910600473569533
output,g64_phi_2,1,10,0.516204734761517,0,0.5367603930433873
output,g66_phi_1,1,10,0.20455406013524338,0,0.22138815330634457
output,g66_Phi,1,10,0.20262452357897798,0,0.212799980625567
output,g66_phi_2,1,10,0.6104578710045817,0,0.6124129591954145
output,g67_phi_1,1,10,-0.15842156016150802,0,-0.08670019030815344
output,g67_Phi,1,10,0.3042319421856736,0,0.33795816367970083
output,g67_phi_2,1,10,0.4891425328290056,0,0.5030958008377787
output,g68_phi_1,1,10,0.34204744625866795,0,0.35289610469331045
output,g68_Phi,1,10,0.34999589926285635,0,0.37055009649920745
output,g68_phi_2,1,10,0.6569219087953577,0,0.6693540776439391
output,g69_phi_1,1,10,-0.4474412836947246,0,-0.14469289479317146
output,g69_Phi,1,10,0.39199307225971286,0,0.41830129131974547
output,g69_phi_2,1,10,0.4565178578052626,0,0.49691581681851527
output,g70_phi_1,1,10,-0.042526804702579205,0,0.03806352699785888
output,g70_Phi,1,10,0.3093959258697562,0,0.339848783037637
output,g70_phi_2,1,10,0.5092831887366661,0,0.5218438924494718
output,g71_phi_1,1,10,0.28082867763973174,0,0.3120503511802383
output,g71_Phi,1,10,0.28728653926281206,0,0.301745991025256
output,g71_phi_2,1,10,0.5533003416523027,0,0.565434570307759
output,g72_phi_1,1,10,-0.9817156915734689,0,-0.5815826913012249
output,g72_Phi,1,10,0.4599952560473914,0,0.4715264014088289
output,g72_phi_2,1,10,0.26347036606118457,0,0.3137617962924363
output,g73_phi_1,1,10,0.28255414285180236,0,0.30263391981377896
output,g73_Phi,1,10,0.28515207852509133,0,0.3146044732134347
output,g73_phi_2,1,10,0.6503075231319364,0,0.6621059008882954
output,g74_phi_1,1,10,0.4033607757655246,0,0.4195757810621395
output,g74_Phi,1,10,0.36097188372593586,0,0.38069954838271675
output,g74_phi_2,1,10,0.6216124351375326,0,0.6357149068838659
output,g75_phi_1,1,10,0.35812528527664855,0,0.4279727136082088
output,g75_Phi,1,10,0.3517963068970235,0,0.3694014136966243
output,g75_phi_2,1,10,0.7042020111562323,0,0.719902787113901
output,g76_phi_1,1,10,0.2971255615279803,0,0.3343733187992049
output,g76_Phi,1,10,0.4278592213120663,0,0.4512182585137935
output,g76_phi_2,1,10,0.6292362545083662,0,0.6514621623434679
output,g77_phi_1,1,10,-0.028135283585029786,0,0.04190563922364919
output,g77_Phi,1,10,0.2566455980444523,0,0.27290861269024697
output,g77_phi_2,1,10,0.5934079182742934,0,0.6041720329983374
output,g78_phi_1,1,10,0.6582404146701026,0,0.6764375289727665
output,g78_Phi,1,10,0.45819955698116943,0,0.4795465193975637
output,g78_phi_2,1,10,-0.2990281758090172,0,-0.10132417286046054
output,g79_phi_1,1,10,-0.0601214799003363,0,-0.02168250325324884
output,g79_Phi,1,10,0.32197105552630134,0,0.34647033547875544
output,g79_phi_2,1,10,0.4851533499036522,0,0.497095588780285
output,g80_phi_1,1,10,0.08228258991243757,0,0.11617589110034905
output,g80_Phi,1,10,0.28645646974698286,0,0.3225500597780138
output,g80_phi_2,1,10,0.620677283847404,0,0.6300819290239111
output,g81_phi_1,1,10,0.02312894601049568,0,0.07448730498569017
output,g81_Phi,1,10,0.3065965667972754,0,0.33529739270200676
output,g81_phi_2,1,10,0.5408423152115802,0,0.546431608077343
output,g82_phi_1,1,10,0.3260694665888942,0,0.38151217473202415
output,g82_Phi,1,10,0.4238845544491403,0,0.4432473369251016
output,g82_phi_2,1,10,0.6351719884405616,0,0.6689447344577338
output,g83_phi_1,1,10,0.1769878748008108,0,0.23116364150509883
output,g83_Phi,1,10,0.19956321176723593,0,0.2104255416310867
output,g83_phi_2,1,10,0.6144753660903952,0,0.6204483847117087
output,g84_phi_1,1,10,0.02661496793467555,0,0.07474332094100279
output,g84_Phi,1,10,0.3981136917305025,0,0.40812119667581453
output,g84_phi_2,1,10,0.45587983718472547,0,0.4865863151432627
output,g85_phi_1,1,10,-0.24845916616871083,0,-0.12483451843832338
output,g85_Phi,1,10,0.3804283346838362,0,0.3866772839608377
output,g85_phi_2,1,10,0.5509373255998989,0,0.5765256270652048
output,g86_phi_1,1,10,0.3124312555887251,0,0.34486364979712797
output,g86_Phi,1,10,0.2570542779446583,0,0.28566980596006797
output,g86_phi_2,1,10,0.5635641392385127,0,0.5731269944347752
output,g87_phi_1,1,10,0.20224303762480592,0,0.2321317412966199
output,g87_Phi,1,10,0.3868198859919673,0,0.4130481693178747
output,g87_phi_2,1,10,0.5401041338998748,0,0.5754303353055319
output,g88_phi_1,1,10,0.20989016868125768,0,0.2413472172381992
output,g88_Phi,1,10,0.40146947094308916,0,0.4160577292630378
output,g88_phi_2,1,10,0.5568811743797555,0,0.5754418790898553
output,g89_phi_1,1,10,0.18457787493202488,0,0.22120551767400395
output,g89_Phi,1,10,0.21555825714116209,0,0.22554187718723082
output,g89_phi_2,1,10,0.6282356225890843,0,0.6383294870707776
output,g90_phi_1,1,10,0.28562481067595147,0,0.3259464602204633
output,g90_Phi,1,10,0.4257786868609828,0,0.449277790579156
output,g90_phi_2,1,10,0.6467173245628285,0,0.6631541805115854
output,g91_phi_1,1,10,0.3096301674258987,0,0.3683426793242239
output,g91_Phi,1,10,0.43051042236254244,0,0.4538074104612263
output,g91_phi_2,1,10,0.6561844771146425,0,0.6812774270745292
output,g92_phi_1,1,10,0.5046339471684733,0,0.5449233820584672
output,g92_Phi,1,10,0.44401355058679876,0,0.4563508477418177
output,g92_phi_2,1,10,-2.007685122512749,0,0.797572202002034
output,g93_phi_1,1,10,0.2231063809285873,0,0.23751860463310714
output,g93_Phi,1,10,0.20376697496057422,0,0.21261369664505694
output,g93_phi_2,1,10,0.6189889203649335,0,0.6279186155714181
output,g95_phi_1,1,10,0.22279448111370678,0,0.2375940007992471
output,g95_Phi,1,10,0.27461961909123805,0,0.3023742260755825
output,g95_phi_2,1,10,0.5243571701793435,0,0.5384103399876669
output,g96_phi_1,1,10,0.28330122870354957,0,0.35026740604791806
output,g96_Phi,1,10,0.4642211975344492,0,0.48184377141837814
output,g96_phi_2,1,10,0.6728272294667609,0,0.7103374196159589
output,g97_phi_1,1,10,0.02366391819779347,0,0.08685791565984681
output,g97_Phi,1,10,0.40553417796483787,0,0.4125781354312723
output,g97_phi_2,1,10,0.4712036694702524,0,0.4880710357063098
output,g99_phi_1,1,10,0.40131436269178744,0,0.4363057974508539
output,g99_Phi,1,10,0.3765404601883948,0,0.3909351071033791
output,g99_phi_2,1,10,0.6907275438703668,0,0.7015593508849729
output,g100_phi_1,1,10,0.005352136486216612,0,0.04379439232577899
output,g100_Phi,1,10,0.4153573617237575,0,0.44446638802019306
output,g100_phi_2,1,10,0.6088575112050107,0,0.6284604550160248
output,g101_phi_1,1,10,0.19133921256392966,0,0.2203173361683638
output,g101_Phi,1,10,0.3866951117756184,0,0.4054829629862723
output,g101_phi_2,1,10,0.5401291775513481,0,0.5581203151430025
output,g102_phi_1,1,10,0.011866356527724236,0,0.07426774255335783
output,g102_Phi,1,10,0.25355606722012,0,0.2692326638068308
output,g102_phi_2,1,10,0.6122008754495794,0,0.6210100128289372
output,g103_phi_1,1,10,0.21795746177697384,0,0.23297071231138963
output,g103_Phi,1,10,0.20612396399185245,0,0.21287979216340133
output,g103_phi_2,1,10,0.6103726671919822,0,0.6154555367906814
output,g104_phi_1,1,10,0.23052555481938736,0,0.2719112738598957
output,g104_Phi,1,10,0.2627594954061185,0,0.302569010936054
output,g104_phi_2,1,10,0.5330853864405702,0,0.5385108973049876
output,g105_phi_1,1,10,-2.4961276391413865,0,0.7981255844442661
output,g105_Phi,1,10,0.46146851230552627,0,0.4697484005051665
output,g105_phi_2,1,10,0.414856406790594,0,0.5231218821182408
output,g106_phi_1,1,10,0.45773054824599835,0,0.47765655454692857
output,g106_Phi,1,10,0.357896749322294,0,0.3703650304539204
output,g106_phi_2,1,10,0.65898389025032,0,0.6658341774828822
output,g107_phi_1,1,10,0.11984950321151765,0,0.1777096060831817
output,g107_Phi,1,10,0.2857822737793947,0,0.29902763207198546
output,g107_phi_2,1,10,0.6237453435436678,0,0.6352926956511322
output,g108_phi_1,1,10,0.06024442689822514,0,0.09743085394424206
output,g108_Phi,1,10,0.41517374533586093,0,0.4299136977637545
output,g108_phi_2,1,10,0.5200903281128424,0,0.5284410287581304
output,g109_phi_1,1,10,0.14813973650121975,0,0.1952629583420616
output,g109_Phi,1,10,0.3905111983514179,0,0.4071018452351772
output,g109_phi_2,1,10,0.5241363765925685,0,0.5548161206062485
output,g110_phi_1,1,10,0.2380712061305597,0,0.2654546358431839
output,g110_Phi,1,10,0.2640382259931205,0,0.29824157849648614
output,g110_phi_2,1,10,0.5646778977279802,0,0.571347739941703
output,g111_phi_1,1,10,0.27758629578476324,0,0.2932078166458621
output,g111_Phi,1,10,0.3681566700349732,0,0.38756777941718856
output,g111_phi_2,1,10,0.6011470139538507,0,0.6182573448404014
output,g112_phi_1,1,10,0.024854948305017822,0,0.0498380006225834
output,g112_Phi,1,10,0.35142908784770144,0,0.3663855969539463
output,g112_phi_2,1,10,0.4991232334042234,0,0.5059093294246433
output,g113_phi_1,1,10,0.3906702126261803,0,0.40510720181909093
output,g113_Phi,1,10,0.285827252753274,0,0.31202918002553576
output,g113_phi_2,1,10,0.7117481947111297,0,0.7236936888413624
output,g114_phi_1,1,10,0.01728382156001779,0,0.09331660120433158
output,g114_Phi,1,10,0.4189307277285006,0,0.4399639359209049
output,g114_phi_2,1,10,0.5087855070459528,0,0.5222355133379851
output,g115_phi_1,1,10,0.14342078512993653,0,0.18875979295201148
output,g115_Phi,1,10,0.3901222515067005,0,0.40871471531982295
output,g115_phi_2,1,10,0.5237594694457147,0,0.5512791744169784
output,g116_phi_1,1,10,-0.5749714464798953,0,0.10937603140437602
output,g116_Phi,1,10,0.4694980145184654,0,0.48689782006669435
output,g116_phi_2,1,10,0.5199591807520684,0,0.6213217149035415
output,g117_phi_1,1,10,-0.21608927778465906,0,-0.14786172069239262
output,g117_Phi,1,10,0.25657343812372413,0,0.27914200649163823
output,g117_phi_2,1,10,0.43584436598444126,0,0.4652043375806298
output,g118_phi_1,1,10,0.19114348995489847,0,0.23149507644822936
output,g118_Phi,1,10,0.2526831619321977,0,0.30728204703334594
output,g118_phi_2,1,10,0.6452355415391943,0,0.6540609714292623
output,g119_phi_1,1,10,0.16657810991965208,0,0.18443588830837043
output,g119_Phi,1,10,0.24355888962248004,0,0.27095818509209724
output,g119_phi_2,1,10,0.6144648145899658,0,0.622058519778418
output,g120_phi_1,1,10,0.692855728406588,0,0.7436116630308065
output,g120_Phi,1,10,0.456092614887902,0,0.47017519665517943
output,g120_phi_2,1,10,0.11644169753931188,0,0.2820099993420538
output,g121_phi_1,1,10,0.07802158052038616,0,0.19873954010441616
output,g121_Phi,1,10,0.4208300620261138,0,0.45399066996822984
output,g121_phi_2,1,10,0.5723603667301401,0,0.6118825555121157
output,g122_phi_1,1,10,-0.11670204824419979,0,-0.04950370866533489
output,g122_Phi,1,10,0.3268272369742727,0,0.34486364979712797
output,g122_phi_2,1,10,0.4404840208233986,0,0.4550124501002545
output,g123_phi_1,1,10,-0.1074045771711018,0,0.02065126800434181
output,g123_Phi,1,10,0.4155742628698455,0,0.4488917441512197
output,g123_phi_2,1,10,0.6021468415396113,0,0.6204379773384615
output,g125_phi_1,1,10,0.3327615356098077,0,0.4003134451403299
output,g125_Phi,1,10,0.4003825480454287,0,0.4210607191918788
output,g125_phi_2,1,10,0.5587085705331657,0,0.5930090051406277
output,g126_phi_1,1,10,0.4116365387564689,0,0.4432786374283154
output,g126_Phi,1,10,0.3719909114649149,0,0.3892724291755531
output,g126_phi_2,1,10,0.6893799035343631,0,0.7021029686899287
output,g128_phi_1,1,10,0.29622628726116057,0,0.3354980184190237
output,g128_Phi,1,10,0.39590273955985733,0,0.40869776889578785
output,g128_phi_2,1,10,0.6517914962067096,0,0.6570749843512107
output,g129_phi_1,1,10,0.36218077659252995,0,0.38379741955666363
output,g129_Phi,1,10,0.31902273343041415,0,0.33152851886869067
output,g129_phi_2,1,10,0.6223383854398897,0,0.6394665670464258
output,g130_phi_1,1,10,-0.12699927762595575,0,-0.10083635852278111
output,g130_Phi,1,10,0.29806670654650785,0,0.3444905192418928
output,g130_phi_2,1,10,0.5115491597450654,0,0.5318236610887989
output,g131_phi_1,1,10,0.28406961171008316,0,0.3142886609474977
output,g131_Phi,1,10,0.302936699704866,0,0.32522822787084965
output,g131_phi_2,1,10,0.5035591791653233,0,0.5360657945120061
output,g132_phi_1,1,10,-0.49437527167212053,0,-0.09492224304158141
output,g132_Phi,1,10,0.38826110054088964,0,0.39494173671335936
output,g132_phi_2,1,10,0.4540975356467135,0,0.5052856741441323
output,g133_phi_1,1,10,-0.4111011206574585,0,-0.21837385615429475
output,g133_Phi,1,10,0.3287872003545346,0,0.36133112513853355
output,g133_phi_2,1,10,0.5414169771918588,0,0.5733242401653763
output,g134_phi_1,1,10,0.37752480067370164,0,0.41375226768254875
output,g134_Phi,1,10,0.3961470193070227,0,0.41229250932304645
output,g134_phi_2,1,10,0.6461095219788479,0,0.6597165878114423
output,g135_phi_1,1,10,-0.1621275957303876,0,-0.0607304136612687
output,g135_Phi,1,10,0.37774324035400625,0,0.39211633381600974
output,g135_phi_2,1,10,0.45446373275113794,0,0.48489747281614626
output,g136_phi_1,1,10,0.08849047018239621,0,0.11122889823415566
output,g136_Phi,1,10,0.19890439945673236,0,0.22649679635551906
output,g136_phi_2,1,10,0.6320319005081859,0,0.6407198856304583
output,g137_phi_1,1,10,0.23016781634619157,0,0.24679391877515494
output,g137_Phi,1,10,0.25256178620632924,0,0.30235257791956255
output,g137_phi_2,1,10,0.5379952947669608,0,0.5543680009900875
output,g138_phi_1,1,10,-3.18620558579601,0,0.7979043160752443
output,g138_Phi,1,10,0.4282806147071767,0,0.4393484860697474
output,g138_phi_2,1,10,0.27434261611688293,0,0.34175097926517467
output,g139_phi_1,1,10,0.5062072830522553,0,0.5429498488141788
output,g139_Phi,1,10,0.45502768235678076,0,0.4689820589625703
output,g139_phi_2,1,10,-10,0,0.7981394099749288
output,g140_phi_1,1,10,-0.20603509471936918,0,-0.06919355079906603
output,g140_Phi,1,10,0.3676167921346756,0,0.391922621374344
output,g140_phi_2,1,10,0.4470649582664828,0,0.48003570322880135
output,g141_phi_1,1,10,0.21484384804769785,0,0.22302842697225214
output,g141_Phi,1,10,0.20569145357950563,0,0.21412826182340985
output,g141_phi_2,1,10,0.6088895762624476,0,0.6168429595348666
output,g142_phi_1,1,10,0.1736232576980815,0,0.20338649166047773
output,g142_Phi,1,10,0.21758921496509517,0,0.27086508873977855
output,g142_phi_2,1,10,0.4952528600711832,0,0.5094310382437169
output,g143_phi_1,1,10,-0.20228938626785165,0,-0.11268658707280887
output,g143_Phi,1,10,0.3778524190067545,0,0.3944341685988745
output,g143_phi_2,1,10,0.4346327661741422,0,0.4587435774200478
output,g144_phi_1,1,10,-0.19424774519932694,0,-0.06474975938835542
output,g144_Phi,1,10,0.4167236975467344,0,0.43751274526480405
output,g144_phi_2,1,10,0.5299818557839754,0,0.5601219242961956
output,g146_phi_1,1,10,0.05751396010659051,0,0.09247501292597991
output,g146_Phi,1,10,0.40866387406381066,0,0.4325203413589294
output,g146_phi_2,1,10,0.4715117369769623,0,0.49679131570004237
output,g147_phi_1,1,10,0.0005642161653756038,0,0.07202920082792183
output,g147_Phi,1,10,0.277907045047425,0,0.3150251993126049
output,g147_phi_2,1,10,0.5442293237792281,0,0.5578198775907917
output,g148_phi_1,1,10,-0.5450637191971509,0,-0.2730202728629665
output,g148_Phi,1,10,0.29556709996247904,0,0.31659930209386083
output,g148_phi_2,1,10,0.5069242421317748,0,0.5178817789483611
output,g149_phi_1,1,10,0.2306021747405311,0,0.2558511787157744
output,g149_Phi,1,10,0.25858939756146077,0,0.302936699704866
output,g149_phi_2,1,10,0.5349267769756988,0,0.5428627572586373
output,g150_phi_1,1,10,0.37777963628798134,0,0.4405627672619206
output,g150_Phi,1,10,0.3157394996083389,0,0.3516997004052663
output,g150_phi_2,1,10,0.6151290589592654,0,0.6436105730456083
output,g151_phi_1,1,10,0.29670905617560334,0,0.3426792335874767
output,g151_Phi,1,10,0.30397320254030624,0,0.33527732503192925
output,g151_phi_2,1,10,0.6970112686994471,0,0.701887328767573
output,g152_phi_1,1,10,0.11048869983666935,0,0.15121657885645604
output,g152_Phi,1,10,0.22442946182269766,0,0.24435135283038073
output,g152_phi_2,1,10,0.5794405971397972,0,0.5931420169020318
output,g153_phi_1,1,10,-0.16537586778525398,0,-0.05071247942549207
output,g153_Phi,1,10,0.29021274691952875,0,0.2998558147042672
output,g153_phi_2,1,10,0.43700496547730344,0,0.450787792072898
output,g154_phi_1,1,10,0.3063177811044322,0,0.33567850235656593
output,g154_Phi,1,10,0.3199592290701813,0,0.3395508108256714
output,g154_phi_2,1,10,0.6916560434981466,0,0.697281664244258
output,g155_phi_1,1,10,0.3384963353074816,0,0.3651883681270993
output,g155_Phi,1,10,0.3370397399203781,0,0.3515644152041046
output,g155_phi_2,1,10,0.6486624478733192,0,0.6612919770656032
output,g156_phi_1,1,10,0.16699223083011008,0,0.19876702100940863
output,g156_Phi,1,10,0.35518323600967494,0,0.369976134872427
output,g156_phi_2,1,10,0.5878904811863545,0,0.6034475148146036
output,g157_phi_1,1,10,0.6101062974863126,0,0.6454124435709288
output,g157_Phi,1,10,0.45507337592112435,0,0.4798918828208561
output,g157_phi_2,1,10,-2.622566248296611,0,0.7978074757029923
output,g158_phi_1,1,10,0.2449941661396689,0,0.29185704623146
output,g158_Phi,1,10,0.3680822440064455,0,0.3988424030292701
output,g158_phi_2,1,10,0.5917655936219417,0,0.6095090358257111
output,g159_phi_1,1,10,-0.1611005591981235,0,-0.07610865007994987
output,g159_Phi,1,10,0.2873985892342541,0,0.30185437226958667
output,g159_phi_2,1,10,0.6132073521037599,0,0.6181422708462816
output,g161_phi_1,1,10,0.01895002150097482,0,0.07022263346095815
output,g161_Phi,1,10,0.41006829123836236,0,0.44211901374515933
output,g161_phi_2,1,10,0.6088468223264115,0,0.6247666672214047
output,g162_phi_1,1,10,0.5418911250960011,0,0.5629111450476485
output,g162_Phi,1,10,0.43314553700033953,0,0.45546918555765953
output,g162_phi_2,1,10,-3.2831872847802868,0,0.7971497735698023
output,g163_phi_1,1,10,0.1852304161675628,0,0.23789545463960377
output,g163_Phi,1,10,0.19887692724355285,0,0.21658811107550163
output,g163_phi_2,1,10,0.5160988770523541,0,0.5258607729318537
output,g164_phi_1,1,10,-0.8586756727245825,0,-0.4839540614797122
output,g164_Phi,1,10,0.36114208775333284,0,0.3758098779959138
output,g164_phi_2,1,10,0.5176840398009741,0,0.5329962938657595
output,g165_phi_1,1,10,0.6822895162128295,0,0.7268738503206976
output,g165_Phi,1,10,0.44779349740938174,0,0.47610671684019135
output,g165_phi_2,1,10,-0.20878670571014796,0,0.06870521969194122
output,g166_phi_1,1,10,-0.3103360349842296,0,-0.1991867278977611
output,g166_Phi,1,10,0.4387005329007363,0,0.44757661352292216
output,g166_phi_2,1,10,0.5097668727783872,0,0.537479079368278
output,g167_phi_1,1,10,0.04229980741362536,0,0.10557830405203708
output,g167_Phi,1,10,0.3989637361255204,0,0.4231639238503484
output,g167_phi_2,1,10,0.46852455729970266,0,0.4758744893194367
output,g169_phi_1,1,10,0.16802580877462903,0,0.1955675806597276
output,g169_Phi,1,10,0.28357257796692453,0,0.3212462129905911
output,g169_phi_2,1,10,0.6377998291200472,0,0.6455696293511514
output,g172_phi_1,1,10,0.064083435963596,0,0.3222399749311519
output,g172_Phi,1,10,0.463803434499168,0,0.4856788465039093
output,g172_phi_2,1,10,0.4481959946410675,0,0.5687764903087901
output,g173_phi_1,1,10,-0.36519033461696554,0,-0.10553993496094004
output,g173_Phi,1,10,0.3834742570500509,0,0.3975750480022888
output,g173_phi_2,1,10,0.4257298045960987,0,0.4711596419819758
output,g174_phi_1,1,10,0.03422726077055066,0,0.18471981515027144
output,g174_Phi,1,10,0.2528287680405923,0,0.29861294775994696
output,g174_phi_2,1,10,0.5701107653554137,0,0.5997193623970982
output,g175_phi_1,1,10,-0.10957339185948163,0,-0.03140498990966628
output,g175_Phi,1,10,0.37099393351474386,0,0.39038748031727893
output,g175_phi_2,1,10,0.4544332281165885,0,0.47765655454692857
output,g176_phi_1,1,10,-0.8635648295416173,0,-0.6521043065067683
output,g176_Phi,1,10,0.41690665993242565,0,0.4265925823051561
output,g176_phi_2,1,10,0.5106254276648371,0,0.5239154706981131
output,g177_phi_1,1,10,0.20709554041921804,0,0.26726561976256297
output,g177_Phi,1,10,0.3530887648339482,0,0.36849142941581053
output,g177_phi_2,1,10,0.6152554665904779,0,0.6266482684740101
output,g178_phi_1,1,10,-0.36072273965802165,0,-0.14964788604172202
output,g178_Phi,1,10,0.3797586158427012,0,0.39075852873871714
output,g178_phi_2,1,10,0.42344249107526144,0,0.45371575170076717
output,g179_phi_1,1,10,-0.0012787063976087598,0,0.028652573633118503
output,g179_Phi,1,10,0.33167019053261315,0,0.3608016129678519
output,g179_phi_2,1,10,0.5498856757704129,0,0.5644530065313664
output,g180_phi_1,1,10,0.12577394985088539,0,0.14528965905414648
output,g180_Phi,1,10,0.2322335211147336,0,0.2574145587621873
output,g180_phi_2,1,10,0.6292668497588975,0,0.6332866198281859
output,g181_phi_1,1,10,-0.7717279978760005,0,-0.48614341823478546
output,g181_Phi,1,10,0.3591901991558108,0,0.36897451565238804
output,g181_phi_2,1,10,0.5232781125229127,0,0.5337085232398597
output,g182_phi_1,1,10,0.2009325358991928,0,0.229528263787672
output,g182_Phi,1,10,0.2287339083761365,0,0.2646289582612226
output,g182_phi_2,1,10,0.5408423152115802,0,0.5444525349278302
output,g183_phi_1,1,10,0.18329832107581195,0,0.20776896973992376
output,g183_Phi,1,10,0.19824458622823615,0,0.20913953605653335
output,g183_phi_2,1,10,0.5164428203091213,0,0.5267656072889625
output,g184_phi_1,1,10,0.18398121891459185,0,0.24477176149529495
output,g184_Phi,1,10,0.18982706312066194,0,0.20919319571952907
output,g184_phi_2,1,10,0.516601471526534,0,0.5254724089362258
output,g185_phi_1,1,10,-0.3534002482796266,0,-0.08628149101623764
output,g185_Phi,1,10,0.38372562644464275,0,0.3987730546088588
output,g185_phi_2,1,10,0.433321711630784,0,0.4649215404715348
output,g186_phi_1,1,10,0.46052199290020074,0,0.47863863154316677
output,g186_Phi,1,10,0.455088606040952,0,0.4619784765286782
output,g186_phi_2,1,10,0.7663607881469312,0,0.7816692250541627
output,g187_phi_1,1,10,0.2498829018636947,0,0.3050717830222926
output,g187_Phi,1,10,0.4136182416869927,0,0.42789165070887814
output,g187_phi_2,1,10,0.597344099017222,0,0.6081193607125969
output,g188_phi_1,1,10,0.2882268617375928,0,0.30339047411338865
output,g188_Phi,1,10,0.3259669637014247,0,0.34458874257871386
output,g188_phi_2,1,10,0.6539935411288391,0,0.6621342660642856
output,g189_phi_1,1,10,0.3589812256253495,0,0.42386818975324736
output,g189_Phi,1,10,0.4316692713137454,0,0.44320038194007666
output,g189_phi_2,1,10,0.7051792448736762,0,0.7380667147774692
output,g190_phi_1,1,10,0.2239888825700919,0,0.2769211320657739
output,g190_Phi,1,10,0.2660905162751797,0,0.29389266705300887
output,g190_phi_2,1,10,0.5763643890897484,0,0.591787828645595
output,g191_phi_1,1,10,0.11183357814884677,0,0.14844840352338382
output,g191_Phi,1,10,0.21122736562998218,0,0.2601906832699626
output,g191_phi_2,1,10,0.5667084733924672,0,0.5730805706525928
output,g192_phi_1,1,10,0.3309005596679337,0,0.3587341271980108
output,g192_Phi,1,10,0.32436477820229004,0,0.3334472744967503
output,g192_phi_2,1,10,0.6968716438120658,0,0.6996383033798625
output,g193_phi_1,1,10,0.1466240888240055,0,0.20924684875337374
output,g193_Phi,1,10,0.4115692036686324,0,0.42478366441982246
output,g193_phi_2,1,10,0.6028410186814578,0,0.612062965455022
output,g194_phi_1,1,10,-1.9473829992537082,0,0.7975029795912811
output,g194_Phi,1,10,0.4876190869363881,0,0.4958217533859058
output,g194_phi_2,1,10,0.1419825155528039,0,0.6509482903732421
output,g195_phi_1,1,10,0.6645291571422157,0,0.6879924368785983
output,g195_Phi,1,10,0.4646385590950328,0,0.4884378980865345
output,g195_phi_2,1,10,-0.4372671148086911,0,-0.23823749544434603
output,g196_phi_1,1,10,0.07816670816815378,0,0.1148444131450238
output,g196_Phi,1,10,0.4263973864599719,0,0.4503107060050048
output,g196_phi_2,1,10,0.6097651056927424,0,0.6362972865131321
output,g197_phi_1,1,10,0.2737649585047789,0,0.2973008127714796
output,g197_Phi,1,10,0.2629254693318316,0,0.29196792332412574
output,g197_phi_2,1,10,0.5890667182983075,0,0.5967290131534917
output,g198_phi_1,1,10,0.07623981977502527,0,0.14410697304932296
output,g198_Phi,1,10,0.4205992822914399,0,0.4476385914004976
output,g198_phi_2,1,10,0.4391905378275702,0,0.4788117089518152
output,g199_phi_1,1,10,-0.5221121686391366,0,-0.32175484807295796
output,g199_Phi,1,10,0.42803755303530794,0,0.44335687881824415
output,g199_phi_2,1,10,0.4688345304327518,0,0.49482222594377917
output,g200_phi_1,1,10,-0.027690684556462525,0,0.08831331558809674
output,g200_Phi,1,10,0.4598747692989689,0,0.47221507176179056
output,g200_phi_2,1,10,0.6160551949765861,0,0.6429193513782803
output,g201_phi_1,1,10,-0.5539757149765093,0,-0.2403850291614226
output,g201_Phi,1,10,0.4014867017741694,0,0.41772073907568397
output,g201_phi_2,1,10,0.3501510667807066,0,0.4116028725175448
output,g202_phi_1,1,10,-0.18075227532461252,0,-0.0979535725375702
output,g202_Phi,1,10,0.2853097130902672,0,0.3070679506612984
output,g202_phi_2,1,10,0.4544027213392575,0,0.48108415181508973
output,g203_phi_1,1,10,-0.33564953197225456,0,-0.15646824112127425
output,g203_Phi,1,10,0.3792148413786265,0,0.3883676671573011
output,g203_phi_2,1,10,0.5159929935344669,0,0.5399162604675214
output,g204_phi_1,1,10,0.19498584342588085,0,0.2333007715634716
output,g204_Phi,1,10,0.31234663903085325,0,0.3377387172338669
output,g204_phi_2,1,10,0.6250036010148633,0,0.6306210778321802
output,g205_phi_1,1,10,0.03826240710478427,0,0.10720996964786836
output,g205_Phi,1,10,0.42881487202615265,0,0.4538990498809937
output,g205_phi_2,1,10,0.6211243295670776,0,0.6427117701673325
output,g206_phi_1,1,10,-0.2266231840154651,0,-0.166546885268916
output,g206_Phi,1,10,0.2892097826449857,0,0.3217847829599016
output,g206_phi_2,1,10,0.47704886627347376,0,0.4962375451667352
output,g207_phi_1,1,10,0.29589681867898937,0,0.3155085309901875
output,g207_Phi,1,10,0.23756887019819833,0,0.2785478337758529
output,g207_phi_2,1,10,0.5756726903633065,0,0.5819837728607398
output,g208_phi_1,1,10,0.07353506505878392,0,0.16387665564691983
output,g208_Phi,1,10,0.25343493524100563,0,0.2665609392868417
output,g208_phi_2,1,10,0.5613041661401361,0,0.5733706379092738
output,g209_phi_1,1,10,0.3383369465610725,0,0.4076797714411934
output,g209_Phi,1,10,0.4138025167693515,0,0.4352230462110289
output,g209_phi_2,1,10,0.6644727369431233,0,0.7008161692836126
output,g210_phi_1,1,10,0.13808154649574605,0,0.18247171760537434
output,g210_Phi,1,10,0.17995372963154838,0,0.20744585398425153
output,g210_phi_2,1,10,0.6117339263245242,0,0.6229596641904985
output,g211_phi_1,1,10,0.10981469569439926,0,0.16154767312572746
output,g211_Phi,1,10,0.3060173500841183,0,0.3336890417039052
output,g211_phi_2,1,10,0.4988341488373909,0,0.5048512981805311
output,g212_phi_1,1,10,-0.1963380767637757,0,-0.13566100958989216
output,g212_Phi,1,10,0.28291652679514656,0,0.3126215825869812
output,g212_phi_2,1,10,0.46722321083404855,0,0.4971785353631066
output,g213_phi_1,1,10,-0.42817475095917085,0,-0.12069763589067929
output,g213_Phi,1,10,0.3774701735821342,0,0.39350500858996107
output,g213_phi_2,1,10,0.3811150807098505,0,0.4167070607798184
output,g214_phi_1,1,10,0.3150882730883171,0,0.3357987833253656
output,g214_Phi,1,10,0.38512345589221597,0,0.4057219145641866
output,g214_phi_2,1,10,0.6120417446452695,0,0.6293790139073188
output,g215_phi_1,1,10,0.20663701128353584,0,0.2732559834517504
output,g215_Phi,1,10,0.33641970486265815,0,0.3582395081717715
output,g215_phi_2,1,10,0.6151922673739656,0,0.6240757311456826
output,g216_phi_1,1,10,0.34202768808747175,0,0.4076797714411934
output,g216_Phi,1,10,0.4179696422147369,0,0.4353027522846103
output,g216_phi_2,1,10,0.6866452052708101,0,0.7091257376914923
output,g217_phi_1,1,10,-0.28110820263421316,0,-0.19611289991628408
output,g217_Phi,1,10,0.2888972763225662,0,0.2989621819201167
output,g217_phi_2,1,10,0.4741288134302095,0,0.4974134646862062
output,g218_phi_1,1,10,0.19161866336946842,0,0.22042192243784056
output,g218_Phi,1,10,0.17906322239498013,0,0.2373426293261744
output,g218_phi_2,1,10,0.5163634729614152,0,0.5430244848207618
output,g219_phi_1,1,10,-0.28995036640452543,0,-0.01949668180660491
output,g219_Phi,1,10,0.47835001582767456,0,0.4841859110979941
output,g219_phi_2,1,10,0.3854096348783323,0,0.43274487412904944
output,g220_phi_1,1,10,-0.47634456252936797,0,-0.23462206535279476
output,g220_Phi,1,10,0.40159007240665595,0,0.4102034170894535
output,g220_phi_2,1,10,0.3786340638496024,0,0.414388326931075
output,g221_phi_1,1,10,0.4627871909257084,0,0.5265201957352653
output,g221_Phi,1,10,0.4300266545100142,0,0.4394432274492469
output,g221_phi_2,1,10,-2.435700933519181,0,0.7975168249561314
output,g222_phi_1,1,10,-2.2639462873319434,0,0.7981255844442661
output,g222_Phi,1,10,0.45429593073984975,0,0.4621733047067904
output,g222_phi_2,1,10,0.38989225544206274,0,0.49629295400604273
output,g223_phi_1,1,10,0.6007115873263358,0,0.6781540380104372
output,g223_Phi,1,10,0.4639825250097072,0,0.47662877518235747
output,g223_phi_2,1,10,-2.516198817539512,0,0.7972536875162476
output,g224_phi_1,1,10,0.37121568204236116,0,0.40346370134531745
output,g224_Phi,1,10,0.3656751404559177,0,0.3819629776559982
output,g224_phi_2,1,10,0.5738111694272754,0,0.5901728315963143
output,g225_phi_1,1,10,-0.13113817494059196,0,0.16899807727899374
output,g225_Phi,1,10,0.4770054274134942,0,0.4910814134231872
output,g225_phi_2,1,10,0.5580842736086394,0,0.649656078856173
output,g226_phi_1,1,10,0.10353006342837466,0,0.15851326261643173
output,g226_Phi,1,10,0.336959785120704,0,0.36144450808632844
output,g226_phi_2,1,10,0.5441052679963053,0,0.5521448010307775
output,g227_phi_1,1,10,-0.4522499012289098,0,-0.08311986241733037
output,g227_Phi,1,10,0.4823017672234427,0,0.4908851094535955
output,g227_phi_2,1,10,0.5107058302350757,0,0.5572304164082867
output,g228_phi_1,1,10,0.3745100600495502,0,0.3999158899163027
output,g228_Phi,1,10,0.34299478292747715,0,0.3560449886872295
output,g228_phi_2,1,10,0.5769629714856891,0,0.5939834800237734
output,g229_phi_1,1,10,0.07503572592219074,0,0.11524428532725489
output,g229_Phi,1,10,0.25280450374570634,0,0.2746888422375584
output,g229_phi_2,1,10,0.5610059238218987,0,0.583039995006035
output,g230_phi_1,1,10,0.3846580124622789,0,0.3956932475035847
output,g230_Phi,1,10,0.3682310833111293,0,0.37417990965463804
output,g230_phi_2,1,10,0.6586218431874219,0,0.6712191402986144
output,g231_phi_1,1,10,0.4099838162265414,0,0.4451213855675014
output,g231_Phi,1,10,0.4187817331080547,0,0.43253638326425603
output,g231_phi_2,1,10,0.6045176454962694,0,0.6412162335803264
output,g232_phi_1,1,10,-0.14649647363867535,0,0.09957706091670843
output,g232_Phi,1,10,0.4279889243725452,0,0.4461020333689789
output,g232_phi_2,1,10,0.5848624576803352,0,0.637029173272112
output,g233_phi_1,1,10,0.2193487173135786,0,0.277929946646919
output,g233_Phi,1,10,0.27737997466725456,0,0.2935393307317567
output,g233_phi_2,1,10,0.5710213341957439,0,0.5921545422761962
output,g234_phi_1,1,10,0.010045412636098516,0,0.09293107567355242
output,g234_Phi,1,10,0.42988141901076454,0,0.4556365349476039
output,g234_phi_2,1,10,0.5486841714830051,0,0.5732430321841238
output,g235_phi_1,1,10,0.3723964324231116,0,0.4121244061733172
output,g235_Phi,1,10,0.35658032864025824,0,0.3958154634835395
output,g235_phi_2,1,10,0.696889099378061,0,0.7157777860135903
output,g236_phi_1,1,10,0.11763581738949416,0,0.20547503674089088
output,g236_Phi,1,10,0.4177871271954912,0,0.43375383751675683
output,g236_phi_2,1,10,0.5150654099227608,0,0.5253558319834662
output,g237_phi_1,1,10,0.30226597450297304,0,0.3361393986085567
output,g237_Phi,1,10,0.3389343529763848,0,0.35351231653885
output,g237_phi_2,1,10,0.6048629831737083,0,0.6129109487018852
output,g238_phi_1,1,10,-0.20473190017754303,0,-0.09960555808406953
output,g238_Phi,1,10,0.2786621609099807,0,0.30935332291878
output,g238_phi_2,1,10,0.5261324212383252,0,0.534622533769769
output,g239_phi_1,1,10,0.37138191916665053,0,0.40737390631100395
output,g239_Phi,1,10,0.36702028489775723,0,0.38190890600579824
output,g239_phi_2,1,10,0.5748180752315016,0,0.5961680867189859
output,g240_phi_1,1,10,0.36565642852838925,0,0.3933996952931018
output,g240_Phi,1,10,0.3809705928163434,0,0.4076967576338973
output,g240_phi_2,1,10,0.5666377989444832,0,0.5997630243451988
output,g241_phi_1,1,10,0.3392526340326996,0,0.353704703572165
output,g241_Phi,1,10,0.2711908387012949,0,0.29819786710981516
output,g241_phi_2,1,10,0.690045380289448,0,0.6962515162374943
output,g242_phi_1,1,10,0.39826994711754976,0,0.43107413795158545
output,g242_Phi,1,10,0.35571963861396105,0,0.3603661730532693
output,g242_phi_2,1,10,0.6803083124908154,0,0.6820638078487403
output,g243_phi_1,1,10,0.37432667414956017,0,0.40570485095371345
output,g243_Phi,1,10,0.3480516130683582,0,0.3619732374656603
output,g243_phi_2,1,10,0.5811187121468735,0,0.5932528289259805
output,g244_phi_1,1,10,0.12891597845383693,0,0.14438737410193678
output,g244_Phi,1,10,0.18934992433919778,0,0.20248831706009354
output,g244_phi_2,1,10,0.583640780943042,0,0.5989217598186357
output,g245_phi_1,1,10,0.3399679147026011,0,0.40956119452184986
output,g245_Phi,1,10,0.4238845544491403,0,0.4355736435661134
output,g245_phi_2,1,10,0.6799363956872428,0,0.7063848947742644
output,g246_phi_1,1,10,0.22577434814392972,0,0.27971256082092566
output,g246_Phi,1,10,0.27797574622322335,0,0.2946866242794432
output,g246_phi_2,1,10,0.5767673718428931,0,0.5921656499780755
output,g247_phi_1,1,10,-0.2236184814079972,0,-0.10783302092706673
output,g247_Phi,1,10,0.32974355001123457,0,0.34643121865982307
output,g247_phi_2,1,10,0.592875952629111,0,0.6073692281764789
output,g248_phi_1,1,10,0.1840949308958406,0,0.22554187718723082
output,g248_Phi,1,10,0.23509899009493943,0,0.26771132672669234
output,g248_phi_2,1,10,0.6289199773125238,0,0.635986111800833
output,g249_phi_1,1,10,0.347193361847937,0,0.41455555622921497
output,g249_Phi,1,10,0.4085621736929057,0,0.43519115968517735
output,g249_phi_2,1,10,0.688802331018801,0,0.7111996352319786
output,g250_phi_1,1,10,0.11257148986497935,0,0.18985511378961425
output,g250_Phi,1,10,0.37346372163236896,0,0.38701588736157044
output,g250_phi_2,1,10,0.5126577188325977,0,0.5186192106290762
output,g251_phi_1,1,10,0.7541341940961901,0,0.7925247593540133
output,g251_Phi,1,10,0.45700334040388324,0,0.4608076684512296
output,g251_phi_2,1,10,0.3218468826928883,0,0.4208300620261138
output,g252_phi_1,1,10,0.2319535691989811,0,0.26948959442453435
output,g252_Phi,1,10,0.23368129772634527,0,0.2558270827032344
output,g252_phi_2,1,10,0.534038804539547,0,0.5473315728356721
output,g253_phi_1,1,10,0.2851971228109693,0,0.3542621445044834
output,g253_Phi,1,10,0.4501566954065955,0,0.48111284084151745
output,g253_phi_2,1,10,0.6060479914251541,0,0.647148152870779
output,g254_phi_1,1,10,0.30165926655152103,0,0.3081373786380386
output,g254_Phi,1,10,0.2724914006885679,0,0.292233912909475
output,g254_phi_2,1,10,0.6722179653315186,0,0.677825869543697
output,g255_phi_1,1,10,-0.0020154528333023954,0,0.05103669514121313
output,g255_Phi,1,10,0.4105747965423278,0,0.4262183798325782
output,g255_phi_2,1,10,0.6131544377592651,0,0.6309259600101224
output,g256_phi_1,1,10,0.2612390711825857,0,0.2924554465206361
output,g256_Phi,1,10,0.31350867404607335,0,0.3327817198629149
output,g256_phi_2,1,10,0.6836862959179951,0,0.6878498816559484
output,g257_phi_1,1,10,0.19393119117494673,0,0.2279124017517481
output,g257_Phi,1,10,0.22564521297545334,0,0.2569581525609318
output,g257_phi_2,1,10,0.5962231115498403,0,0.6010926094938972
output,g258_phi_1,1,10,0.184975190698261,0,0.23342765066744545
output,g258_Phi,1,10,0.2789364233010995,0,0.303649561060314
output,g258_phi_2,1,10,0.5171166880858942,0,0.5325505566342319
output,g259_phi_1,1,10,-0.005260638540854768,0,0.0659156681885919
output,g259_Phi,1,10,0.4337698339248657,0,0.4487681367839691
output,g259_phi_2,1,10,0.5490032620257878,0,0.5765831975521727
output,g260_phi_1,1,10,0.4189969311557482,0,0.4549819839843597
output,g260_Phi,1,10,0.4102034170894535,0,0.4286368592686089
output,g260_phi_2,1,10,0.6603246438894604,0,0.674640723976912
output,g261_phi_1,1,10,-0.09906510896733864,0,0.020154031638332955
output,g261_Phi,1,10,0.44473162508875075,0,0.45366991506522675
output,g261_phi_2,1,10,0.5495304747360121,0,0.595969939582976
output,g262_phi_1,1,10,0.12463462401913918,0,0.17117043490162082
output,g262_Phi,1,10,0.3712895730645561,0,0.38959130745519654
output,g262_phi_2,1,10,0.5759033790343543,0,0.5940940775801172
output,g263_phi_1,1,10,0.03494914667637213,0,0.09247501292597991
output,g263_Phi,1,10,0.2302700574112046,0,0.2454386340357673
output,g263_phi_2,1,10,0.557976131055834,0,0.5740660098966028
output,g264_phi_1,1,10,0.02110656843212182,0,0.1033247070614449
output,g264_Phi,1,10,0.42841019199733454,0,0.4528746437559498
output,g264_phi_2,1,10,0.5497142356794612,0,0.5776870735538959
output,g265_phi_1,1,10,0.23016781634619157,0,0.2646053443916627
output,g265_Phi,1,10,0.23335152765327438,0,0.2664668954402414
output,g265_phi_2,1,10,0.6107559527785901,0,0.6141164711817829
output,g266_phi_1,1,10,0.20046744995015875,0,0.2360331471176359
output,g266_Phi,1,10,0.24880670412871952,0,0.2573425265051757
output,g266_phi_2,1,10,0.6277446747227758,0,0.6391875599357538
output,g268_phi_1,1,10,-0.16162952623970656,0,-0.016008571993838313
output,g268_Phi,1,10,0.3890951733541858,0,0.4053975912649966
output,g268_phi_2,1,10,0.42462032827065455,0,0.4437478744709061
output,g269_phi_1,1,10,0.25295006918427476,0,0.2930087866585648
output,g269_Phi,1,10,0.3016375827268716,0,0.32399420218197394
output,g269_phi_2,1,10,0.6376798168272204,0,0.6431465884438928
output,g270_phi_1,1,10,-2.315531669079363,0,0.7976206511255287
output,g270_Phi,1,10,0.43711609304807864,0,0.44694082979635485
output,g270_phi_2,1,10,0.4258438546567164,0,0.5002776512378407
output,g271_phi_1,1,10,-0.009887676865122435,0,0.04898530257071102
output,g271_Phi,1,10,0.27348740969718366,0,0.29760733238223974
output,g271_phi_2,1,10,0.6293382302958881,0,0.6340235935670838
output,g272_phi_1,1,10,-0.0629286678464969,0,-0.004364805402450088
output,g272_Phi,1,10,0.35270335904754807,0,0.36951270942573555
output,g272_phi_2,1,10,0.4702340321876007,0,0.48111284084151745
output,g273_phi_1,1,10,0.20420140523815308,0,0.23704079137919076
output,g273_Phi,1,10,0.3794868137172737,0,0.3907055412263708
output,g273_phi_2,1,10,0.6502006366173754,0,0.6614813978436157
output,g274_phi_1,1,10,-0.041030200582094015,0,0.005352136486216612
output,g274_Phi,1,10,0.308414999096672,0,0.3204993964058662
output,g274_phi_2,1,10,0.4518938449043605,0,0.4566089271409131
output,g275_phi_1,1,10,-0.16500104605046467,0,-0.06159036341368696
output,g275_Phi,1,10,0.29380435991933673,0,0.3072178292031425
output,g275_phi_2,1,10,0.4345848704495937,0,0.4456353343787256
output,g276_phi_1,1,10,0.18763350995069347,0,0.23441603756703558
output,g276_Phi,1,10,0.23271664977816817,0,0.2572464649073713
output,g276_phi_2,1,10,0.5963111367808289,0,0.5986373280462209
output,g277_phi_1,1,10,-0.09082387712406337,0,-0.013434268667874854
output,g277_Phi,1,10,0.38219721037745363,0,0.39846084960822326
output,g277_phi_2,1,10,0.4344092075875001,0,0.4511414207927631
output,g278_phi_1,1,10,0.10826050497647347,0,0.151982395457474
output,g278_Phi,1,10,0.18898469947278268,0,0.2016974757392276
output,g278_phi_2,1,10,0.5826655004662354,0,0.5851673406509924
output,g279_phi_1,1,10,0.44304382864834024,0,0.4697189508217007
output,g279_Phi,1,10,0.41064228597244085,0,0.4193939399274221
output,g279_phi_2,1,10,0.6610171701052727,0,0.6711635826060858
output,g280_phi_1,1,10,0.009068276192218502,0,0.09166695759568456
output,g280_Phi,1,10,0.32257072423127603,0,0.34338889746235396
output,g280_phi_2,1,10,0.5524005011606835,0,0.5611968224983365
output,g281_phi_1,1,10,-0.06768354335276106,0,0.07707706684576103
output,g281_Phi,1,10,0.43181391025293736,0,0.451556183076428
output,g281_phi_2,1,10,0.5482173862503347,0,0.5774458403174296
output,g282_phi_1,1,10,0.29380435991933673,0,0.3218261837685033
output,g282_Phi,1,10,0.28818213061365755,0,0.32099741679422084
output,g282_phi_2,1,10,0.6510064950884539,0,0.6592314328752283
output,g283_phi_1,1,10,0.0004774613744552315,0,0.03622954408629452
output,g283_Phi,1,10,0.27982658179401454,0,0.29668712377240175
output,g283_phi_2,1,10,0.6256827812069691,0,0.6319609613680703
output,g284_phi_1,1,10,0.24345972997094972,0,0.28110157568415334
output,g284_Phi,1,10,0.20463540138384767,0,0.21913900185980073
output,g284_phi_2,1,10,0.5370505324219449,0,0.542924967294684
output,g285_phi_1,1,10,0.17690118639134697,0,0.24568536423323584
output,g285_Phi,1,10,0.3937506403480803,0,0.40181395773984824
output,g285_phi_2,1,10,0.5926762974007322,0,0.6020599913279623
output,g286_phi_1,1,10,0.3128540912582897,0,0.3622562207830963
output,g286_Phi,1,10,0.40749287946010226,0,0.42411359546803473
output,g286_phi_2,1,10,0.6873059601920691,0,0.6946315190136897
output,g287_phi_1,1,10,0.322405381067654,0,0.3737944167147316
output,g287_Phi,1,10,0.37670467194697893,0,0.3962167882909718
output,g287_phi_2,1,10,0.5597151582714536,0,0.5726741507390642
output,g288_phi_1,1,10,-0.019051759081623678,0,0.14166921696620913
output,g288_Phi,1,10,0.4723760923511584,0,0.4900146951367638
output,g288_phi_2,1,10,0.5149592741087233,0,0.5576154612738078
output,g289_phi_1,1,10,0.13595909212455698,0,0.18255730130491293
output,g289_Phi,1,10,0.1509098737011218,0,0.17440873207312224
output,g289_phi_2,1,10,0.6263814334695273,0,0.632295287340207
output,g291_phi_1,1,10,-1.603783211709028,0,0.7970666245071675
output,g291_Phi,1,10,0.47284417671512763,0,0.4785087782063036
output,g291_phi_2,1,10,0.49485002168009395,0,0.5583244940262377
output,g292_phi_1,1,10,0.19774906762261246,0,0.22613572247364505
output,g292_Phi,1,10,0.21927008588539618,0,0.24895361549570758
output,g292_phi_2,1,10,0.6268534146667257,0,0.6339731557896735
output,g293_phi_1,1,10,-0.16725484426831239,0,-0.12239256348913312
output,g293_Phi,1,10,0.2947527219101778,0,0.3059529449605069
output,g293_phi_2,1,10,0.43646479814161837,0,0.4445288113171352
output,g294_phi_1,1,10,-0.3240659266265052,0,-0.09393445524476315
output,g294_Phi,1,10,0.341315794596473,0,0.3579157985791299
output,g294_phi_2,1,10,0.5870820734374975,0,0.5989764368865172
output,g295_phi_1,1,10,0.41562430160041297,0,0.46938013584992516
output,g295_Phi,1,10,0.41205714669015603,0,0.41960883490810286
output,g295_phi_2,1,10,0.6563378127675462,0,0.6637951222194075
output,g299_phi_1,1,10,0.2867258553538233,0,0.3335278785210915
output,g299_Phi,1,10,0.3087564423706328,0,0.3304543597219976
output,g299_phi_2,1,10,0.535559933260435,0,0.5396907050156783
output,g300_phi_1,1,10,0.1074813189112433,0,0.1589050211875437
output,g300_Phi,1,10,0.4487372294443907,0,0.46834733041215726
output,g300_phi_2,1,10,0.5381714230028165,0,0.5513157851214807
output,g302_phi_1,1,10,0.03249788285711036,0,0.07499918606419903
output,g302_Phi,1,10,0.3327009772213803,0,0.3604608710501781
output,g302_phi_2,1,10,0.5483894181329182,0,0.5607552418991306
output,g303_phi_1,1,10,0.4032749858116863,0,0.42180128860097277
output,g303_Phi,1,10,0.30094312808055257,0,0.31641071072580934
output,g303_phi_2,1,10,0.6432157239576741,0,0.6604575427483477
output,g304_phi_1,1,10,0.1689392138359783,0,0.18565545892021568
output,g304_Phi,1,10,0.2239888825700919,0,0.24378191609379488
output,g304_phi_2,1,10,0.6456089169086248,0,0.6529228875679418
output,g306_phi_1,1,10,0.2009325358991928,0,0.23065324717922156
output,g306_Phi,1,10,0.4122084658816805,0,0.42035188212795827
output,g306_phi_2,1,10,0.554222565542425,0,0.5732314298042585
output,g308_phi_1,1,10,0.1647691030091983,0,0.2130393712509595
output,g308_Phi,1,10,0.23837232902832514,0,0.26299658160149403
output,g308_phi_2,1,10,0.5985607184228049,0,0.6055743760609991
output,g309_phi_1,1,10,0.2839566994348187,0,0.31889771462748684
output,g309_Phi,1,10,0.3549531462125562,0,0.3703280077795104
output,g309_phi_2,1,10,0.6096797658453657,0,0.6178492175638451
output,g312_phi_1,1,10,0.402158171502738,0,0.4526143350238778
output,g312_Phi,1,10,0.365150901493603,0,0.3774155396185142
output,g312_phi_2,1,10,0.6881616604517158,0,0.70121384321393
output,g313_phi_1,1,10,-0.5406829171340748,0,-0.3036523496741351
output,g313_Phi,1,10,0.39201068319549925,0,0.40380661054742245
output,g313_phi_2,1,10,0.462397997898956,0,0.4786530572953364
output,g315_phi_1,1,10,0.34409740359440993,0,0.4376237429970591
output,g315_Phi,1,10,0.3335681749239878,0,0.351583744241734
output,g315_phi_2,1,10,0.7099310780181243,0,0.7215715638550917
