1.2313,1.9876,4.2326,7,1
1.2313,1.9876,4.2326,7,1
1.232,1.9876,4.2333,7,1
1.232,1.9876,4.2333,7,1
1.232,1.9876,4.2333,7,1
1.232,1.9876,4.2333,7,1
1.232,1.9876,4.2333,7,1
1.2313,1.9876,4.2326,7,1
1.2313,1.9876,4.2326,7,1
1.2313,1.9876,4.2326,7,1
1.232,1.9876,4.2333,7,1
1.232,1.9876,4.2333,7,1
1.232,1.9876,4.2333,7,1
1.2313,1.9876,4.2326,7,1
1.2313,1.9876,4.2326,7,1
1.232,1.9876,4.2333,7,1
1.232,1.9876,4.2333,7,1
1.232,1.9876,4.2333,7,1
1.232,1.9876,4.2333,7,1
2.8897,2.8359,4.5068,16,2
2.8897,2.8359,4.5068,16,2
2.889,2.8357,4.5059,16,2
2.889,2.8357,4.5059,16,2
2.889,2.8357,4.5059,16,2
2.889,2.8357,4.5059,16,2
2.8897,2.8359,4.5068,16,2
2.8905,2.8357,4.5086,16,2
2.8891,2.8358,4.5067,16,2
2.8905,2.8357,4.5086,16,2
2.8897,2.8359,4.5068,16,2
2.889,2.8357,4.5059,16,2
2.889,2.8357,4.5059,16,2
2.8891,2.8358,4.5067,16,2
2.4833,2.0496,4.4429,21,3
2.4833,2.0496,4.4429,21,3
2.4836,2.0496,4.4433,21,3
2.4836,2.0496,4.4433,21,3
2.4824,2.0491,4.4444,21,3
2.4836,2.0496,4.4433,21,3
2.4836,2.0496,4.4433,21,3
2.4824,2.0491,4.4444,21,3
2.4854,2.0503,4.4486,21,3
2.4854,2.0503,4.4486,21,3
2.4854,2.0503,4.4486,21,3
2.4854,2.0503,4.4486,21,3
2.4833,2.0496,4.4429,21,3
2.4839,2.0496,4.4431,21,3
2.4824,2.0491,4.4444,21,3
2.4824,2.0491,4.4444,21,3
2.4854,2.0503,4.4486,21,3
2.4833,2.0496,4.4429,21,3
2.4823,2.0494,4.4443,21,3
2.4833,2.0496,4.4429,21,3
2.4839,2.0496,4.4431,21,3
2.4839,2.0496,4.4431,21,3
2.4854,2.0503,4.4486,21,3
2.4854,2.0503,4.4486,21,3
2.4854,2.0503,4.4486,21,3
2.4854,2.0503,4.4486,21,3
2.4854,2.0503,4.4486,21,3
2.4836,2.0496,4.4433,21,3
2.4836,2.0496,4.4433,21,3
2.4836,2.0496,4.4433,21,3
2.4839,2.0496,4.4431,21,3
2.4839,2.0496,4.4431,21,3
1.4734,1.6764,3.9063,22,4
1.4736,1.6766,3.9057,22,4
1.4736,1.6766,3.9057,22,4
1.4741,1.677,3.9049,22,4
1.4741,1.677,3.9049,22,4
1.4741,1.677,3.9049,22,4
1.4741,1.677,3.9049,22,4
1.4741,1.677,3.9049,22,4
1.4741,1.677,3.9049,22,4
1.4734,1.6764,3.9063,22,4
1.4729,1.678,3.9033,22,4
1.4729,1.678,3.9033,22,4
1.4729,1.678,3.9033,22,4
1.4741,1.677,3.9049,22,4
1.4741,1.677,3.9049,22,4
1.4734,1.6764,3.9063,22,4
1.4734,1.6764,3.9063,22,4
1.4734,1.6764,3.9063,22,4
1.4734,1.6764,3.9063,22,4
1.4736,1.6766,3.9057,22,4
1.4741,1.677,3.9049,22,4
1.4741,1.677,3.9049,22,4
1.4741,1.677,3.9049,22,4
1.787,1.6719,3.3867,27,5
1.7866,1.6721,3.3867,27,5
1.7867,1.6723,3.3864,27,5
1.7863,1.6723,3.3867,27,5
1.7864,1.6726,3.3866,27,5
1.7867,1.6723,3.3864,27,5
1.7863,1.6723,3.3867,27,5
1.7862,1.672,3.3869,27,5
1.7867,1.672,3.3869,27,5
1.7867,1.672,3.3869,27,5
1.7862,1.672,3.3869,27,5
1.7867,1.672,3.3869,27,5
1.7871,1.6722,3.3872,27,5
1.7871,1.6722,3.3872,27,5
1.7863,1.6723,3.3867,27,5
1.7871,1.6722,3.3872,27,5
1.7863,1.6723,3.3867,27,5
1.7871,1.6722,3.3872,27,5
1.7866,1.6721,3.3867,27,5
1.7866,1.6724,3.3869,27,5
1.7872,1.6721,3.3872,27,5
1.7871,1.6722,3.3872,27,5
1.7871,1.6722,3.3872,27,5
1.7871,1.6722,3.3872,27,5
1.7864,1.6726,3.3866,27,5
1.7862,1.672,3.3869,27,5
1.7872,1.6723,3.3867,27,5
1.7872,1.6723,3.3867,27,5
1.7862,1.672,3.3869,27,5
1.7862,1.672,3.3869,27,5
1.7862,1.672,3.3869,27,5
1.7867,1.672,3.3869,27,5
1.7867,1.672,3.3869,27,5
1.7867,1.672,3.3869,27,5
1.7867,1.672,3.3869,27,5
1.7871,1.6722,3.3872,27,5
1.7872,1.6721,3.3872,27,5
1.7871,1.6722,3.3872,27,5
1.7871,1.6722,3.3872,27,5
1.7871,1.6722,3.3872,27,5
1.787,1.671,3.3874,27,5
1.7868,1.6714,3.3869,27,5
1.7859,1.6724,3.3861,27,5
1.7859,1.6724,3.3861,27,5
1.7872,1.6721,3.3872,27,5
1.7871,1.6722,3.3872,27,5
1.7865,1.6679,3.3899,29,6
1.7865,1.6679,3.3899,29,6
1.7865,1.668,3.3899,29,6
1.7864,1.668,3.3899,29,6
1.7864,1.6681,3.3899,29,6
1.7864,1.668,3.3899,29,6
1.7864,1.668,3.3899,29,6
1.7871,1.669,3.389,29,6
1.7871,1.669,3.389,29,6
1.7871,1.669,3.389,29,6
1.7871,1.669,3.389,29,6
1.7874,1.6695,3.3887,29,6
1.7874,1.6695,3.3887,29,6
1.7867,1.6682,3.3897,29,6
1.7878,1.6702,3.3887,29,6
1.7878,1.6702,3.3887,29,6
1.7871,1.669,3.389,29,6
1.7871,1.669,3.389,29,6
1.7866,1.6679,3.3899,29,6
1.7865,1.668,3.3899,29,6
1.7865,1.668,3.3899,29,6
1.7864,1.668,3.3899,29,6
1.7878,1.6702,3.3887,29,6
1.7871,1.669,3.389,29,6
1.7878,1.6702,3.3887,29,6
1.7878,1.6702,3.3887,29,6
1.7864,1.668,3.3899,29,6
1.7864,1.668,3.3899,29,6
1.7871,1.669,3.389,29,6
1.7871,1.669,3.389,29,6
1.7871,1.669,3.389,29,6
0.39602,2.1314,3.2067,31,7
0.39477,2.132,3.2058,31,7
0.39477,2.132,3.2058,31,7
0.39536,2.1324,3.2058,31,7
0.39547,2.1317,3.2056,31,7
0.39539,2.1322,3.2056,31,7
0.3961,2.1317,3.2059,31,7
0.39539,2.1322,3.2056,31,7
0.3961,2.1317,3.2059,31,7
0.39628,2.1309,3.2068,31,7
0.39643,2.1317,3.206,31,7
0.39696,2.1316,3.2065,31,7
0.39634,2.1317,3.2062,31,7
0.39634,2.1317,3.2062,31,7
0.39696,2.1316,3.2065,31,7
0.3973,2.1315,3.2066,31,7
0.39696,2.1316,3.2065,31,7
0.3973,2.1315,3.2066,31,7
0.39696,2.1316,3.2065,31,7
0.3973,2.1315,3.2066,31,7
0.3961,2.1317,3.2059,31,7
0.39649,2.1314,3.2064,31,7
0.3961,2.1317,3.2059,31,7
0.39547,2.1317,3.2056,31,7
0.39477,2.132,3.2058,31,7
0.39602,2.1314,3.2067,31,7
0.39602,2.1314,3.2067,31,7
0.39536,2.1324,3.2058,31,7
0.39539,2.1322,3.2056,31,7
0.39539,2.1322,3.2056,31,7
0.39628,2.1309,3.2068,31,7
0.39602,2.1314,3.2067,31,7
0.39578,2.1315,3.2066,31,7
0.39578,2.1315,3.2066,31,7
0.39628,2.1309,3.2068,31,7
0.39634,2.1317,3.2062,31,7
0.39628,2.1309,3.2068,31,7
0.39634,2.1317,3.2062,31,7
0.39634,2.1317,3.2062,31,7
0.3973,2.1315,3.2066,31,7
0.39477,2.132,3.2058,31,7
0.39561,2.1313,3.2057,31,7
0.39561,2.1313,3.2057,31,7
0.39695,2.1315,3.207,31,7
0.39695,2.1315,3.207,31,7
0.3973,2.1315,3.2066,31,7
0.3973,2.1315,3.2066,31,7
0.3973,2.1315,3.2066,31,7
0.39602,2.1314,3.2067,31,7
3.0068,2.8419,5.8129,35,8
3.0068,2.8419,5.8129,35,8
3.0068,2.8419,5.8129,35,8
3.0068,2.8419,5.8129,35,8
3.0068,2.8419,5.8129,35,8
3.0068,2.8419,5.8129,35,8
3.0068,2.8419,5.8129,35,8
3.0068,2.8419,5.8129,35,8
3.0068,2.8419,5.8129,35,8
3.0055,2.8412,5.8117,35,8
3.0055,2.8412,5.8117,35,8
3.0068,2.8419,5.8129,35,8
3.0068,2.8419,5.8129,35,8
3.0068,2.8419,5.8129,35,8
3.0068,2.8419,5.8129,35,8
3.0068,2.8419,5.8129,35,8
3.0068,2.8419,5.8129,35,8
3.0068,2.8419,5.8129,35,8
3.0068,2.8419,5.8129,35,8
3.0068,2.8419,5.8129,35,8
3.0068,2.8419,5.8129,35,8
3.0068,2.8419,5.8129,35,8
3.0068,2.8419,5.8129,35,8
1.0042,2.7152,2.8755,37,9
1.0067,2.7149,2.8784,37,9
1.0033,2.7145,2.874,37,9
1.0043,2.7145,2.8752,37,9
1.0033,2.7145,2.874,37,9
1.0033,2.7145,2.874,37,9
1.0043,2.7145,2.8752,37,9
1.0043,2.7145,2.8752,37,9
1.0085,2.715,2.8801,37,9
1.0067,2.7149,2.8784,37,9
1.0085,2.715,2.8801,37,9
1.0038,2.7153,2.8751,37,9
1.0031,2.7144,2.8738,37,9
1.0031,2.7144,2.8738,37,9
1.0043,2.7145,2.8752,37,9
1.0085,2.715,2.8801,37,9
1.0085,2.715,2.8801,37,9
1.0085,2.715,2.8801,37,9
1.0042,2.7152,2.8755,37,9
1.0086,2.7171,2.8823,37,9
1.0086,2.7171,2.8823,37,9
1.0093,2.7177,2.8832,37,9
1.8139,2.588,3.9958,38,10
1.8142,2.588,3.9961,38,10
1.814,2.5883,3.9961,38,10
1.8157,2.5869,3.9987,38,10
1.8158,2.5882,3.9982,38,10
1.8155,2.5883,3.9982,38,10
1.8156,2.5883,3.9975,38,10
1.8175,2.5892,3.9995,38,10
1.8173,2.5887,3.9996,38,10
1.8168,2.5893,3.9986,38,10
1.8175,2.5892,3.9995,38,10
1.8173,2.5887,3.9996,38,10
1.8168,2.5893,3.9986,38,10
1.8168,2.5893,3.9986,38,10
1.8175,2.5904,4.0007,38,10
1.8168,2.5893,3.9986,38,10
1.8147,2.591,3.9985,38,10
1.8175,2.5904,4.0007,38,10
1.8179,2.5908,4.001,38,10
1.8182,2.5905,4.0014,38,10
1.8182,2.5905,4.0014,38,10
1.82,2.5893,4.0035,38,10
1.8175,2.5904,4.0007,38,10
1.8201,2.589,4.0034,38,10
1.8175,2.5904,4.0007,38,10
1.8201,2.589,4.0034,38,10
1.8173,2.5887,3.9996,38,10
1.8173,2.5887,3.9996,38,10
1.8173,2.5887,3.9996,38,10
1.8148,2.5893,3.9986,38,10
1.8155,2.5883,3.9982,38,10
1.8148,2.5893,3.9986,38,10
1.814,2.5883,3.9961,38,10
1.8135,2.5892,3.9969,38,10
1.8142,2.5895,3.9981,38,10
1.8152,2.5895,3.9994,38,10
1.8152,2.5895,3.9994,38,10
1.8152,2.5895,3.9994,38,10
1.8201,2.589,4.0034,38,10
1.8201,2.589,4.0034,38,10
1.82,2.5893,4.0035,38,10
1.8157,2.5869,3.9987,38,10
1.8158,2.5879,3.9975,38,10
1.8156,2.5865,3.9997,38,10
1.8156,2.5865,3.9997,38,10
1.8189,2.5893,3.999,38,10
1.8189,2.5893,3.999,38,10
1.8168,2.5893,3.9986,38,10
1.8168,2.5893,3.9986,38,10
1.8179,2.5908,4.001,38,10
1.8179,2.5908,4.001,38,10
1.8139,2.588,3.9958,38,10
1.8139,2.588,3.9958,38,10
1.8139,2.588,3.9958,38,10
1.8135,2.5892,3.9969,38,10
1.8135,2.5892,3.9969,38,10
1.8142,2.5895,3.9981,38,10
1.8142,2.5895,3.9981,38,10
1.8152,2.5895,3.9994,38,10
1.8152,2.5895,3.9994,38,10
1.8152,2.5895,3.9994,38,10
1.8201,2.589,4.0034,38,10
1.8201,2.589,4.0034,38,10
1.82,2.5893,4.0035,38,10
1.8179,2.5908,4.001,38,10
1.8182,2.5905,4.0014,38,10
1.8182,2.5905,4.0014,38,10
1.82,2.5893,4.0035,38,10
1.82,2.5893,4.0035,38,10
1.0702,2.4484,3.0552,40,11
1.0702,2.4484,3.0552,40,11
1.0702,2.4484,3.0552,40,11
1.0702,2.4484,3.0552,40,11
1.0702,2.4484,3.0552,40,11
1.0702,2.4484,3.0552,40,11
1.0702,2.4484,3.0552,40,11
1.0702,2.4484,3.0552,40,11
1.0702,2.4484,3.0552,40,11
1.0702,2.4484,3.0552,40,11
1.0702,2.4484,3.0552,40,11
1.0702,2.4484,3.0552,40,11
1.0702,2.4484,3.0552,40,11
1.0702,2.4484,3.0552,40,11
1.0702,2.4484,3.0552,40,11
1.0702,2.4484,3.0552,40,11
1.8984,1.9133,4.4933,41,12
1.8984,1.9133,4.4933,41,12
1.8984,1.9133,4.4933,41,12
1.8984,1.9133,4.4933,41,12
1.8984,1.9133,4.4933,41,12
1.8984,1.9133,4.4933,41,12
1.8984,1.9135,4.4935,41,12
1.8984,1.9135,4.4935,41,12
1.8984,1.9133,4.4933,41,12
1.8984,1.9133,4.4933,41,12
1.8981,1.9133,4.4931,41,12
1.8981,1.9133,4.4931,41,12
1.8984,1.9133,4.4933,41,12
1.8984,1.9133,4.4933,41,12
1.8984,1.9133,4.4933,41,12
1.8984,1.9133,4.4933,41,12
2.5436,2.2958,4.2871,46,13
2.5436,2.2958,4.2871,46,13
2.5419,2.2976,4.2883,46,13
2.5419,2.2976,4.2883,46,13
2.5419,2.2976,4.2883,46,13
2.5419,2.2976,4.2883,46,13
2.5436,2.2957,4.2869,46,13
2.5419,2.2976,4.2883,46,13
2.5419,2.2976,4.2883,46,13
2.5436,2.2958,4.2871,46,13
2.5419,2.2976,4.2883,46,13
2.5436,2.2958,4.2871,46,13
2.5443,2.2959,4.2862,46,13
2.5419,2.2976,4.2883,46,13
2.5419,2.2976,4.2883,46,13
2.5419,2.2976,4.2883,46,13
1.8961,1.9164,4.4927,49,14
1.8966,1.9165,4.4928,49,14
1.8961,1.9164,4.4927,49,14
1.8966,1.9165,4.4928,49,14
1.8955,1.9171,4.4917,49,14
1.8967,1.9169,4.4923,49,14
1.8967,1.9169,4.4923,49,14
1.897,1.9168,4.4929,49,14
1.8966,1.9165,4.4928,49,14
1.8974,1.9162,4.4933,49,14
1.8966,1.9165,4.4928,49,14
1.8974,1.9162,4.4933,49,14
1.896,1.916,4.4929,49,14
1.896,1.916,4.4929,49,14
1.8955,1.9171,4.4917,49,14
1.8974,1.9162,4.4933,49,14
1.8974,1.9162,4.4933,49,14
1.897,1.9168,4.4929,49,14
1.8966,1.9161,4.4931,49,14
1.8965,1.9161,4.4931,49,14
1.8965,1.9161,4.4931,49,14
1.8974,1.9156,4.4936,49,14
1.8955,1.9171,4.4917,49,14
1.8967,1.9169,4.4923,49,14
1.897,1.9168,4.4929,49,14
1.897,1.9168,4.4929,49,14
1.9467,2.6012,4.8906,56,15
1.9492,2.6009,4.8947,56,15
1.9467,2.6015,4.8907,56,15
1.9486,2.6014,4.8948,56,15
1.9467,2.6015,4.8907,56,15
1.9486,2.6014,4.8948,56,15
1.9488,2.6022,4.8964,56,15
1.9478,2.6018,4.8943,56,15
1.9488,2.6022,4.8964,56,15
1.9488,2.6022,4.8964,56,15
1.9488,2.6022,4.8964,56,15
1.9509,2.6039,4.8992,56,15
1.9509,2.6039,4.8992,56,15
1.9506,2.6038,4.8986,56,15
1.9509,2.6039,4.8992,56,15
1.9509,2.6039,4.8992,56,15
1.9506,2.6038,4.8986,56,15
1.9504,2.6036,4.8984,56,15
1.9503,2.6036,4.8981,56,15
1.9488,2.6022,4.8964,56,15
1.9495,2.6026,4.8973,56,15
1.9492,2.6018,4.8962,56,15
1.9487,2.6023,4.8969,56,15
1.9492,2.6016,4.896,56,15
1.9492,2.6016,4.896,56,15
1.9492,2.6018,4.8962,56,15
1.9506,2.6038,4.8986,56,15
1.9509,2.6039,4.8992,56,15
1.9509,2.6039,4.8992,56,15
1.9509,2.6039,4.8992,56,15
1.9509,2.6039,4.8992,56,15
1.945,2.6012,4.8878,56,15
1.945,2.6012,4.8878,56,15
1.9467,2.6015,4.8907,56,15
1.9455,2.6017,4.8897,56,15
1.9455,2.6017,4.8897,56,15
1.9478,2.6018,4.8943,56,15
1.9478,2.6018,4.8943,56,15
1.9509,2.6039,4.8992,56,15
1.9509,2.6039,4.8992,56,15
1.9509,2.6039,4.8992,56,15
1.9509,2.6039,4.8992,56,15
1.9509,2.6039,4.8992,56,15
1.9487,2.6023,4.8969,56,15
1.9502,2.6029,4.8982,56,15
1.9502,2.6029,4.8982,56,15
1.9503,2.6036,4.8981,56,15
1.9506,2.6038,4.8986,56,15
1.9506,2.6038,4.8986,56,15
1.9506,2.6038,4.8986,56,15
1.9509,2.6039,4.8992,56,15
1.9509,2.6039,4.8992,56,15
1.9463,2.6006,4.8901,56,15
1.9463,2.6006,4.8901,56,15
1.9463,2.6006,4.8901,56,15
1.9487,2.6023,4.8969,56,15
1.9487,2.6023,4.8969,56,15
1.9509,2.6039,4.8992,56,15
1.9509,2.6039,4.8992,56,15
1.6825,2.2303,4.2889,59,16
1.6825,2.2303,4.2889,59,16
1.6826,2.23,4.2881,59,16
1.6826,2.23,4.2881,59,16
1.6826,2.23,4.2881,59,16
1.6826,2.23,4.2881,59,16
1.6826,2.23,4.2881,59,16
1.6826,2.23,4.2881,59,16
1.6826,2.23,4.2881,59,16
1.6826,2.23,4.2881,59,16
1.6826,2.23,4.2881,59,16
1.6826,2.23,4.2881,59,16
1.6826,2.23,4.2881,59,16
1.682,2.2313,4.2882,59,16
1.682,2.2313,4.2882,59,16
1.6826,2.23,4.2881,59,16
1.6826,2.23,4.2881,59,16
1.6826,2.23,4.2881,59,16
1.6826,2.23,4.2881,59,16
1.6826,2.23,4.2881,59,16
1.6826,2.23,4.2881,59,16
1.6826,2.23,4.2881,59,16
1.6826,2.23,4.2881,59,16
1.6826,2.23,4.2881,59,16
1.6825,2.2303,4.2889,59,16
1.6825,2.2303,4.2889,59,16
1.6825,2.2303,4.2889,59,16
1.6826,2.23,4.2881,59,16
1.6826,2.23,4.2881,59,16
0.499,2.4702,2.4722,61,17
0.499,2.4702,2.4722,61,17
0.50081,2.4712,2.4737,61,17
0.50081,2.4712,2.4737,61,17
0.50081,2.4712,2.4737,61,17
0.50081,2.4712,2.4737,61,17
0.50047,2.4702,2.4732,61,17
0.5006,2.4705,2.4737,61,17
0.5006,2.4705,2.4737,61,17
0.499,2.4702,2.4722,61,17
0.499,2.4702,2.4722,61,17
0.49805,2.4697,2.4712,61,17
0.50081,2.4712,2.4737,61,17
0.50081,2.4712,2.4737,61,17
0.49805,2.4697,2.4712,61,17
0.50081,2.4712,2.4737,61,17
0.39543,2.3726,3.4427,64,18
0.39543,2.3726,3.4427,64,18
0.39444,2.373,3.4419,64,18
0.39161,2.373,3.4391,64,18
0.39283,2.3736,3.4409,64,18
0.39347,2.3747,3.4415,64,18
0.39097,2.3767,3.4393,64,18
0.39369,2.3747,3.4417,64,18
0.39097,2.3767,3.4393,64,18
0.39472,2.3739,3.4411,64,18
0.39097,2.3767,3.4393,64,18
0.39535,2.3735,3.4409,64,18
0.39474,2.3731,3.4406,64,18
0.39558,2.3729,3.4405,64,18
0.39614,2.3712,3.4407,64,18
0.39558,2.3729,3.4405,64,18
0.39668,2.3704,3.4405,64,18
0.39558,2.3729,3.4405,64,18
0.39482,2.3703,3.4391,64,18
0.39558,2.3729,3.4405,64,18
0.39137,2.3701,3.4388,64,18
0.39558,2.3729,3.4405,64,18
0.39137,2.3701,3.4388,64,18
0.39558,2.3729,3.4405,64,18
0.39408,2.372,3.4404,64,18
0.39535,2.3735,3.4409,64,18
0.3952,2.3732,3.4408,64,18
0.39472,2.3739,3.4411,64,18
0.39543,2.3736,3.4413,64,18
0.39369,2.3747,3.4417,64,18
0.39355,2.375,3.4414,64,18
0.39347,2.3747,3.4415,64,18
0.39365,2.3751,3.4415,64,18
0.39161,2.373,3.4391,64,18
0.39365,2.3751,3.4415,64,18
0.39161,2.373,3.4391,64,18
0.39365,2.3751,3.4415,64,18
0.39365,2.3751,3.4415,64,18
0.39365,2.3751,3.4415,64,18
0.39137,2.3701,3.4388,64,18
0.39137,2.3701,3.4388,64,18
0.39266,2.3699,3.4376,64,18
0.39482,2.3703,3.4391,64,18
0.39515,2.371,3.44,64,18
0.39097,2.3767,3.4393,64,18
0.39585,2.3718,3.4426,64,18
0.39585,2.3718,3.4426,64,18
0.39283,2.3736,3.4409,64,18
0.39097,2.3767,3.4393,64,18
0.39097,2.3767,3.4393,64,18
0.39097,2.3767,3.4393,64,18
0.39365,2.3751,3.4415,64,18
0.39365,2.3751,3.4415,64,18
0.39365,2.3751,3.4415,64,18
0.39365,2.3751,3.4415,64,18
0.39543,2.3736,3.4413,64,18
0.3952,2.3732,3.4408,64,18
0.39355,2.375,3.4414,64,18
0.39365,2.3751,3.4415,64,18
0.3952,2.3732,3.4408,64,18
0.39408,2.372,3.4404,64,18
0.39137,2.3701,3.4388,64,18
0.39137,2.3701,3.4388,64,18
0.39543,2.3726,3.4427,64,18
0.39543,2.3726,3.4427,64,18
0.39543,2.3726,3.4427,64,18
0.39365,2.3751,3.4415,64,18
1.6597,1.6328,4.0846,66,19
1.6606,1.6323,4.0847,66,19
1.6602,1.6323,4.0839,66,19
1.6604,1.6321,4.084,66,19
1.6605,1.6324,4.0831,66,19
1.6607,1.6321,4.0832,66,19
1.6606,1.6321,4.0834,66,19
1.661,1.632,4.0825,66,19
1.6613,1.6317,4.0821,66,19
1.6614,1.6317,4.0822,66,19
1.6617,1.6317,4.0818,66,19
1.6613,1.6317,4.0821,66,19
1.6614,1.6317,4.0822,66,19
1.6617,1.6317,4.0818,66,19
1.6617,1.6316,4.082,66,19
1.6621,1.6318,4.0823,66,19
1.662,1.6315,4.0816,66,19
1.661,1.6322,4.0815,66,19
1.6626,1.633,4.0818,66,19
1.662,1.6315,4.0816,66,19
1.6626,1.633,4.0818,66,19
1.6622,1.6342,4.0817,66,19
1.6622,1.6341,4.0818,66,19
1.6622,1.6342,4.0817,66,19
1.6622,1.6342,4.0817,66,19
1.6622,1.6341,4.0818,66,19
1.662,1.6327,4.0831,66,19
1.6622,1.6341,4.0818,66,19
1.662,1.6327,4.0831,66,19
1.6634,1.6341,4.0814,66,19
1.662,1.6327,4.0831,66,19
1.6624,1.6326,4.0829,66,19
1.662,1.6327,4.0831,66,19
1.6621,1.6318,4.0823,66,19
1.6613,1.6326,4.083,66,19
1.6612,1.6326,4.0833,66,19
1.6614,1.6317,4.0822,66,19
1.6604,1.6324,4.0835,66,19
1.6612,1.6326,4.0833,66,19
1.6606,1.6321,4.0834,66,19
1.6604,1.6324,4.0835,66,19
1.6603,1.6324,4.0835,66,19
1.6606,1.6321,4.0834,66,19
1.6605,1.6321,4.0839,66,19
1.6607,1.632,4.0839,66,19
1.6604,1.6321,4.084,66,19
1.6614,1.6318,4.085,66,19
1.6615,1.6315,4.085,66,19
1.6614,1.6318,4.085,66,19
1.6605,1.6324,4.0831,66,19
1.6609,1.632,4.0822,66,19
1.6605,1.6324,4.0831,66,19
1.6597,1.6328,4.0846,66,19
1.6609,1.632,4.0822,66,19
1.6619,1.6316,4.0819,66,19
1.662,1.6314,4.0817,66,19
1.662,1.6315,4.0816,66,19
1.6607,1.6333,4.081,66,19
1.6622,1.6342,4.0817,66,19
1.6607,1.6333,4.081,66,19
1.662,1.6315,4.0816,66,19
1.6622,1.6342,4.0817,66,19
1.6615,1.6315,4.085,66,19
1.6607,1.632,4.0839,66,19
1.6603,1.6324,4.0835,66,19
1.6612,1.6326,4.0833,66,19
1.6612,1.6326,4.0833,66,19
1.662,1.6327,4.0831,66,19
1.662,1.6327,4.0831,66,19
1.662,1.6327,4.0831,66,19
1.662,1.6327,4.0831,66,19
1.6622,1.6342,4.0817,66,19
1.6622,1.6342,4.0817,66,19
1.662,1.6327,4.0831,66,19
1.0792,1.8515,3.9434,77,20
1.0795,1.8519,3.9437,77,20
1.0792,1.8515,3.9434,77,20
1.0795,1.8519,3.9437,77,20
1.0795,1.8519,3.9437,77,20
1.0795,1.8519,3.9437,77,20
1.0795,1.8519,3.9437,77,20
1.0795,1.8519,3.9437,77,20
1.0795,1.8519,3.9437,77,20
1.0795,1.8519,3.9437,77,20
1.0792,1.8515,3.9434,77,20
1.0792,1.8515,3.9434,77,20
1.0795,1.8519,3.9437,77,20
1.0795,1.8519,3.9437,77,20
1.0792,1.8515,3.9434,77,20
1.0795,1.8519,3.9437,77,20
1.0795,1.8519,3.9437,77,20
1.0795,1.8519,3.9437,77,20
1.0795,1.8519,3.9437,77,20
1.0792,1.8515,3.9434,77,20
1.0795,1.8519,3.9437,77,20
1.0795,1.8519,3.9437,77,20
1.0795,1.8519,3.9437,77,20
1.0795,1.8519,3.9437,77,20
4.6121,3.0014,0.49968,78,21
4.6121,3.0014,0.49968,78,21
4.6205,3.0016,0.50849,78,21
4.6205,3.0016,0.50849,78,21
4.6205,3.0016,0.50849,78,21
4.6205,3.0016,0.50849,78,21
4.6205,3.0016,0.50849,78,21
4.6205,3.0016,0.50849,78,21
4.6225,3.0015,0.51099,78,21
4.6225,3.0015,0.51099,78,21
4.6205,3.0016,0.50849,78,21
4.6225,3.0015,0.51099,78,21
4.6121,3.0014,0.49968,78,21
4.6121,3.0014,0.49968,78,21
4.6225,3.0015,0.51099,78,21
4.6225,3.0015,0.51099,78,21
4.6225,3.0015,0.51099,78,21
4.6225,3.0015,0.51099,78,21
4.6225,3.0015,0.51099,78,21
4.6121,3.0014,0.49968,78,21
4.6205,3.0016,0.50849,78,21
4.6205,3.0016,0.50849,78,21
4.6121,3.0014,0.49968,78,21
4.6121,3.0014,0.49968,78,21
1.3056,2.1015,4.2645,80,22
1.3056,2.1015,4.2645,80,22
1.3045,2.1016,4.264,80,22
1.3045,2.1016,4.264,80,22
1.3045,2.1016,4.264,80,22
1.3045,2.1016,4.264,80,22
1.3045,2.1016,4.264,80,22
1.3045,2.1016,4.264,80,22
1.3065,2.1004,4.2629,80,22
1.3045,2.1016,4.264,80,22
1.3045,2.1016,4.264,80,22
1.3045,2.1016,4.264,80,22
1.3056,2.1015,4.2645,80,22
1.3045,2.1016,4.264,80,22
1.3045,2.1016,4.264,80,22
1.3045,2.1016,4.264,80,22
1.3056,2.1015,4.2645,80,22
1.3056,2.1015,4.2645,80,22
1.3045,2.1016,4.264,80,22
1.3045,2.1016,4.264,80,22
1.0561,2.0864,3.4938,81,23
1.0561,2.0864,3.4938,81,23
1.0561,2.0864,3.4938,81,23
1.0561,2.0864,3.4938,81,23
1.0561,2.0862,3.4936,81,23
1.0561,2.0862,3.4936,81,23
1.0561,2.0862,3.4936,81,23
1.0549,2.0875,3.4937,81,23
1.0549,2.0875,3.4937,81,23
1.0553,2.0867,3.494,81,23
1.0561,2.0864,3.4938,81,23
1.0561,2.0864,3.4938,81,23
1.0561,2.0862,3.4936,81,23
1.0561,2.0862,3.4936,81,23
1.0561,2.0862,3.4936,81,23
1.0561,2.0862,3.4936,81,23
1.0561,2.0862,3.4936,81,23
1.0561,2.0864,3.4938,81,23
1.0561,2.0864,3.4938,81,23
2.3226,2.7568,4.5942,82,24
2.3226,2.7563,4.594,82,24
2.3226,2.7569,4.5944,82,24
2.3221,2.7555,4.5935,82,24
2.3232,2.7573,4.5955,82,24
2.322,2.757,4.5936,82,24
2.3214,2.7552,4.5928,82,24
2.3232,2.7573,4.5955,82,24
2.3182,2.758,4.5895,82,24
2.3174,2.7575,4.5889,82,24
2.3182,2.758,4.5895,82,24
2.3174,2.7575,4.5889,82,24
2.317,2.7588,4.5878,82,24
2.317,2.7588,4.5878,82,24
2.3165,2.7597,4.5878,82,24
2.3165,2.7597,4.5878,82,24
2.3226,2.7546,4.5937,82,24
2.3226,2.7546,4.5937,82,24
2.3226,2.7546,4.5937,82,24
2.3226,2.7546,4.5937,82,24
2.3226,2.7546,4.5937,82,24
2.3226,2.7546,4.5937,82,24
2.3226,2.7546,4.5937,82,24
2.3226,2.7546,4.5937,82,24
2.3226,2.7546,4.5937,82,24
2.3226,2.7546,4.5937,82,24
2.3221,2.7555,4.5935,82,24
2.3223,2.7555,4.5933,82,24
2.3226,2.7563,4.594,82,24
2.3226,2.7564,4.5938,82,24
2.3226,2.7564,4.5938,82,24
2.3226,2.7546,4.5937,82,24
2.3226,2.7546,4.5937,82,24
2.3226,2.7546,4.5937,82,24
2.3226,2.7546,4.5937,82,24
2.3226,2.7546,4.5937,82,24
2.3226,2.7546,4.5937,82,24
2.3226,2.7546,4.5937,82,24
2.3226,2.7546,4.5937,82,24
2.3226,2.7546,4.5937,82,24
2.3226,2.7546,4.5937,82,24
2.3226,2.7546,4.5937,82,24
2.3226,2.7546,4.5937,82,24
2.3232,2.7573,4.5955,82,24
2.3232,2.7573,4.5955,82,24
2.322,2.7574,4.594,82,24
2.3178,2.7582,4.5889,82,24
2.3167,2.759,4.5879,82,24
2.3167,2.759,4.5879,82,24
2.3152,2.762,4.5891,82,24
2.3228,2.7572,4.5945,82,24
2.3228,2.7572,4.5945,82,24
2.3226,2.7564,4.5938,82,24
2.3226,2.7564,4.5938,82,24
2.3226,2.7564,4.5938,82,24
2.3222,2.7565,4.5938,82,24
2.3226,2.7564,4.5938,82,24
2.3226,2.7546,4.5937,82,24
2.3226,2.7546,4.5937,82,24
2.3226,2.7546,4.5937,82,24
2.3226,2.7546,4.5937,82,24
2.3226,2.7546,4.5937,82,24
2.3226,2.7546,4.5937,82,24
2.3226,2.7546,4.5937,82,24
2.3226,2.7546,4.5937,82,24
2.3226,2.7546,4.5937,82,24
2.3221,2.7568,4.5935,82,24
2.3222,2.7565,4.5938,82,24
2.3165,2.7597,4.5878,82,24
2.3165,2.7597,4.5878,82,24
2.3226,2.7546,4.5937,82,24
2.3226,2.7546,4.5937,82,24
2.3226,2.7546,4.5937,82,24
1.6625,2.52,3.6076,88,25
1.6625,2.52,3.6076,88,25
1.6625,2.52,3.6076,88,25
1.6625,2.52,3.6076,88,25
1.6628,2.5203,3.608,88,25
1.6625,2.52,3.6076,88,25
1.6628,2.5203,3.608,88,25
1.6628,2.5203,3.608,88,25
1.6628,2.5203,3.608,88,25
1.6628,2.5203,3.608,88,25
1.6628,2.5203,3.608,88,25
1.6628,2.5203,3.608,88,25
1.6628,2.5203,3.608,88,25
1.6625,2.52,3.6076,88,25
1.6625,2.52,3.6076,88,25
1.6625,2.52,3.6076,88,25
1.6625,2.52,3.6076,88,25
1.6628,2.5203,3.608,88,25
1.6628,2.5203,3.608,88,25
1.6628,2.5203,3.608,88,25
1.6628,2.5203,3.608,88,25
1.6628,2.5203,3.608,88,25
1.6625,2.52,3.6076,88,25
1.6625,2.52,3.6076,88,25
1.6624,2.5201,3.6081,88,25
1.6624,2.5201,3.6081,88,25
1.6624,2.5201,3.6081,88,25
1.6625,2.52,3.6076,88,25
1.6628,2.5203,3.608,88,25
1.1426,2.5591,3.0676,97,26
1.1426,2.5591,3.0676,97,26
1.1421,2.5587,3.0671,97,26
1.1421,2.5587,3.0671,97,26
1.1421,2.5587,3.0671,97,26
1.1421,2.5587,3.0671,97,26
1.1426,2.5591,3.0676,97,26
1.1421,2.5587,3.0671,97,26
1.1426,2.5591,3.0676,97,26
1.1426,2.5591,3.0676,97,26
1.1429,2.5592,3.0679,97,26
1.1421,2.5587,3.0671,97,26
1.1421,2.5587,3.0671,97,26
1.1421,2.5587,3.0671,97,26
1.1421,2.5587,3.0671,97,26
1.1426,2.5591,3.0676,97,26
1.1426,2.5591,3.0676,97,26
1.1421,2.5587,3.0671,97,26
1.1421,2.5587,3.0671,97,26
2.6399,2.4472,4.9913,99,27
2.6399,2.4472,4.9913,99,27
2.6399,2.4472,4.9913,99,27
2.6399,2.4472,4.9913,99,27
2.6399,2.4472,4.9914,99,27
2.6405,2.4469,4.9915,99,27
2.6405,2.4469,4.9915,99,27
2.6405,2.4469,4.9915,99,27
2.6405,2.4469,4.9916,99,27
2.6399,2.4472,4.9913,99,27
2.6399,2.4472,4.9914,99,27
2.6399,2.4472,4.9914,99,27
2.6399,2.4472,4.9914,99,27
2.6405,2.4469,4.9916,99,27
2.6405,2.4469,4.9915,99,27
2.6405,2.4469,4.9916,99,27
2.6405,2.4469,4.9915,99,27
2.6399,2.4472,4.9913,99,27
2.6405,2.4469,4.9916,99,27
2.6399,2.4472,4.9914,99,27
2.6405,2.4469,4.9915,99,27
1.1861,1.7958,4.1029,102,28
1.1861,1.7958,4.1029,102,28
1.1861,1.7958,4.1029,102,28
1.1861,1.7958,4.1029,102,28
1.1869,1.7962,4.1031,102,28
1.1869,1.7962,4.1031,102,28
1.1869,1.7962,4.1031,102,28
1.1851,1.7958,4.1019,102,28
1.1869,1.7962,4.1031,102,28
1.1869,1.7962,4.1031,102,28
1.1869,1.7962,4.1031,102,28
1.1869,1.7962,4.1031,102,28
1.1869,1.7962,4.1031,102,28
1.1861,1.7958,4.1029,102,28
1.1861,1.7958,4.1029,102,28
1.1869,1.7962,4.1031,102,28
1.1869,1.7962,4.1031,102,28
1.1851,1.7958,4.1019,102,28
1.1851,1.7958,4.1019,102,28
1.6626,1.632,4.0866,103,29
1.6626,1.632,4.0866,103,29
1.6626,1.632,4.0866,103,29
1.6604,1.6328,4.0846,103,29
1.6614,1.6322,4.0845,103,29
1.6604,1.6328,4.0846,103,29
1.6606,1.6326,4.0841,103,29
1.6603,1.6327,4.084,103,29
1.6604,1.6326,4.084,103,29
1.6604,1.6326,4.084,103,29
1.6597,1.6329,4.0841,103,29
1.6597,1.6329,4.0841,103,29
1.6604,1.6328,4.0846,103,29
1.6597,1.6329,4.0841,103,29
1.6604,1.6328,4.0846,103,29
1.6601,1.633,4.0843,103,29
1.6601,1.633,4.0843,103,29
1.6636,1.6315,4.0881,103,29
1.6636,1.6315,4.0881,103,29
1.6614,1.6322,4.0845,103,29
1.6596,1.6331,4.0841,103,29
1.6596,1.6331,4.0841,103,29
1.6618,1.6323,4.0867,103,29
1.6618,1.6323,4.0867,103,29
1.6597,1.633,4.0848,103,29
1.6597,1.633,4.0848,103,29
1.6597,1.633,4.0848,103,29
1.6604,1.6326,4.084,103,29
1.6597,1.6329,4.0841,103,29
1.6613,1.6324,4.0842,103,29
1.6613,1.6324,4.0842,103,29
1.6601,1.633,4.0843,103,29
1.6601,1.633,4.0843,103,29
1.6604,1.6326,4.084,103,29
1.6604,1.6326,4.084,103,29
2.8688,2.2919,4.5622,106,30
2.8688,2.2919,4.5622,106,30
2.8688,2.2919,4.5622,106,30
2.8688,2.2919,4.5622,106,30
2.8688,2.2919,4.5622,106,30
2.8688,2.2919,4.5622,106,30
2.8673,2.2917,4.5611,106,30
2.8673,2.2917,4.5611,106,30
2.8688,2.2919,4.5622,106,30
2.8688,2.2919,4.5622,106,30
2.8688,2.2919,4.5622,106,30
2.8688,2.2919,4.5622,106,30
2.8688,2.2919,4.5622,106,30
2.8688,2.2919,4.5622,106,30
2.8688,2.2919,4.5622,106,30
2.8688,2.2919,4.5622,106,30
1.4627,2.4591,3.3418,109,31
1.4642,2.459,3.3427,109,31
1.4642,2.459,3.3427,109,31
1.4651,2.459,3.3434,109,31
1.4651,2.459,3.3434,109,31
1.4658,2.4583,3.3437,109,31
1.462,2.4597,3.3409,109,31
1.4637,2.4591,3.3423,109,31
1.4637,2.4591,3.3423,109,31
1.4651,2.459,3.3434,109,31
1.4651,2.459,3.3434,109,31
1.4651,2.459,3.3434,109,31
1.4658,2.4583,3.3437,109,31
1.4658,2.4583,3.3437,109,31
1.8396,1.9875,3.7269,110,32
1.8396,1.9875,3.7269,110,32
1.8396,1.9875,3.7269,110,32
1.8396,1.9875,3.7269,110,32
1.8396,1.9875,3.7269,110,32
1.8396,1.9875,3.7269,110,32
1.8398,1.987,3.7269,110,32
1.8396,1.9875,3.7269,110,32
1.8393,1.9882,3.7271,110,32
1.8398,1.987,3.7269,110,32
1.8396,1.9875,3.7269,110,32
1.8396,1.9875,3.7269,110,32
1.8396,1.9875,3.7269,110,32
1.8396,1.9875,3.7269,110,32
1.8396,1.9875,3.7269,110,32
1.8396,1.9875,3.7269,110,32
1.1412,2.2652,3.2611,112,33
1.1405,2.2654,3.2601,112,33
1.1405,2.2654,3.2601,112,33
1.1407,2.2653,3.2604,112,33
1.1407,2.2656,3.2594,112,33
1.1407,2.2656,3.2594,112,33
1.1407,2.2653,3.2604,112,33
1.1407,2.2656,3.2594,112,33
1.1396,2.2664,3.2576,112,33
1.1396,2.2664,3.2576,112,33
1.1407,2.2656,3.2594,112,33
1.1407,2.2656,3.2594,112,33
0.87891,2.3069,2.8676,112,33
0.87891,2.3069,2.8676,112,33
0.87891,2.3069,2.8676,112,33
0.88009,2.3078,2.8696,112,33
0.88009,2.3078,2.8696,112,33
1.1396,2.2664,3.2576,112,33
1.061,2.3618,3.0684,112,33
1.1392,2.2661,3.2576,112,33
1.1409,2.2644,3.2607,112,33
1.1409,2.2644,3.2607,112,33
1.1409,2.2636,3.2607,112,33
1.1409,2.2636,3.2607,112,33
1.1412,2.2652,3.2611,112,33
1.1415,2.2641,3.2614,112,33
1.1412,2.2652,3.2611,112,33
1.1415,2.2641,3.2614,112,33
1.141,2.2656,3.2595,112,33
1.1407,2.2656,3.2594,112,33
1.141,2.2656,3.2595,112,33
1.1409,2.2644,3.2607,112,33
1.1407,2.2656,3.2594,112,33
1.1407,2.2656,3.2594,112,33
1.1407,2.2656,3.2594,112,33
0.87891,2.3069,2.8676,112,33
1.1408,2.2655,3.2607,112,33
1.1397,2.2661,3.2587,112,33
1.1397,2.2661,3.2587,112,33
1.061,2.3618,3.0684,112,33
1.061,2.3618,3.0684,112,33
0.88009,2.3078,2.8696,112,33
0.88009,2.3078,2.8696,112,33
0.87891,2.3069,2.8676,112,33
0.87891,2.3069,2.8676,112,33
0.87891,2.3069,2.8676,112,33
1.2448,2.6902,3.3139,114,34
1.2433,2.6907,3.3131,114,34
1.2394,2.6898,3.308,114,34
1.2405,2.6906,3.3101,114,34
1.2371,2.6897,3.3052,114,34
1.2394,2.6898,3.308,114,34
1.2405,2.6906,3.3101,114,34
1.2371,2.6897,3.3052,114,34
1.2357,2.6904,3.3064,114,34
1.2357,2.6904,3.3064,114,34
1.2405,2.6906,3.3101,114,34
1.2357,2.6904,3.3064,114,34
1.2433,2.6907,3.3131,114,34
1.2411,2.6905,3.3112,114,34
1.231,2.69,3.3021,114,34
1.2321,2.6902,3.3039,114,34
1.231,2.69,3.3021,114,34
1.2321,2.6902,3.3039,114,34
1.2321,2.6902,3.3039,114,34
1.2321,2.6902,3.3039,114,34
1.2379,2.6896,3.3046,114,34
1.2379,2.6896,3.3046,114,34
1.2423,2.69,3.3109,114,34
1.2423,2.69,3.3109,114,34
1.2445,2.6901,3.3145,114,34
1.2379,2.6899,3.308,114,34
1.2356,2.6901,3.3063,114,34
1.2411,2.6905,3.3112,114,34
1.2441,2.6906,3.3142,114,34
1.2445,2.6901,3.3145,114,34
1.2356,2.6901,3.3063,114,34
1.2356,2.6901,3.3063,114,34
1.2321,2.6902,3.3039,114,34
1.2321,2.6902,3.3039,114,34
1.4624,1.8666,4.1149,119,35
1.4668,1.8658,4.1172,119,35
1.4659,1.8657,4.117,119,35
1.4624,1.8666,4.1149,119,35
1.4668,1.8658,4.1172,119,35
1.4681,1.8659,4.1181,119,35
1.4624,1.8666,4.1149,119,35
1.4668,1.8658,4.1172,119,35
1.4681,1.8659,4.1181,119,35
1.4645,1.8664,4.1161,119,35
1.4681,1.8659,4.1181,119,35
1.4685,1.8657,4.1183,119,35
1.4692,1.8653,4.1186,119,35
1.4681,1.8659,4.1181,119,35
1.4685,1.8657,4.1183,119,35
1.4659,1.8657,4.117,119,35
1.4665,1.8654,4.1172,119,35
1.4692,1.8653,4.1186,119,35
1.4692,1.8653,4.1186,119,35
1.4692,1.8653,4.1186,119,35
1.4626,1.8654,4.1142,119,35
1.4626,1.8654,4.1142,119,35
1.4626,1.8657,4.1147,119,35
1.4624,1.8666,4.1149,119,35
1.4624,1.8666,4.1149,119,35
1.4624,1.8666,4.1149,119,35
1.4624,1.8666,4.1149,119,35
1.4657,1.8659,4.1172,119,35
1.4665,1.8654,4.1172,119,35
1.4665,1.8654,4.1172,119,35
1.4686,1.8656,4.1183,119,35
1.4692,1.8653,4.1186,119,35
1.4686,1.8656,4.1183,119,35
1.4645,1.8664,4.1161,119,35
1.4645,1.8664,4.1161,119,35
1.4692,1.8653,4.1186,119,35
1.4692,1.8653,4.1186,119,35
1.4665,1.8654,4.1172,119,35
1.4665,1.8654,4.1172,119,35
1.4685,1.8657,4.1183,119,35
1.4692,1.8653,4.1186,119,35
1.4692,1.8653,4.1186,119,35
5.5436,2.9023,1.8545,120,36
5.5436,2.9023,1.8545,120,36
5.5436,2.9023,1.8545,120,36
5.5436,2.9023,1.8545,120,36
5.5426,2.9021,1.8542,120,36
5.5436,2.9023,1.8545,120,36
5.5436,2.9023,1.8545,120,36
5.5426,2.9021,1.8542,120,36
5.5436,2.9023,1.8545,120,36
5.5436,2.9023,1.8545,120,36
5.5432,2.9021,1.8541,120,36
5.5436,2.9023,1.8545,120,36
5.5436,2.9023,1.8545,120,36
5.5436,2.9023,1.8545,120,36
5.5436,2.9023,1.8545,120,36
5.5416,2.9017,1.8536,120,36
5.5434,2.9023,1.8556,120,36
5.5434,2.9023,1.8556,120,36
5.5416,2.9017,1.8536,120,36
5.5416,2.9017,1.8536,120,36
5.5436,2.9023,1.8545,120,36
5.5436,2.9023,1.8545,120,36
5.5436,2.9023,1.8545,120,36
5.5436,2.9023,1.8545,120,36
5.5432,2.9021,1.8541,120,36
5.5436,2.9023,1.8545,120,36
5.5436,2.9023,1.8545,120,36
5.5436,2.9023,1.8545,120,36
1.0233,2.6029,4.0668,123,37
1.0229,2.6031,4.0662,123,37
1.0236,2.6023,4.0659,123,37
1.0229,2.6031,4.0662,123,37
1.0236,2.6023,4.0659,123,37
1.0236,2.6023,4.0659,123,37
1.0229,2.6031,4.0662,123,37
1.0229,2.6031,4.0662,123,37
1.0229,2.6031,4.0662,123,37
1.0229,2.6031,4.0662,123,37
1.0229,2.6031,4.0662,123,37
1.0233,2.6029,4.0668,123,37
1.0236,2.6023,4.0659,123,37
1.0236,2.6023,4.0659,123,37
1.0229,2.6031,4.0662,123,37
1.0229,2.6031,4.0662,123,37
1.0229,2.6031,4.0662,123,37
1.0229,2.6031,4.0662,123,37
1.0214,2.6042,4.0663,123,37
1.0214,2.6042,4.0663,123,37
1.0214,2.6039,4.0661,123,37
1.0214,2.6039,4.0661,123,37
1.0236,2.6023,4.0659,123,37
1.0236,2.6023,4.0659,123,37
1.0236,2.6023,4.0659,123,37
2.1485,2.5241,3.6186,125,38
2.1485,2.5241,3.6186,125,38
2.1485,2.5241,3.6186,125,38
2.1485,2.5241,3.6186,125,38
2.1485,2.5241,3.6186,125,38
2.1485,2.5241,3.6186,125,38
2.1485,2.5241,3.6186,125,38
2.1485,2.5241,3.6186,125,38
2.1485,2.5241,3.6186,125,38
2.1485,2.5241,3.6186,125,38
2.1651,2.5312,4.5364,128,39
2.1659,2.5305,4.5375,128,39
2.1651,2.5312,4.5364,128,39
2.1659,2.5305,4.5375,128,39
2.1652,2.5313,4.5366,128,39
2.1652,2.5313,4.5366,128,39
2.1659,2.5305,4.5375,128,39
2.1659,2.5305,4.5375,128,39
2.1659,2.5305,4.5375,128,39
2.1659,2.5305,4.5375,128,39
2.1659,2.5305,4.5375,128,39
2.1658,2.5312,4.5374,128,39
2.1658,2.5312,4.5374,128,39
2.1652,2.5313,4.5366,128,39
2.1659,2.5305,4.5375,128,39
2.1659,2.5305,4.5375,128,39
2.1659,2.5305,4.5375,128,39
2.1659,2.5305,4.5375,128,39
2.1659,2.5305,4.5375,128,39
2.1659,2.5305,4.5375,128,39
2.1659,2.5305,4.5375,128,39
2.1659,2.5305,4.5375,128,39
2.1652,2.5313,4.5366,128,39
2.1652,2.5313,4.5366,128,39
2.1652,2.5313,4.5366,128,39
2.3491,2.1011,4.1914,129,40
2.3491,2.1011,4.1914,129,40
2.3487,2.1017,4.1929,129,40
2.3487,2.1017,4.1929,129,40
2.3487,2.1017,4.1929,129,40
2.3487,2.1017,4.1929,129,40
2.3488,2.1022,4.1939,129,40
2.3488,2.1022,4.1939,129,40
2.3493,2.1032,4.1946,129,40
2.3493,2.1032,4.1946,129,40
2.3488,2.1022,4.1939,129,40
2.3489,2.1011,4.1913,129,40
2.3489,2.1011,4.1913,129,40
2.3489,2.1011,4.1913,129,40
2.3496,2.1007,4.1916,129,40
2.349,2.1016,4.193,129,40
2.349,2.1016,4.193,129,40
2.3492,2.1019,4.1934,129,40
2.3493,2.1032,4.1946,129,40
2.3493,2.1032,4.1946,129,40
2.3493,2.1032,4.1946,129,40
2.3493,2.1032,4.1946,129,40
2.3493,2.1032,4.1946,129,40
2.3489,2.1011,4.1913,129,40
2.3489,2.1011,4.1913,129,40
2.3489,2.1011,4.1913,129,40
2.3489,2.1011,4.1913,129,40
2.3497,2.1007,4.1911,129,40
2.3497,2.1007,4.1911,129,40
2.3497,2.1007,4.191,129,40
0.0055351,2.6898,2.0489,138,41
0.0055351,2.6898,2.0489,138,41
0.0042453,2.69,2.048,138,41
0.0042453,2.69,2.048,138,41
0.0057437,2.6896,2.0492,138,41
0.0041286,2.6903,2.0479,138,41
0.0041286,2.6903,2.0479,138,41
0.0057437,2.6896,2.0492,138,41
0.0041286,2.6903,2.0479,138,41
0.0041286,2.6903,2.0479,138,41
0.0041286,2.6903,2.0479,138,41
0.0041286,2.6903,2.0479,138,41
0.0053795,2.6893,2.0491,138,41
0.0041286,2.6903,2.0479,138,41
0.0041286,2.6903,2.0479,138,41
0.003391,2.6899,2.0476,138,41
0.003391,2.6899,2.0476,138,41
0.0061483,2.6891,2.0499,138,41
0.0057437,2.6896,2.0492,138,41
0.0057437,2.6896,2.0492,138,41
0.0055351,2.6898,2.0489,138,41
0.0055351,2.6898,2.0489,138,41
0.0053795,2.6893,2.0491,138,41
0.0053795,2.6893,2.0491,138,41
0.0053795,2.6893,2.0491,138,41
0.0053795,2.6893,2.0491,138,41
0.0041286,2.6903,2.0479,138,41
0.0041286,2.6903,2.0479,138,41
0.0041286,2.6903,2.0479,138,41
0.003391,2.6899,2.0476,138,41
0.003391,2.6899,2.0476,138,41
0.0053795,2.6893,2.0491,138,41
0.0061483,2.6891,2.0499,138,41
0.003391,2.6899,2.0476,138,41
0.0063296,2.6898,2.0498,138,41
0.0068954,2.6895,2.0503,138,41
0.0068954,2.6895,2.0503,138,41
0.0053795,2.6893,2.0491,138,41
0.74043,2.467,2.8462,140,42
0.74039,2.4662,2.8465,140,42
0.73887,2.466,2.8453,140,42
0.74039,2.4662,2.8465,140,42
0.74039,2.4662,2.8465,140,42
0.73887,2.466,2.8453,140,42
0.74039,2.4662,2.8465,140,42
0.74287,2.466,2.8482,140,42
0.74287,2.466,2.8482,140,42
0.74287,2.466,2.8482,140,42
0.74287,2.466,2.8482,140,42
0.74287,2.466,2.8482,140,42
0.74287,2.466,2.8482,140,42
0.74287,2.466,2.8482,140,42
0.74287,2.466,2.8482,140,42
0.74287,2.466,2.8482,140,42
0.74287,2.466,2.8482,140,42
0.74287,2.466,2.8482,140,42
0.74287,2.466,2.8482,140,42
0.74287,2.466,2.8482,140,42
0.74043,2.467,2.8462,140,42
0.74043,2.467,2.8462,140,42
0.74287,2.466,2.8482,140,42
0.74287,2.466,2.8482,140,42
0.73887,2.466,2.8453,140,42
0.73887,2.466,2.8453,140,42
0.73887,2.466,2.8453,140,42
0.73887,2.466,2.8453,140,42
0.73887,2.466,2.8453,140,42
0.73887,2.466,2.8453,140,42
0.74287,2.466,2.8482,140,42
0.73887,2.466,2.8453,140,42
0.74287,2.466,2.8482,140,42
1.1406,2.5612,3.0654,146,43
1.1406,2.5612,3.0654,146,43
1.142,2.561,3.0668,146,43
1.142,2.561,3.0668,146,43
1.1429,2.5614,3.0673,146,43
1.1429,2.5614,3.0673,146,43
1.1438,2.5614,3.0682,146,43
1.1425,2.5623,3.0674,146,43
1.1427,2.5619,3.0674,146,43
1.1425,2.5623,3.0674,146,43
1.1398,2.5638,3.0666,146,43
1.1427,2.5619,3.0674,146,43
1.1398,2.5638,3.0666,146,43
1.1398,2.5638,3.0666,146,43
1.1398,2.5638,3.0666,146,43
1.1398,2.5638,3.0666,146,43
1.1403,2.5641,3.0673,146,43
1.1403,2.5641,3.0673,146,43
1.1403,2.5641,3.0673,146,43
1.1403,2.5641,3.0673,146,43
1.1403,2.5641,3.0673,146,43
1.1403,2.5641,3.0673,146,43
1.1403,2.5641,3.0673,146,43
1.1403,2.5641,3.0673,146,43
1.1403,2.5641,3.0673,146,43
1.1397,2.5639,3.0668,146,43
1.1406,2.5612,3.0654,146,43
1.1399,2.5603,3.0649,146,43
1.1397,2.5639,3.0673,146,43
1.1397,2.5639,3.0673,146,43
1.1403,2.5641,3.0673,146,43
1.1403,2.5641,3.0673,146,43
1.1438,2.5614,3.0682,146,43
1.1425,2.5623,3.0674,146,43
1.141,2.5612,3.0662,146,43
1.141,2.5612,3.0662,146,43
1.141,2.5612,3.0662,146,43
1.1425,2.5623,3.0674,146,43
1.1429,2.5614,3.0673,146,43
1.1427,2.5619,3.0674,146,43
1.142,2.561,3.0668,146,43
1.1427,2.5619,3.0674,146,43
1.1427,2.5619,3.0674,146,43
1.1403,2.5641,3.0673,146,43
1.1403,2.5641,3.0673,146,43
1.1399,2.5603,3.0649,146,43
1.1399,2.5603,3.0649,146,43
1.1399,2.5603,3.0649,146,43
1.1399,2.5603,3.0649,146,43
1.1399,2.5603,3.0649,146,43
1.1403,2.5641,3.0673,146,43
1.1403,2.5641,3.0673,146,43
1.1403,2.5641,3.0673,146,43
1.1403,2.5641,3.0673,146,43
0.53362,1.9778,3.2564,148,44
0.53401,1.9776,3.2566,148,44
0.53362,1.9778,3.2564,148,44
0.53362,1.9778,3.2564,148,44
0.53401,1.9776,3.2566,148,44
0.53401,1.9776,3.2566,148,44
0.53362,1.9778,3.2564,148,44
1.6998,2.0069,3.451,149,45
1.6998,2.0069,3.451,149,45
1.6998,2.0069,3.451,149,45
1.6998,2.0069,3.451,149,45
1.6998,2.0069,3.451,149,45
1.6998,2.0069,3.451,149,45
1.6996,2.007,3.4513,149,45
1.6996,2.007,3.4513,149,45
1.6998,2.0069,3.451,149,45
1.6998,2.0069,3.451,149,45
1.7008,2.0069,3.451,149,45
1.7008,2.0069,3.451,149,45
1.6998,2.0069,3.451,149,45
1.6998,2.0069,3.451,149,45
1.6998,2.0069,3.451,149,45
1.6998,2.0069,3.451,149,45
2.3176,2.1839,4.4578,155,46
2.3176,2.1839,4.4578,155,46
2.3174,2.1835,4.4569,155,46
2.3174,2.1835,4.4569,155,46
2.3174,2.1835,4.4569,155,46
2.3174,2.1835,4.4569,155,46
2.3174,2.1835,4.4569,155,46
2.3174,2.1835,4.4569,155,46
2.3182,2.1834,4.4581,155,46
2.3182,2.1834,4.4581,155,46
2.3181,2.1835,4.4581,155,46
2.3176,2.1839,4.4578,155,46
2.3177,2.1845,4.4577,155,46
2.3174,2.1835,4.4569,155,46
2.3174,2.1835,4.4569,155,46
2.3174,2.1835,4.4569,155,46
2.3174,2.1835,4.4569,155,46
2.3174,2.1835,4.4569,155,46
2.3182,2.1834,4.4581,155,46
2.3182,2.1834,4.4581,155,46
2.3182,2.1834,4.4581,155,46
2.3181,2.1835,4.4581,155,46
2.3181,2.1835,4.4581,155,46
2.3177,2.1845,4.4577,155,46
2.3174,2.1835,4.4569,155,46
1.5677,2.2865,3.9642,156,47
1.5668,2.2869,3.9623,156,47
1.5677,2.2865,3.9642,156,47
1.5677,2.2865,3.9642,156,47
1.5677,2.2865,3.9642,156,47
1.5677,2.2865,3.9642,156,47
1.5677,2.2865,3.9642,156,47
1.5677,2.2865,3.9642,156,47
1.5677,2.2865,3.9642,156,47
1.5668,2.2869,3.9623,156,47
1.5677,2.2865,3.9642,156,47
1.5677,2.2865,3.9642,156,47
1.5677,2.2865,3.9642,156,47
1.5677,2.2865,3.9642,156,47
1.5677,2.2865,3.9642,156,47
1.5677,2.2865,3.9642,156,47
1.5677,2.2865,3.9642,156,47
1.5668,2.2869,3.9623,156,47
1.5668,2.2869,3.9623,156,47
1.5677,2.2865,3.9642,156,47
1.5677,2.2865,3.9642,156,47
3.5115,2.8548,6.0752,162,48
3.512,2.855,6.0743,162,48
3.5115,2.8548,6.0752,162,48
3.5115,2.8548,6.0752,162,48
3.5115,2.8548,6.0752,162,48
3.5115,2.8548,6.0752,162,48
3.5115,2.8548,6.0752,162,48
3.5115,2.8548,6.0752,162,48
3.512,2.855,6.0743,162,48
3.5115,2.8548,6.0752,162,48
3.512,2.855,6.0743,162,48
3.5115,2.8548,6.0752,162,48
3.5115,2.8548,6.0752,162,48
3.512,2.855,6.0743,162,48
3.5115,2.8548,6.0752,162,48
3.5115,2.8548,6.0752,162,48
0.32534,2.2969,3.4115,164,49
0.32528,2.2972,3.4116,164,49
0.32534,2.2969,3.4115,164,49
0.32528,2.2972,3.4116,164,49
0.32518,2.2976,3.4115,164,49
0.32518,2.2976,3.4115,164,49
0.32555,2.2978,3.4115,164,49
0.32555,2.2978,3.4115,164,49
0.32528,2.2972,3.4116,164,49
0.32555,2.2978,3.4115,164,49
0.32528,2.2972,3.4116,164,49
0.32555,2.2978,3.4115,164,49
0.3251,2.2969,3.4111,164,49
0.32524,2.2976,3.4112,164,49
0.32524,2.2976,3.4112,164,49
0.32555,2.2978,3.4115,164,49
0.32555,2.2978,3.4115,164,49
0.32555,2.2978,3.4115,164,49
0.32555,2.2978,3.4115,164,49
0.32431,2.2964,3.4112,164,49
0.32528,2.2972,3.4116,164,49
0.32528,2.2972,3.4116,164,49
0.32555,2.2978,3.4115,164,49
0.32518,2.2976,3.4115,164,49
0.32518,2.2976,3.4115,164,49
0.32555,2.2978,3.4115,164,49
0.55519,2.7834,3.2508,166,50
0.55519,2.7834,3.2508,166,50
0.55555,2.7831,3.2508,166,50
0.55519,2.7834,3.2508,166,50
0.55555,2.7831,3.2508,166,50
0.55555,2.7831,3.2508,166,50
0.55519,2.7834,3.2508,166,50
0.55555,2.7831,3.2508,166,50
0.55589,2.7865,3.2521,166,50
0.55555,2.7831,3.2508,166,50
0.55519,2.7834,3.2508,166,50
0.55519,2.7834,3.2508,166,50
0.55555,2.7831,3.2508,166,50
0.55589,2.7865,3.2521,166,50
0.55555,2.7831,3.2508,166,50
0.55555,2.7831,3.2508,166,50
1.2646,2.5058,2.9758,167,51
1.2646,2.5058,2.9758,167,51
1.2646,2.5058,2.9758,167,51
1.2646,2.5058,2.9758,167,51
1.2641,2.506,2.9755,167,51
1.2641,2.506,2.9755,167,51
1.2641,2.506,2.9755,167,51
1.2646,2.5058,2.9758,167,51
1.2622,2.506,2.9748,167,51
1.2622,2.506,2.9748,167,51
1.2625,2.506,2.9751,167,51
1.2641,2.506,2.9755,167,51
1.2641,2.506,2.9755,167,51
1.2641,2.506,2.9755,167,51
1.2641,2.506,2.9755,167,51
1.2641,2.506,2.9755,167,51
1.2652,2.5054,2.9759,167,51
1.2652,2.5054,2.9759,167,51
1.2652,2.5054,2.9759,167,51
1.2641,2.506,2.9755,167,51
1.4738,2.0952,4.3484,169,52
1.4738,2.0952,4.3484,169,52
1.4723,2.0957,4.3483,169,52
1.4738,2.0952,4.3484,169,52
1.4723,2.0957,4.3483,169,52
1.4725,2.0961,4.348,169,52
1.4725,2.0961,4.348,169,52
1.4746,2.0957,4.348,169,52
1.4743,2.0954,4.3483,169,52
1.4746,2.0957,4.348,169,52
1.4746,2.0957,4.348,169,52
1.4743,2.0954,4.3483,169,52
1.4743,2.0954,4.3483,169,52
1.4737,2.0954,4.3487,169,52
1.4741,2.0929,4.3505,169,52
1.4734,2.095,4.3491,169,52
1.4741,2.0929,4.3505,169,52
1.4741,2.0929,4.3505,169,52
1.4741,2.0929,4.3505,169,52
1.4733,2.0952,4.3496,169,52
1.4733,2.0952,4.3496,169,52
1.4733,2.0954,4.3487,169,52
1.4738,2.0952,4.3484,169,52
1.4738,2.0952,4.3484,169,52
1.4743,2.0954,4.3483,169,52
1.4743,2.0954,4.3483,169,52
1.4741,2.0929,4.3505,169,52
1.4725,2.0961,4.348,169,52
1.4746,2.0957,4.348,169,52
1.4738,2.0952,4.3484,169,52
1.4746,2.0957,4.348,169,52
1.4738,2.0952,4.3484,169,52
1.4738,2.0952,4.3484,169,52
0.4517,2.4494,2.7178,173,53
0.45157,2.4495,2.7181,173,53
0.44936,2.4493,2.7159,173,53
0.44936,2.4493,2.7159,173,53
0.44768,2.4495,2.7145,173,53
0.44768,2.4495,2.7145,173,53
0.44768,2.4495,2.7145,173,53
0.44535,2.4515,2.7136,173,53
0.44535,2.4515,2.7136,173,53
0.44526,2.4511,2.7138,173,53
0.44535,2.4515,2.7136,173,53
0.44535,2.4515,2.7136,173,53
0.44526,2.4511,2.7138,173,53
0.44452,2.451,2.7132,173,53
0.44473,2.4516,2.7132,173,53
0.44452,2.451,2.7132,173,53
0.44391,2.4504,2.7123,173,53
0.44473,2.4516,2.7132,173,53
0.44562,2.4496,2.7133,173,53
0.44602,2.4492,2.7135,173,53
0.44602,2.4492,2.7135,173,53
0.44602,2.4492,2.7135,173,53
0.44602,2.4492,2.7135,173,53
0.44602,2.4492,2.7135,173,53
0.44602,2.4492,2.7135,173,53
0.44534,2.4517,2.7134,173,53
0.44602,2.453,2.7145,173,53
0.44489,2.4518,2.7128,173,53
0.4448,2.4522,2.7133,173,53
0.44489,2.4518,2.7128,173,53
0.4448,2.4522,2.7133,173,53
0.44768,2.4495,2.7145,173,53
0.4448,2.4522,2.7133,173,53
0.45157,2.4495,2.7181,173,53
0.45157,2.4495,2.7181,173,53
0.45157,2.4495,2.7181,173,53
0.45157,2.4495,2.7181,173,53
0.44602,2.453,2.7145,173,53
0.44544,2.4508,2.714,173,53
0.44602,2.4492,2.7135,173,53
0.44602,2.4492,2.7135,173,53
0.44602,2.4492,2.7135,173,53
0.4484,2.4488,2.7149,173,53
0.44543,2.4505,2.7139,173,53
0.44543,2.4505,2.7139,173,53
0.44544,2.4508,2.714,173,53
0.44544,2.4508,2.714,173,53
0.4484,2.4488,2.7149,173,53
0.44602,2.4492,2.7135,173,53
0.44602,2.4492,2.7135,173,53
0.44602,2.4492,2.7135,173,53
0.44602,2.4492,2.7135,173,53
0.44602,2.4492,2.7135,173,53
0.44391,2.4504,2.7123,173,53
0.44391,2.4504,2.7123,173,53
0.44825,2.4497,2.7146,173,53
0.44771,2.4497,2.7148,173,53
0.44802,2.4493,2.7145,173,53
0.44802,2.4493,2.7145,173,53
0.4517,2.4494,2.7178,173,53
0.44534,2.4517,2.7134,173,53
0.44602,2.453,2.7145,173,53
0.44602,2.453,2.7145,173,53
0.44602,2.453,2.7145,173,53
0.45157,2.4495,2.7181,173,53
0.45157,2.4495,2.7181,173,53
0.4448,2.4522,2.7133,173,53
0.4448,2.4522,2.7133,173,53
0.4448,2.4522,2.7133,173,53
0.44602,2.453,2.7145,173,53
0.44602,2.453,2.7145,173,53
0.45359,2.4493,2.7197,173,53
0.45359,2.4493,2.7197,173,53
0.45359,2.4493,2.7197,173,53
0.45359,2.4493,2.7197,173,53
0.2224,2.6168,3.3416,176,54
0.22205,2.6182,3.3416,176,54
0.21921,2.617,3.3402,176,54
0.21921,2.617,3.3402,176,54
0.22015,2.6179,3.3407,176,54
0.22234,2.6179,3.3416,176,54
0.21877,2.6178,3.3396,176,54
0.22015,2.6179,3.3407,176,54
0.22234,2.6179,3.3416,176,54
0.21877,2.6178,3.3396,176,54
0.22069,2.6184,3.3407,176,54
0.22489,2.6185,3.3418,176,54
0.22016,2.6183,3.3405,176,54
0.22489,2.6185,3.3418,176,54
0.22489,2.6185,3.3418,176,54
0.22499,2.6187,3.3418,176,54
0.22499,2.6187,3.3418,176,54
0.22499,2.6187,3.3418,176,54
0.22385,2.6188,3.3415,176,54
0.22383,2.6189,3.3415,176,54
0.22528,2.6182,3.3432,176,54
0.22528,2.6182,3.3432,176,54
0.22385,2.6188,3.3415,176,54
0.22528,2.6182,3.3432,176,54
0.22528,2.6182,3.3432,176,54
0.22528,2.6182,3.3432,176,54
0.22528,2.6182,3.3432,176,54
0.22205,2.6182,3.3416,176,54
0.22383,2.6189,3.3415,176,54
0.22383,2.6189,3.3415,176,54
0.22383,2.6189,3.3415,176,54
0.22383,2.6189,3.3415,176,54
0.22383,2.6189,3.3415,176,54
0.22383,2.6189,3.3415,176,54
0.21581,2.6178,3.3368,176,54
0.21846,2.6175,3.3394,176,54
0.22329,2.6171,3.342,176,54
0.22329,2.6171,3.342,176,54
0.21581,2.6178,3.3368,176,54
0.22016,2.6183,3.3405,176,54
0.22016,2.6183,3.3405,176,54
0.22016,2.6183,3.3405,176,54
0.22016,2.6183,3.3405,176,54
0.22205,2.6182,3.3416,176,54
0.22528,2.6182,3.3432,176,54
0.22528,2.6182,3.3432,176,54
0.22231,2.6192,3.3405,176,54
0.22231,2.6192,3.3405,176,54
0.22231,2.6192,3.3405,176,54
0.22383,2.6189,3.3415,176,54
0.22383,2.6189,3.3415,176,54
0.22499,2.6187,3.3418,176,54
0.22499,2.6187,3.3418,176,54
0.22383,2.6189,3.3415,176,54
0.22383,2.6189,3.3415,176,54
0.22383,2.6189,3.3415,176,54
0.22383,2.6189,3.3415,176,54
0.22383,2.6189,3.3415,176,54
0.2224,2.6168,3.3416,176,54
0.22205,2.6182,3.3416,176,54
0.22205,2.6182,3.3416,176,54
0.22489,2.6185,3.3418,176,54
0.22499,2.6187,3.3418,176,54
0.22499,2.6187,3.3418,176,54
0.44143,2.448,2.7089,178,55
0.44115,2.4478,2.7094,178,55
0.44094,2.4464,2.7081,178,55
0.44147,2.447,2.7092,178,55
0.44094,2.4464,2.7081,178,55
0.44147,2.447,2.7092,178,55
0.44147,2.447,2.7092,178,55
0.44142,2.4471,2.7096,178,55
0.44147,2.447,2.7092,178,55
0.44115,2.4478,2.7094,178,55
0.44143,2.448,2.7089,178,55
0.43974,2.4461,2.7068,178,55
0.44327,2.4488,2.7106,178,55
0.43974,2.4461,2.7068,178,55
0.44115,2.4478,2.7094,178,55
0.44142,2.4471,2.7096,178,55
0.44142,2.4471,2.7096,178,55
0.44142,2.4471,2.7096,178,55
0.44327,2.4488,2.7106,178,55
0.44115,2.4478,2.7094,178,55
1.0483,2.1675,3.6612,179,56
1.0483,2.1675,3.6612,179,56
1.0483,2.1675,3.6612,179,56
1.0483,2.1675,3.6612,179,56
1.0483,2.1675,3.6612,179,56
1.0483,2.1675,3.6612,179,56
1.0483,2.1675,3.6612,179,56
1.0483,2.1675,3.6612,179,56
1.0483,2.1675,3.6612,179,56
1.0491,2.1666,3.6614,179,56
1.0491,2.1666,3.6614,179,56
1.0491,2.1666,3.6614,179,56
1.0483,2.1675,3.6612,179,56
1.0483,2.1675,3.6612,179,56
1.0483,2.1675,3.6612,179,56
1.0483,2.1675,3.6612,179,56
1.0483,2.1675,3.6612,179,56
1.0483,2.1676,3.661,179,56
1.0483,2.1676,3.661,179,56
1.0483,2.1676,3.661,179,56
1.0483,2.1675,3.6612,179,56
0.44317,2.4506,2.7124,185,57
0.44481,2.4504,2.7134,185,57
0.44317,2.4506,2.7124,185,57
0.44317,2.4506,2.7124,185,57
0.44317,2.4506,2.7124,185,57
0.44317,2.4506,2.7124,185,57
0.44481,2.4504,2.7134,185,57
0.44481,2.4504,2.7134,185,57
0.44252,2.4518,2.7127,185,57
0.44317,2.4506,2.7124,185,57
0.44481,2.4504,2.7134,185,57
0.44576,2.4505,2.7137,185,57
0.44252,2.4518,2.7127,185,57
0.44317,2.4506,2.7124,185,57
0.44317,2.4506,2.7124,185,57
0.44481,2.4504,2.7134,185,57
0.44481,2.4504,2.7134,185,57
0.44576,2.4505,2.7137,185,57
0.44317,2.4506,2.7124,185,57
0.44317,2.4506,2.7124,185,57
2.9751,2.8705,5.8918,186,58
2.9739,2.8703,5.8897,186,58
2.9756,2.8701,5.8929,186,58
2.9756,2.8701,5.8929,186,58
2.9756,2.8701,5.8929,186,58
2.9737,2.8699,5.8898,186,58
2.9739,2.8703,5.8897,186,58
2.9737,2.8699,5.8898,186,58
2.9754,2.8707,5.8929,186,58
2.9766,2.8704,5.8942,186,58
2.9737,2.8699,5.8898,186,58
2.9737,2.8699,5.8898,186,58
2.9756,2.8701,5.8929,186,58
2.9756,2.8701,5.8929,186,58
2.9756,2.8701,5.8929,186,58
2.9737,2.8699,5.8898,186,58
1.8896,1.9667,3.9048,190,59
1.8896,1.9667,3.9048,190,59
1.8898,1.9665,3.9049,190,59
1.8898,1.9665,3.9049,190,59
1.8892,1.9669,3.9049,190,59
1.8898,1.9665,3.9049,190,59
1.8898,1.9665,3.9049,190,59
1.8892,1.9669,3.9049,190,59
1.8888,1.967,3.9045,190,59
1.8888,1.967,3.9045,190,59
1.8896,1.9665,3.9052,190,59
1.8896,1.9665,3.9052,190,59
1.8899,1.9665,3.9052,190,59
1.8888,1.9668,3.905,190,59
1.8887,1.9668,3.9045,190,59
1.8887,1.9668,3.9045,190,59
1.8896,1.9669,3.9047,190,59
1.8896,1.9669,3.9047,190,59
1.8901,1.966,3.9043,190,59
1.8888,1.967,3.9045,190,59
1.8898,1.9665,3.9049,190,59
1.8896,1.9665,3.9052,190,59
1.8899,1.9665,3.9052,190,59
1.8896,1.9665,3.9052,190,59
1.8899,1.9665,3.9052,190,59
1.8901,1.966,3.9043,190,59
1.8896,1.9665,3.9052,190,59
1.8888,1.967,3.9045,190,59
1.8888,1.967,3.9045,190,59
2.1423,2.1551,4.9819,192,60
2.1423,2.1537,4.9809,192,60
2.1423,2.1551,4.9819,192,60
2.1423,2.1537,4.9809,192,60
2.1423,2.1537,4.9809,192,60
2.1421,2.1536,4.9806,192,60
2.1423,2.1537,4.9809,192,60
2.1421,2.1536,4.9806,192,60
2.1423,2.1551,4.9819,192,60
2.1423,2.1551,4.9819,192,60
2.1423,2.1551,4.9819,192,60
2.1423,2.1537,4.9809,192,60
2.1423,2.1537,4.9809,192,60
2.1421,2.1538,4.98,192,60
2.1421,2.1536,4.9806,192,60
2.1421,2.1536,4.9806,192,60
2.1423,2.1551,4.9819,192,60
2.1423,2.1537,4.9809,192,60
2.1423,2.1537,4.9809,192,60
2.1421,2.1536,4.9806,192,60
4.6737,2.9892,0.39779,195,61
4.6737,2.9892,0.39779,195,61
4.6787,2.9888,0.40328,195,61
4.6787,2.9888,0.40328,195,61
4.7071,2.9862,0.43224,195,61
4.7071,2.9862,0.43224,195,61
4.7124,2.9859,0.43783,195,61
4.7124,2.9859,0.43783,195,61
4.7124,2.9859,0.43783,195,61
4.7124,2.9859,0.43783,195,61
4.6787,2.9888,0.40328,195,61
4.6737,2.9892,0.39779,195,61
4.6736,2.9895,0.39698,195,61
4.6799,2.9889,0.40398,195,61
4.7076,2.9861,0.43269,195,61
4.7076,2.9861,0.43269,195,61
4.6787,2.9888,0.40328,195,61
4.7124,2.9859,0.43783,195,61
4.7124,2.9859,0.43783,195,61
4.7124,2.9859,0.43783,195,61
4.7124,2.9859,0.43783,195,61
4.7124,2.9859,0.43783,195,61
4.7124,2.9859,0.43783,195,61
1.2396,2.6225,2.8904,198,62
1.2397,2.6219,2.8914,198,62
1.2397,2.6217,2.8914,198,62
1.2397,2.6219,2.8914,198,62
1.2402,2.6214,2.8914,198,62
1.2397,2.6217,2.8914,198,62
1.2397,2.6219,2.8914,198,62
1.2402,2.6214,2.8914,198,62
1.2402,2.6214,2.8914,198,62
1.2402,2.6214,2.8914,198,62
1.2402,2.6214,2.8914,198,62
1.2405,2.6219,2.8924,198,62
1.2396,2.6225,2.8904,198,62
1.2396,2.6225,2.8904,198,62
1.2405,2.6219,2.8924,198,62
1.2405,2.6216,2.892,198,62
1.2402,2.6214,2.8914,198,62
1.2402,2.6214,2.8914,198,62
1.2541,2.6832,2.7607,198,62
1.2541,2.6832,2.7607,198,62
1.2396,2.6225,2.8904,198,62
1.2397,2.6217,2.8914,198,62
1.2402,2.6214,2.8914,198,62
1.2402,2.6214,2.8914,198,62
1.2397,2.6217,2.8914,198,62
1.2397,2.6217,2.8914,198,62
0.69923,1.9294,2.9948,202,63
0.69908,1.9302,2.9951,202,63
0.69923,1.9294,2.9948,202,63
0.69908,1.9302,2.9951,202,63
0.69908,1.9302,2.9951,202,63
0.69908,1.9302,2.9951,202,63
0.69908,1.9302,2.9951,202,63
0.69963,1.9309,2.995,202,63
0.69963,1.9309,2.995,202,63
0.69963,1.9309,2.995,202,63
0.69908,1.9302,2.9951,202,63
0.69923,1.9294,2.9948,202,63
0.69923,1.9294,2.9948,202,63
0.69923,1.9294,2.9948,202,63
0.69923,1.9294,2.9948,202,63
0.69963,1.9309,2.995,202,63
0.69963,1.9309,2.995,202,63
0.69963,1.9309,2.995,202,63
0.69731,1.9277,2.9942,202,63
0.69731,1.9277,2.9942,202,63
0.69963,1.9309,2.995,202,63
0.69963,1.9309,2.995,202,63
0.69908,1.9302,2.9951,202,63
0.69908,1.9302,2.9951,202,63
0.69963,1.9309,2.995,202,63
1.9791,1.8998,3.8195,207,64
1.978,1.899,3.8191,207,64
1.9791,1.8998,3.8195,207,64
1.978,1.8992,3.8193,207,64
1.9791,1.8998,3.8195,207,64
1.978,1.8992,3.8193,207,64
1.9782,1.8988,3.8193,207,64
1.9782,1.8988,3.8193,207,64
1.978,1.8992,3.8193,207,64
1.9782,1.8988,3.8193,207,64
1.978,1.899,3.8191,207,64
1.9788,1.8985,3.8193,207,64
1.9779,1.8985,3.8193,207,64
1.9779,1.8985,3.8193,207,64
1.9791,1.8998,3.8195,207,64
1.9791,1.8998,3.8195,207,64
1.9791,1.8998,3.8195,207,64
1.979,1.898,3.8194,207,64
1.979,1.898,3.8194,207,64
1.9779,1.899,3.8189,207,64
1.9779,1.8985,3.8193,207,64
1.9779,1.8985,3.8193,207,64
1.9779,1.8985,3.8193,207,64
1.9779,1.899,3.8189,207,64
1.9779,1.899,3.8189,207,64
1.9779,1.899,3.8189,207,64
1.9791,1.8998,3.8195,207,64
1.978,1.8992,3.8193,207,64
1.9782,1.8988,3.8193,207,64
1.9782,1.8988,3.8193,207,64
1.1921,1.8463,3.6427,208,65
1.1929,1.8472,3.6435,208,65
1.193,1.848,3.6442,208,65
1.1929,1.8472,3.6435,208,65
1.193,1.848,3.6442,208,65
1.193,1.848,3.6442,208,65
1.1931,1.8482,3.6445,208,65
1.1931,1.8482,3.6445,208,65
1.1928,1.8471,3.6434,208,65
1.193,1.848,3.6442,208,65
1.1928,1.8471,3.6434,208,65
1.1928,1.8471,3.6434,208,65
1.1921,1.8463,3.6427,208,65
1.1928,1.847,3.6431,208,65
1.1928,1.847,3.6431,208,65
1.1921,1.8463,3.6427,208,65
1.1928,1.847,3.6431,208,65
1.1931,1.8482,3.6445,208,65
1.1928,1.8471,3.6434,208,65
1.1928,1.8471,3.6434,208,65
1.1928,1.8471,3.6434,208,65
1.1928,1.8471,3.6434,208,65
1.1921,1.8463,3.6427,208,65
1.1921,1.8463,3.6427,208,65
1.1928,1.8471,3.6434,208,65
1.1928,1.8471,3.6434,208,65
1.1928,1.8471,3.6434,208,65
1.1928,1.8471,3.6434,208,65
1.1931,1.8482,3.6445,208,65
1.1931,1.8482,3.6445,208,65
1.3914,2.1558,3.176,211,66
1.3914,2.1558,3.176,211,66
1.3903,2.1564,3.1749,211,66
1.3921,2.1562,3.1768,211,66
1.3903,2.1564,3.1749,211,66
1.3918,2.1561,3.1762,211,66
1.3911,2.1562,3.1753,211,66
1.3918,2.1561,3.1762,211,66
1.3908,2.1562,3.1753,211,66
1.3908,2.1562,3.1753,211,66
1.3902,2.1565,3.1745,211,66
1.3904,2.1565,3.1754,211,66
1.3893,2.1567,3.174,211,66
1.3893,2.1567,3.174,211,66
1.3893,2.1567,3.174,211,66
1.39,2.1566,3.1759,211,66
1.3904,2.1565,3.1754,211,66
1.39,2.1567,3.176,211,66
1.3904,2.1565,3.1754,211,66
1.39,2.1567,3.176,211,66
1.3922,2.1561,3.1768,211,66
1.3922,2.1561,3.1768,211,66
1.3924,2.1556,3.1768,211,66
1.3918,2.1561,3.1762,211,66
1.3921,2.1562,3.1768,211,66
1.3921,2.1562,3.1768,211,66
1.3901,2.1565,3.1763,211,66
1.3901,2.1565,3.1763,211,66
1.3901,2.1565,3.1763,211,66
1.39,2.1566,3.1759,211,66
1.39,2.1566,3.1759,211,66
1.39,2.1566,3.1759,211,66
1.3902,2.1565,3.1745,211,66
1.3902,2.1565,3.1745,211,66
1.3908,2.1562,3.1753,211,66
1.3893,2.1567,3.174,211,66
1.3893,2.1567,3.174,211,66
1.3893,2.1567,3.174,211,66
1.3893,2.1567,3.174,211,66
1.39,2.1566,3.1759,211,66
1.3912,2.1558,3.1755,211,66
1.3914,2.1558,3.176,211,66
1.3916,2.1556,3.1763,211,66
1.3912,2.1558,3.1755,211,66
1.3903,2.1564,3.1749,211,66
1.3902,2.1565,3.1745,211,66
1.3902,2.1565,3.1745,211,66
1.3914,2.1558,3.176,211,66
1.3921,2.1562,3.1768,211,66
1.3921,2.1562,3.1768,211,66
1.3924,2.1557,3.177,211,66
1.3927,2.1556,3.1777,211,66
1.3927,2.1556,3.1777,211,66
1.3901,2.1565,3.1763,211,66
1.3901,2.1565,3.1763,211,66
1.3901,2.1565,3.1763,211,66
1.39,2.1566,3.1759,211,66
1.39,2.1566,3.1759,211,66
1.39,2.1566,3.1759,211,66
1.39,2.1566,3.1759,211,66
0.45929,2.4505,2.5654,213,67
0.45929,2.4505,2.5654,213,67
0.46016,2.45,2.5658,213,67
0.46016,2.45,2.5658,213,67
0.46016,2.45,2.5658,213,67
0.46016,2.45,2.5658,213,67
0.45928,2.4492,2.5653,213,67
0.46016,2.45,2.5658,213,67
0.45929,2.4505,2.5654,213,67
0.45928,2.4492,2.5653,213,67
0.45928,2.4492,2.5653,213,67
0.45924,2.45,2.5655,213,67
0.45924,2.45,2.5655,213,67
0.45929,2.4505,2.5654,213,67
0.45929,2.4505,2.5654,213,67
0.45929,2.4505,2.5654,213,67
0.45929,2.4505,2.5654,213,67
0.45872,2.4521,2.5653,213,67
0.45872,2.4521,2.5653,213,67
2.467,2.7222,4.9902,216,68
2.467,2.7222,4.9902,216,68
2.4688,2.7222,4.9899,216,68
2.4688,2.7222,4.9899,216,68
2.469,2.7226,4.9894,216,68
2.4679,2.7236,4.9891,216,68
2.4679,2.7236,4.9891,216,68
2.469,2.7226,4.9894,216,68
2.4673,2.7246,4.9906,216,68
2.4679,2.7236,4.9891,216,68
2.4673,2.7246,4.9906,216,68
2.4673,2.7246,4.9906,216,68
2.468,2.7233,4.9909,216,68
2.468,2.7233,4.9909,216,68
2.4677,2.7249,4.9912,216,68
2.4677,2.7249,4.9912,216,68
2.468,2.7233,4.9909,216,68
2.4673,2.7246,4.9913,216,68
2.4665,2.7245,4.9906,216,68
2.4667,2.7242,4.9916,216,68
2.4665,2.7245,4.9906,216,68
2.4667,2.7242,4.9916,216,68
2.4672,2.7231,4.9916,216,68
2.4668,2.7237,4.9919,216,68
2.4666,2.7228,4.9908,216,68
2.4678,2.7232,4.989,216,68
2.4678,2.7232,4.989,216,68
2.4678,2.7232,4.989,216,68
2.4678,2.7232,4.989,216,68
2.467,2.7222,4.9902,216,68
2.4678,2.7232,4.989,216,68
2.4678,2.7232,4.989,216,68
2.4669,2.7248,4.9886,216,68
2.4669,2.7248,4.9886,216,68
2.4682,2.7236,4.9889,216,68
2.4678,2.7232,4.989,216,68
2.4669,2.7248,4.9886,216,68
2.4669,2.7248,4.9886,216,68
2.4677,2.7249,4.9912,216,68
2.4677,2.7249,4.9912,216,68
2.4677,2.7249,4.9912,216,68
2.468,2.7233,4.9909,216,68
2.468,2.7233,4.9909,216,68
2.468,2.7233,4.9909,216,68
2.4667,2.7242,4.9916,216,68
2.467,2.7232,4.9914,216,68
2.467,2.7232,4.9914,216,68
2.4668,2.7237,4.9919,216,68
2.4667,2.7242,4.9916,216,68
2.4667,2.7242,4.9916,216,68
2.467,2.7222,4.9902,216,68
2.4666,2.7228,4.9908,216,68
2.4666,2.7228,4.9908,216,68
0.63811,1.9457,3.1183,217,69
0.63656,1.9478,3.1194,217,69
0.63762,1.9477,3.1194,217,69
0.63762,1.9477,3.1194,217,69
0.63762,1.9477,3.1194,217,69
0.63762,1.9477,3.1194,217,69
0.63635,1.9474,3.1197,217,69
0.63762,1.9477,3.1194,217,69
0.63762,1.9477,3.1194,217,69
0.63635,1.9474,3.1197,217,69
0.63635,1.9474,3.1197,217,69
0.63635,1.9474,3.1197,217,69
0.63635,1.9474,3.1197,217,69
0.63635,1.9474,3.1197,217,69
0.63635,1.9474,3.1197,217,69
0.63762,1.9477,3.1194,217,69
0.63635,1.9474,3.1197,217,69
0.63656,1.9478,3.1194,217,69
0.63811,1.9457,3.1183,217,69
0.63811,1.9457,3.1183,217,69
0.63762,1.9477,3.1194,217,69
0.63762,1.9477,3.1194,217,69
0.63762,1.9477,3.1194,217,69
0.63762,1.9477,3.1194,217,69
0.63635,1.9474,3.1197,217,69
0.63635,1.9474,3.1197,217,69
0.63635,1.9474,3.1197,217,69
0.63635,1.9474,3.1197,217,69
0.63635,1.9474,3.1197,217,69
0.63797,1.9466,3.1185,217,69
0.63614,1.9479,3.1196,217,69
0.63614,1.9479,3.1196,217,69
0.63635,1.9474,3.1197,217,69
0.63762,1.9477,3.1194,217,69
0.63762,1.9477,3.1194,217,69
0.63635,1.9474,3.1197,217,69
0.52178,3.0393,2.4384,219,70
0.52178,3.0393,2.4384,219,70
0.52043,3.0395,2.437,219,70
0.52043,3.0395,2.437,219,70
0.51349,3.0398,2.4294,219,70
0.51175,3.0393,2.4277,219,70
0.51349,3.0398,2.4294,219,70
0.51175,3.0393,2.4277,219,70
0.51175,3.0393,2.4277,219,70
0.51349,3.0398,2.4294,219,70
0.5141,3.0391,2.4294,219,70
0.5141,3.0391,2.4294,219,70
0.5141,3.0391,2.4294,219,70
0.51612,3.04,2.4324,219,70
0.51612,3.04,2.4324,219,70
0.5141,3.0391,2.4294,219,70
0.52363,3.0388,2.4397,219,70
0.52363,3.0388,2.4397,219,70
0.51979,3.0396,2.4363,219,70
0.52178,3.0393,2.4384,219,70
0.52043,3.0395,2.437,219,70
0.51175,3.0393,2.4277,219,70
0.51175,3.0393,2.4277,219,70
0.5141,3.0391,2.4294,219,70
0.52178,3.0393,2.4384,219,70
0.52178,3.0393,2.4384,219,70
0.5141,3.0391,2.4294,219,70
0.5141,3.0391,2.4294,219,70
0.5141,3.0391,2.4294,219,70
6.1726,2.863,2.5375,222,71
6.1726,2.863,2.5375,222,71
6.1722,2.863,2.5367,222,71
6.1726,2.863,2.5375,222,71
6.1722,2.863,2.5367,222,71
6.1722,2.863,2.5367,222,71
6.1722,2.863,2.5367,222,71
6.1722,2.863,2.5367,222,71
6.1722,2.863,2.5367,222,71
6.1726,2.863,2.5375,222,71
6.1693,2.8632,2.5343,222,71
6.1726,2.863,2.5375,222,71
6.1726,2.863,2.5375,222,71
6.1726,2.863,2.5375,222,71
6.1693,2.8632,2.5343,222,71
6.1722,2.863,2.5367,222,71
6.1726,2.863,2.5375,222,71
6.1726,2.863,2.5375,222,71
6.1726,2.863,2.5375,222,71
6.1726,2.863,2.5375,222,71
6.1726,2.863,2.5375,222,71
6.1722,2.863,2.5367,222,71
6.1722,2.863,2.5367,222,71
6.1722,2.863,2.5367,222,71
4.6728,2.9909,0.39492,223,72
4.677,2.9907,0.39965,223,72
4.6756,2.9908,0.39795,223,72
4.6788,2.9905,0.40173,223,72
4.6874,2.9898,0.41072,223,72
4.6874,2.9898,0.41072,223,72
4.6888,2.9894,0.41211,223,72
4.6874,2.9898,0.41072,223,72
4.6929,2.99,0.41544,223,72
4.6929,2.99,0.41544,223,72
4.6874,2.9898,0.41072,223,72
4.6874,2.9898,0.41072,223,72
4.6874,2.9898,0.41072,223,72
4.6874,2.9898,0.41072,223,72
4.6874,2.9898,0.41072,223,72
4.6788,2.9905,0.40173,223,72
4.677,2.9907,0.39965,223,72
4.674,2.9906,0.39633,223,72
4.6867,2.99,0.40974,223,72
4.6929,2.99,0.41544,223,72
4.6929,2.99,0.41544,223,72
4.6929,2.99,0.41544,223,72
4.6929,2.99,0.41544,223,72
4.677,2.9907,0.39965,223,72
4.6788,2.9905,0.40173,223,72
4.6874,2.9898,0.41072,223,72
4.6874,2.9898,0.41072,223,72
4.6874,2.9898,0.41072,223,72
4.6874,2.9898,0.41072,223,72
4.6929,2.99,0.41544,223,72
4.6929,2.99,0.41544,223,72
4.6874,2.9898,0.41072,223,72
2.4262,2.3362,4.5569,230,73
2.4262,2.3362,4.5569,230,73
2.4263,2.3363,4.5569,230,73
2.4263,2.3363,4.5569,230,73
2.4262,2.3366,4.5574,230,73
2.4262,2.3366,4.5574,230,73
2.4262,2.3366,4.5574,230,73
2.4262,2.3366,4.5574,230,73
2.4269,2.3378,4.5601,230,73
2.4269,2.3378,4.5601,230,73
2.4262,2.3364,4.5569,230,73
2.4264,2.336,4.557,230,73
2.426,2.336,4.5569,230,73
2.426,2.336,4.5569,230,73
2.4269,2.3378,4.5601,230,73
2.4262,2.3362,4.5569,230,73
2.4262,2.3362,4.5569,230,73
2.4262,2.3362,4.5569,230,73
2.4262,2.3362,4.5569,230,73
2.4262,2.3366,4.5574,230,73
2.4262,2.3366,4.5574,230,73
2.4269,2.3378,4.5601,230,73
2.4269,2.3378,4.5601,230,73
2.4269,2.3378,4.5601,230,73
2.5829,2.6258,4.0283,231,74
2.5829,2.6258,4.0283,231,74
2.5829,2.6258,4.0283,231,74
2.5829,2.6258,4.0283,231,74
2.5829,2.6258,4.0283,231,74
2.5829,2.6258,4.0283,231,74
2.5836,2.6257,4.0283,231,74
2.5836,2.6257,4.0283,231,74
2.5829,2.6258,4.0283,231,74
2.5829,2.6258,4.0283,231,74
2.5829,2.6258,4.0283,231,74
2.5829,2.6258,4.0283,231,74
2.5829,2.6258,4.0283,231,74
2.5822,2.6256,4.0273,231,74
2.5822,2.6256,4.0273,231,74
2.5822,2.6256,4.0273,231,74
2.3492,2.4097,3.7555,239,75
2.3492,2.4097,3.7555,239,75
2.3488,2.4106,3.7553,239,75
2.3488,2.4106,3.7553,239,75
2.3488,2.4106,3.7553,239,75
2.3475,2.4114,3.7533,239,75
2.3475,2.4114,3.7533,239,75
2.3475,2.4114,3.7533,239,75
2.3475,2.4114,3.7533,239,75
2.3501,2.4073,3.7555,239,75
2.349,2.4099,3.7555,239,75
2.349,2.4099,3.7555,239,75
2.349,2.4099,3.7555,239,75
2.3475,2.4114,3.7533,239,75
2.3475,2.4114,3.7533,239,75
2.3475,2.4114,3.7533,239,75
2.349,2.4099,3.7555,239,75
2.3475,2.4114,3.7533,239,75
2.1844,1.8848,4.9,241,76
2.1844,1.8848,4.9,241,76
2.1841,1.8845,4.8997,241,76
2.1841,1.8845,4.8997,241,76
2.1844,1.8848,4.9,241,76
2.1841,1.8845,4.8997,241,76
2.1841,1.8845,4.8997,241,76
2.1844,1.8848,4.9,241,76
2.1835,1.8849,4.8998,241,76
2.1841,1.8845,4.8997,241,76
2.1835,1.8849,4.8998,241,76
2.1844,1.8848,4.9,241,76
2.1844,1.8848,4.9,241,76
2.1844,1.8848,4.9,241,76
2.1844,1.8848,4.9,241,76
2.1844,1.8848,4.9,241,76
2.1844,1.8848,4.9,241,76
2.1844,1.8848,4.9,241,76
2.1844,1.8848,4.9,241,76
2.1841,1.8845,4.8997,241,76
2.1841,1.8845,4.8997,241,76
2.1841,1.8845,4.8997,241,76
2.1835,1.8849,4.8998,241,76
2.1835,1.8849,4.8998,241,76
2.1835,1.8849,4.8998,241,76
2.6476,2.2911,4.7933,242,77
2.6476,2.2911,4.7933,242,77
2.6477,2.2915,4.7942,242,77
2.6477,2.2915,4.7942,242,77
2.6474,2.2912,4.794,242,77
2.6477,2.2915,4.7942,242,77
2.6474,2.2912,4.794,242,77
2.6474,2.2912,4.794,242,77
2.647,2.2911,4.7933,242,77
2.647,2.2911,4.7933,242,77
2.6474,2.2911,4.7931,242,77
2.647,2.2912,4.7932,242,77
2.6474,2.2911,4.794,242,77
2.6474,2.2911,4.794,242,77
2.647,2.2911,4.7933,242,77
2.6476,2.2911,4.7933,242,77
2.6476,2.2911,4.7933,242,77
2.6477,2.2915,4.7942,242,77
2.6477,2.2915,4.7942,242,77
2.6474,2.2912,4.794,242,77
2.647,2.2911,4.7933,242,77
2.6476,2.2911,4.7933,242,77
2.647,2.2911,4.7933,242,77
2.647,2.2911,4.7933,242,77
2.4705,2.7217,4.9944,245,78
2.4705,2.7217,4.9944,245,78
2.4716,2.7213,4.9955,245,78
2.4716,2.7213,4.9955,245,78
2.4716,2.7213,4.9955,245,78
2.4716,2.7213,4.9955,245,78
2.4716,2.7213,4.9955,245,78
2.4708,2.7235,4.9956,245,78
2.4708,2.7235,4.9956,245,78
2.4708,2.7235,4.9956,245,78
2.4705,2.7217,4.9944,245,78
2.4716,2.7213,4.9955,245,78
2.4716,2.7213,4.9955,245,78
2.4716,2.7213,4.9955,245,78
2.4716,2.7213,4.9955,245,78
2.4716,2.7213,4.9955,245,78
2.4716,2.7213,4.9955,245,78
2.4705,2.7217,4.9944,245,78
2.4705,2.7217,4.9944,245,78
1.8898,1.9658,3.9078,246,79
1.8898,1.9658,3.9078,246,79
1.8898,1.9658,3.9078,246,79
1.8898,1.9658,3.9078,246,79
1.8905,1.9667,3.9067,246,79
1.8905,1.9667,3.9067,246,79
1.8908,1.9659,3.9068,246,79
1.89,1.9652,3.9069,246,79
1.89,1.9652,3.9069,246,79
1.8894,1.9665,3.9078,246,79
1.8894,1.9665,3.9078,246,79
1.89,1.9669,3.9065,246,79
1.89,1.9652,3.9069,246,79
1.89,1.9652,3.9069,246,79
1.8908,1.9659,3.9068,246,79
1.8908,1.9659,3.9068,246,79
1.8905,1.9667,3.9067,246,79
1.8905,1.9667,3.9067,246,79
1.8898,1.9658,3.9078,246,79
1.8898,1.9658,3.9078,246,79
1.89,1.9652,3.9069,246,79
0.77772,2.1417,3.9564,247,80
0.77916,2.1416,3.957,247,80
0.77772,2.1417,3.9564,247,80
0.77916,2.1416,3.957,247,80
0.78027,2.1417,3.9579,247,80
0.78027,2.1417,3.9579,247,80
0.77916,2.1416,3.957,247,80
0.78027,2.1417,3.9579,247,80
0.78027,2.1417,3.9579,247,80
0.77772,2.1417,3.9564,247,80
0.77772,2.1417,3.9564,247,80
0.78027,2.1417,3.9579,247,80
0.78027,2.1417,3.9579,247,80
0.78101,2.1421,3.9584,247,80
0.78027,2.1417,3.9579,247,80
0.77959,2.1424,3.9587,247,80
0.78057,2.1422,3.9585,247,80
0.78101,2.1421,3.9584,247,80
2.4682,2.7234,4.9928,249,81
2.4684,2.7234,4.9922,249,81
2.4684,2.7234,4.9922,249,81
2.4684,2.7234,4.9922,249,81
2.4682,2.724,4.9912,249,81
2.4684,2.7234,4.9922,249,81
2.4682,2.724,4.9912,249,81
2.4675,2.7246,4.9906,249,81
2.4684,2.7234,4.9922,249,81
2.4688,2.724,4.9928,249,81
2.4675,2.7246,4.9906,249,81
2.4688,2.724,4.9928,249,81
2.4699,2.7237,4.9943,249,81
2.4699,2.7237,4.9943,249,81
2.4699,2.7237,4.9943,249,81
2.4699,2.7237,4.9943,249,81
2.4699,2.7237,4.9943,249,81
2.4699,2.7237,4.9943,249,81
2.4684,2.7242,4.9919,249,81
2.4699,2.7237,4.9943,249,81
2.4699,2.7237,4.9943,249,81
2.4699,2.7237,4.9943,249,81
2.4699,2.7237,4.9943,249,81
2.4695,2.7235,4.9939,249,81
2.4699,2.7237,4.9943,249,81
2.4699,2.7237,4.9943,249,81
2.4695,2.7229,4.9935,249,81
2.4684,2.724,4.9924,249,81
2.4684,2.724,4.9924,249,81
2.4685,2.7243,4.993,249,81
2.4684,2.7242,4.9919,249,81
2.4684,2.7242,4.9919,249,81
2.4684,2.7242,4.9919,249,81
2.4684,2.7242,4.9919,249,81
2.4684,2.7242,4.9919,249,81
2.4678,2.7246,4.991,249,81
2.4682,2.724,4.9912,249,81
2.4684,2.7244,4.992,249,81
2.4689,2.7236,4.9923,249,81
2.4691,2.723,4.9924,249,81
2.4684,2.7234,4.9922,249,81
2.4684,2.7234,4.9922,249,81
2.4684,2.7234,4.9922,249,81
2.4684,2.7234,4.9922,249,81
2.4684,2.724,4.9914,249,81
2.4684,2.7244,4.992,249,81
2.4684,2.7244,4.992,249,81
2.4688,2.7248,4.9932,249,81
2.4685,2.7243,4.993,249,81
2.4684,2.724,4.9914,249,81
2.4682,2.724,4.9912,249,81
2.4678,2.7246,4.991,249,81
2.4699,2.7237,4.9943,249,81
2.4684,2.7242,4.9919,249,81
2.4678,2.7246,4.991,249,81
2.4716,2.7216,4.994,249,81
2.4716,2.7216,4.994,249,81
2.4699,2.7237,4.9943,249,81
2.4699,2.7236,4.994,249,81
2.4685,2.7243,4.993,249,81
2.4699,2.7237,4.9943,249,81
2.4699,2.7237,4.9943,249,81
2.4699,2.7237,4.9943,249,81
2.4699,2.7237,4.9943,249,81
2.4682,2.7234,4.9928,249,81
2.4686,2.7231,4.9927,249,81
2.4682,2.7234,4.9928,249,81
2.4686,2.7231,4.9927,249,81
2.4699,2.7237,4.9943,249,81
2.4699,2.7237,4.9943,249,81
2.4682,2.7234,4.9928,249,81
2.4682,2.7234,4.9928,249,81
2.4682,2.7234,4.9928,249,81
2.4684,2.7234,4.9922,249,81
2.4684,2.7234,4.9922,249,81
2.4684,2.7234,4.9922,249,81
2.4699,2.7237,4.9943,249,81
2.4699,2.7237,4.9943,249,81
2.4684,2.7234,4.9922,249,81
2.4684,2.7234,4.9922,249,81
2.4684,2.7234,4.9922,249,81
2.4684,2.7234,4.9922,249,81
1.4458,2.3901,3.2603,250,82
1.4458,2.3901,3.2603,250,82
1.4458,2.3901,3.2603,250,82
1.4458,2.3901,3.2603,250,82
1.4458,2.3901,3.2603,250,82
1.4458,2.3901,3.2603,250,82
1.4448,2.3901,3.2601,250,82
1.4448,2.3901,3.2601,250,82
1.4448,2.3901,3.2601,250,82
1.4448,2.3901,3.2601,250,82
1.4463,2.3887,3.2594,250,82
1.4463,2.3887,3.2594,250,82
1.4458,2.3899,3.26,250,82
1.4447,2.3902,3.2595,250,82
1.4458,2.3901,3.2603,250,82
1.4458,2.3901,3.2603,250,82
1.4458,2.3901,3.2603,250,82
1.4448,2.3901,3.2601,250,82
1.4448,2.3901,3.2601,250,82
1.4463,2.3887,3.2594,250,82
1.4458,2.3901,3.2603,250,82
1.4448,2.3901,3.2601,250,82
1.4448,2.3901,3.2601,250,82
1.4448,2.3901,3.2601,250,82
5.9186,2.8786,2.1982,251,83
5.9226,2.8798,2.2014,251,83
5.9242,2.8798,2.2025,251,83
5.9226,2.8798,2.2014,251,83
5.9242,2.8798,2.2025,251,83
5.9242,2.8798,2.2025,251,83
5.9208,2.8786,2.2,251,83
5.9242,2.8798,2.2025,251,83
5.9208,2.8786,2.2,251,83
5.9186,2.8786,2.1982,251,83
5.9186,2.8786,2.1982,251,83
5.9226,2.8798,2.2014,251,83
5.9186,2.8786,2.1982,251,83
5.9208,2.8786,2.2,251,83
5.9208,2.8786,2.2,251,83
5.9186,2.8786,2.1982,251,83
5.9186,2.8786,2.1982,251,83
5.9186,2.8786,2.1982,251,83
5.9208,2.8786,2.2,251,83
5.9208,2.8786,2.2,251,83
5.9226,2.8798,2.2014,251,83
5.9208,2.8786,2.2,251,83
5.9208,2.8786,2.2,251,83
1.8598,1.8015,3.4739,252,84
1.8598,1.8015,3.4739,252,84
1.8598,1.8015,3.4739,252,84
1.8598,1.8015,3.4739,252,84
1.8598,1.8015,3.4739,252,84
1.8598,1.8015,3.4739,252,84
1.8598,1.8015,3.4739,252,84
1.8598,1.8015,3.4739,252,84
1.8598,1.8015,3.4739,252,84
1.8598,1.8008,3.4746,252,84
1.8598,1.8008,3.4746,252,84
1.8598,1.8015,3.4739,252,84
1.8598,1.8015,3.4739,252,84
1.8598,1.8015,3.4739,252,84
1.8598,1.8015,3.4739,252,84
1.8598,1.8015,3.4739,252,84
1.8598,1.8015,3.4739,252,84
1.8598,1.8015,3.4739,252,84
1.8598,1.8015,3.4739,252,84
1.8595,1.8007,3.4746,252,84
1.8595,1.8007,3.4746,252,84
1.8595,1.8007,3.4746,252,84
1.6041,2.0102,3.3942,258,85
1.6041,2.0102,3.3942,258,85
1.6041,2.0102,3.3942,258,85
1.6041,2.0102,3.3942,258,85
1.6041,2.0102,3.3942,258,85
1.6041,2.0102,3.3942,258,85
1.6054,2.0098,3.3946,258,85
1.6054,2.0098,3.3946,258,85
1.6041,2.0102,3.3942,258,85
1.6041,2.0102,3.3942,258,85
1.6054,2.0098,3.3946,258,85
1.6054,2.0098,3.3946,258,85
1.6054,2.0098,3.3946,258,85
1.6041,2.0102,3.3942,258,85
1.6041,2.0102,3.3942,258,85
1.6041,2.0102,3.3942,258,85
0.76229,2.7071,3.3747,259,86
1.1099,2.8001,3.6376,259,86
0.76229,2.7071,3.3747,259,86
1.1099,2.8001,3.6376,259,86
1.1099,2.8001,3.6376,259,86
1.1099,2.8001,3.6376,259,86
1.1099,2.8001,3.6376,259,86
0.73975,2.6979,3.3591,259,86
0.73975,2.6979,3.3591,259,86
1.1099,2.8001,3.6376,259,86
1.1099,2.8001,3.6376,259,86
1.1099,2.8001,3.6376,259,86
1.1169,2.8008,3.6433,259,86
1.1182,2.8012,3.6444,259,86
1.1182,2.8012,3.6444,259,86
0.76229,2.7071,3.3747,259,86
1.1099,2.8001,3.6376,259,86
1.1099,2.8001,3.6376,259,86
1.1099,2.8001,3.6376,259,86
0.90704,2.8338,3.8049,261,87
0.90704,2.8338,3.8049,261,87
0.90704,2.8338,3.8049,261,87
0.90722,2.8338,3.8039,261,87
0.90722,2.8338,3.8039,261,87
0.90722,2.8338,3.8039,261,87
0.90722,2.8338,3.8039,261,87
0.90704,2.8338,3.8049,261,87
0.90704,2.8338,3.8049,261,87
0.90722,2.8338,3.8039,261,87
0.90722,2.8338,3.8039,261,87
0.90722,2.8338,3.8039,261,87
0.90704,2.8338,3.8049,261,87
0.90704,2.8338,3.8049,261,87
0.90722,2.8338,3.8039,261,87
0.90722,2.8338,3.8039,261,87
1.1194,2.8,3.645,264,88
1.1204,2.8002,3.6463,264,88
1.1194,2.8,3.645,264,88
1.1204,2.8002,3.6463,264,88
1.1204,2.8002,3.6463,264,88
1.1204,2.8002,3.6463,264,88
1.1204,2.8002,3.6463,264,88
1.1207,2.8002,3.6469,264,88
1.1196,2.7999,3.645,264,88
1.1202,2.8001,3.646,264,88
1.1196,2.7999,3.645,264,88
1.1207,2.8002,3.6469,264,88
1.1207,2.8002,3.6469,264,88
1.1202,2.8001,3.646,264,88
1.1207,2.8002,3.6469,264,88
1.1207,2.8002,3.6469,264,88
1.1194,2.8,3.645,264,88
1.1204,2.8002,3.6463,264,88
1.1204,2.8002,3.6463,264,88
1.1204,2.8002,3.6463,264,88
1.8396,1.7997,4.0957,265,89
1.8396,1.7997,4.0957,265,89
1.8396,1.8006,4.0944,265,89
1.8396,1.8006,4.0944,265,89
1.8396,1.7996,4.0957,265,89
1.8396,1.8006,4.0944,265,89
1.8396,1.8006,4.0944,265,89
1.8396,1.8004,4.0947,265,89
1.8396,1.8004,4.0947,265,89
1.8396,1.8006,4.0944,265,89
1.8396,1.8004,4.0947,265,89
1.8397,1.8016,4.0929,265,89
1.8397,1.8016,4.0929,265,89
1.8397,1.7998,4.0949,265,89
1.8397,1.7998,4.0949,265,89
1.8395,1.7998,4.0959,265,89
1.838,1.8018,4.0937,265,89
1.838,1.8018,4.0937,265,89
1.838,1.8018,4.0937,265,89
1.838,1.8018,4.0937,265,89
1.8393,1.8002,4.0958,265,89
1.8393,1.8002,4.0958,265,89
1.8397,1.7998,4.0949,265,89
1.8401,1.8006,4.0934,265,89
1.8401,1.8006,4.0934,265,89
1.8396,1.7997,4.0957,265,89
1.8395,1.7997,4.0958,265,89
1.8395,1.7997,4.0958,265,89
1.8397,1.8016,4.0929,265,89
1.8397,1.8016,4.0929,265,89
1.838,1.8018,4.0937,265,89
1.838,1.8018,4.0937,265,89
1.838,1.8018,4.0937,265,89
1.838,1.8018,4.0937,265,89
1.838,1.8018,4.0937,265,89
1.8396,1.7997,4.0957,265,89
1.8396,1.7997,4.0957,265,89
1.8396,1.7997,4.0957,265,89
1.8397,1.8016,4.0929,265,89
1.8397,1.8016,4.0929,265,89
1.91,2.0681,4.3848,269,90
1.9102,2.0695,4.3849,269,90
1.91,2.0681,4.3848,269,90
1.9102,2.0695,4.3849,269,90
1.9102,2.0695,4.3849,269,90
1.9102,2.0695,4.3849,269,90
1.9102,2.0695,4.3849,269,90
1.9102,2.0695,4.3849,269,90
1.9102,2.0695,4.3849,269,90
1.9102,2.0695,4.3849,269,90
1.9102,2.0695,4.3849,269,90
1.9102,2.0695,4.3849,269,90
1.9102,2.0695,4.3849,269,90
1.9102,2.0695,4.3849,269,90
1.9102,2.0695,4.3849,269,90
1.9102,2.0695,4.3849,269,90
1.9101,2.0676,4.3846,269,90
1.9101,2.0676,4.3846,269,90
1.91,2.0681,4.3848,269,90
1.9102,2.0695,4.3849,269,90
1.9102,2.0695,4.3849,269,90
1.9102,2.0695,4.3849,269,90
1.9102,2.0695,4.3849,269,90
1.9102,2.0695,4.3849,269,90
1.9102,2.0695,4.3849,269,90
1.9102,2.0695,4.3849,269,90
1.9102,2.0695,4.3849,269,90
1.9093,2.0684,4.3843,269,90
1.9089,2.0695,4.3845,269,90
1.9089,2.0695,4.3845,269,90
1.9102,2.0695,4.3849,269,90
1.9102,2.0695,4.3849,269,90
1.9102,2.0695,4.3849,269,90
1.9102,2.0695,4.3849,269,90
1.088,1.9602,4.2611,271,91
1.0865,1.9617,4.2601,271,91
1.088,1.9602,4.2611,271,91
1.088,1.9602,4.2611,271,91
1.0865,1.9617,4.2601,271,91
1.0865,1.9617,4.2601,271,91
1.088,1.9602,4.2611,271,91
1.088,1.9602,4.2611,271,91
1.088,1.9602,4.2611,271,91
1.0865,1.9617,4.2601,271,91
1.0865,1.9617,4.2601,271,91
1.0865,1.9617,4.2601,271,91
1.0865,1.9617,4.2601,271,91
1.088,1.9602,4.2611,271,91
1.088,1.9602,4.2611,271,91
1.0865,1.9617,4.2601,271,91
0.97868,2.0901,2.8341,274,92
0.97868,2.0901,2.8341,274,92
0.97868,2.0901,2.8341,274,92
0.97868,2.0901,2.8341,274,92
0.97868,2.0901,2.8341,274,92
0.97868,2.0901,2.8341,274,92
0.97868,2.0901,2.8341,274,92
0.97937,2.0894,2.8341,274,92
0.97937,2.0894,2.8341,274,92
0.97868,2.0901,2.8341,274,92
0.97868,2.0901,2.8341,274,92
0.97868,2.0901,2.8341,274,92
0.9794,2.0898,2.834,274,92
0.9794,2.0898,2.834,274,92
0.9794,2.0898,2.834,274,92
0.97868,2.0901,2.8341,274,92
0.97868,2.0901,2.8341,274,92
0.97868,2.0901,2.8341,274,92
0.97868,2.0901,2.8341,274,92
0.74473,1.9991,2.7438,275,93
0.74431,1.9994,2.7442,275,93
0.74473,1.9991,2.7438,275,93
0.74431,1.9994,2.7442,275,93
0.74431,1.9994,2.7442,275,93
0.74431,1.9994,2.7442,275,93
0.74431,1.9994,2.7442,275,93
0.74431,1.9994,2.7442,275,93
0.74473,1.9991,2.7438,275,93
0.74473,1.9991,2.7438,275,93
0.74431,1.9994,2.7442,275,93
0.74431,1.9994,2.7442,275,93
0.74473,1.9991,2.7438,275,93
0.74331,1.9996,2.7436,275,93
0.74331,1.9996,2.7436,275,93
0.74431,1.9994,2.7442,275,93
0.74473,1.9991,2.7438,275,93
0.74431,1.9994,2.7442,275,93
0.74431,1.9994,2.7442,275,93
0.74431,1.9994,2.7442,275,93
1.6134,1.8045,3.9693,276,94
1.6133,1.8044,3.9695,276,94
1.6134,1.8045,3.9693,276,94
1.6133,1.8044,3.9695,276,94
1.6133,1.8044,3.9695,276,94
1.6133,1.8044,3.9695,276,94
1.6133,1.8044,3.9695,276,94
1.6138,1.8041,3.97,276,94
1.6127,1.8056,3.9686,276,94
1.6127,1.8056,3.9686,276,94
1.6138,1.8041,3.97,276,94
1.6138,1.8041,3.97,276,94
1.6134,1.8045,3.9693,276,94
1.6138,1.8041,3.97,276,94
1.6138,1.8041,3.97,276,94
1.6138,1.8041,3.97,276,94
1.6134,1.8045,3.9693,276,94
1.6133,1.8044,3.9695,276,94
1.6133,1.8044,3.9695,276,94
1.6133,1.8044,3.9695,276,94
1.3812,1.5868,3.8361,278,95
1.3812,1.5868,3.8361,278,95
1.3815,1.5873,3.836,278,95
1.3815,1.5873,3.836,278,95
1.3815,1.5873,3.836,278,95
1.3815,1.5873,3.836,278,95
1.3815,1.5873,3.836,278,95
1.3815,1.5873,3.836,278,95
1.3815,1.5873,3.836,278,95
1.3815,1.5873,3.836,278,95
1.3812,1.5868,3.8361,278,95
1.3817,1.5869,3.8362,278,95
1.3819,1.5874,3.8364,278,95
1.3819,1.5874,3.8364,278,95
1.3815,1.5873,3.836,278,95
1.3815,1.5873,3.836,278,95
1.3812,1.5868,3.8361,278,95
1.3815,1.5873,3.836,278,95
1.3815,1.5873,3.836,278,95
1.3815,1.5873,3.836,278,95
1.3809,1.5867,3.8362,278,95
1.3809,1.5867,3.8362,278,95
1.3809,1.5867,3.8362,278,95
1.3815,1.5873,3.836,278,95
1.3815,1.5873,3.836,278,95
2.7729,2.5906,4.6389,279,96
2.7729,2.5906,4.6389,279,96
2.7729,2.5906,4.6389,279,96
2.7729,2.5906,4.6389,279,96
2.7729,2.5906,4.6389,279,96
2.7729,2.5906,4.6389,279,96
2.7716,2.5913,4.6398,279,96
2.7716,2.5913,4.6398,279,96
2.7729,2.5906,4.6389,279,96
2.7729,2.5906,4.6389,279,96
2.7729,2.5906,4.6389,279,96
2.7729,2.5906,4.6389,279,96
2.7729,2.5906,4.6389,279,96
2.7729,2.5906,4.6389,279,96
2.7729,2.5906,4.6389,279,96
2.7729,2.5906,4.6389,279,96
2.1107,2.5551,4.922,286,97
2.1116,2.555,4.9231,286,97
2.1104,2.5552,4.9226,286,97
2.1098,2.5554,4.9222,286,97
2.109,2.5569,4.9208,286,97
2.1089,2.5569,4.9205,286,97
2.109,2.5569,4.9208,286,97
2.1089,2.5569,4.9205,286,97
2.1111,2.555,4.9242,286,97
2.1111,2.555,4.9242,286,97
2.1089,2.5569,4.9205,286,97
2.1111,2.555,4.9242,286,97
2.1098,2.5554,4.9222,286,97
2.1098,2.5554,4.9222,286,97
2.1116,2.555,4.9231,286,97
2.1098,2.5554,4.9222,286,97
2.1111,2.555,4.9242,286,97
2.1111,2.555,4.9242,286,97
2.1107,2.5551,4.922,286,97
2.1104,2.5552,4.9226,286,97
2.109,2.5569,4.9208,286,97
2.109,2.5569,4.9208,286,97
2.1098,2.5554,4.9222,286,97
2.1098,2.5554,4.9222,286,97
2.1098,2.5554,4.9222,286,97
2.1111,2.555,4.9242,286,97
2.1111,2.555,4.9242,286,97
2.1118,2.5555,4.923,286,97
2.1131,2.5558,4.9238,286,97
2.1131,2.5558,4.9238,286,97
2.1131,2.5558,4.9238,286,97
1.446,1.4657,4.2332,289,98
1.446,1.4657,4.2332,289,98
1.446,1.4657,4.2332,289,98
1.446,1.4657,4.2332,289,98
1.4459,1.4656,4.2334,289,98
1.4459,1.4656,4.2334,289,98
1.447,1.4652,4.2328,289,98
1.447,1.4652,4.2328,289,98
1.4459,1.4656,4.2334,289,98
1.4459,1.4656,4.2334,289,98
1.446,1.4653,4.2335,289,98
1.4466,1.4653,4.233,289,98
1.4466,1.4653,4.233,289,98
1.446,1.4657,4.2332,289,98
1.4459,1.4656,4.2334,289,98
1.4459,1.4656,4.2334,289,98
0.74363,1.9981,2.7435,293,99
0.74491,1.9975,2.7442,293,99
0.74363,1.9981,2.7435,293,99
0.74491,1.9975,2.7442,293,99
0.74491,1.9973,2.7443,293,99
0.74491,1.9973,2.7443,293,99
0.74491,1.9973,2.7443,293,99
0.74566,1.9971,2.7444,293,99
0.74491,1.9975,2.7442,293,99
0.74566,1.9971,2.7444,293,99
0.74491,1.9975,2.7442,293,99
0.74491,1.9975,2.7442,293,99
0.74447,1.9978,2.7426,293,99
0.74447,1.9978,2.7426,293,99
0.74491,1.9973,2.7443,293,99
0.74566,1.9971,2.7444,293,99
0.74566,1.9971,2.7444,293,99
0.74566,1.9971,2.7444,293,99
0.74566,1.9971,2.7444,293,99
0.74946,1.9968,2.7443,293,99
0.74946,1.9968,2.7443,293,99
0.74491,1.9975,2.7442,293,99
0.74491,1.9975,2.7442,293,99
0.74491,1.9973,2.7443,293,99
0.74491,1.9973,2.7443,293,99
0.74491,1.9973,2.7443,293,99
0.69093,2.1932,3.9435,294,100
0.69071,2.1941,3.9436,294,100
0.69081,2.1926,3.943,294,100
0.69048,2.1933,3.943,294,100
0.69099,2.1912,3.9421,294,100
0.6908,2.1915,3.9418,294,100
0.69099,2.1912,3.9421,294,100
0.69099,2.1912,3.9421,294,100
0.69099,2.1912,3.9421,294,100
0.69033,2.1925,3.9417,294,100
0.69033,2.1925,3.9417,294,100
0.69033,2.1925,3.9417,294,100
0.69038,2.194,3.9433,294,100
0.69038,2.194,3.9433,294,100
0.69101,2.1944,3.9442,294,100
0.69101,2.1944,3.9442,294,100
0.69154,2.1942,3.9448,294,100
0.6929,2.1937,3.9454,294,100
0.6906,2.194,3.9439,294,100
0.68696,2.1972,3.9442,294,100
0.6906,2.194,3.9439,294,100
0.68586,2.1973,3.9435,294,100
0.6906,2.194,3.9439,294,100
0.68586,2.1973,3.9435,294,100
0.68586,2.1973,3.9435,294,100
0.68659,2.1976,3.9442,294,100
0.69314,2.1937,3.9455,294,100
0.69062,2.1932,3.9433,294,100
0.69062,2.1932,3.9433,294,100
0.69099,2.1912,3.9421,294,100
0.69099,2.1912,3.9421,294,100
0.69099,2.1912,3.9421,294,100
0.68586,2.1973,3.9435,294,100
0.68586,2.1973,3.9435,294,100
0.68659,2.1976,3.9442,294,100
0.68659,2.1976,3.9442,294,100
0.69314,2.1937,3.9455,294,100
0.69099,2.1912,3.9421,294,100
0.69099,2.1912,3.9421,294,100
0.69099,2.1912,3.9421,294,100
0.6906,2.194,3.9439,294,100
0.68586,2.1973,3.9435,294,100
1.9912,2.1288,3.4401,299,101
1.9909,2.1288,3.4395,299,101
1.9912,2.1288,3.4401,299,101
1.9912,2.1288,3.4401,299,101
1.9912,2.1288,3.4401,299,101
1.9912,2.1288,3.4401,299,101
1.9912,2.1288,3.4401,299,101
1.9909,2.1288,3.4395,299,101
1.9909,2.1288,3.4395,299,101
1.9912,2.1288,3.4401,299,101
1.9912,2.1288,3.4401,299,101
1.9912,2.1288,3.4401,299,101
1.9909,2.1288,3.4395,299,101
1.9909,2.1288,3.4395,299,101
1.9909,2.1288,3.4395,299,101
1.9912,2.1288,3.4401,299,101
1.9905,2.1289,3.4396,299,101
1.9906,2.1289,3.4393,299,101
1.9906,2.1289,3.4393,299,101
1.9912,2.1288,3.4401,299,101
1.9912,2.1288,3.4401,299,101
0.0,0.0,0.0,100001,102
0.0,0.0,0.0,100001,102
0.0,0.0,0.0,100001,102
0.0,0.0,0.0,100001,102
0.0,0.0,0.0,100001,102
0.0,0.0,0.0,100001,102
0.0,0.0,0.0,100001,102
0.0,0.0,0.0,100001,102
0.0,0.0,0.0,100001,102
0.0,0.0,0.0,100001,102
0.0,0.0,0.0,100001,102
0.0,0.0,0.0,100001,102
0.0,0.0,0.0,100001,102
0.0,0.0,0.0,100001,102
0.0,0.0,0.0,100001,102
0.0,0.0,0.0,100001,102
0.0,0.0,0.0,100001,102
0.0,0.0,0.0,100001,102
0.0,0.0,0.0,100001,102
0.0,0.0,0.0,100001,102
0.0,0.0,0.0,100001,102
0.0,0.0,0.0,100001,102
0.0,0.0,0.0,100001,102
0.0,0.0,0.0,100001,102
0.0,0.0,0.0,100001,102
0.0,0.0,0.0,100001,102
0.0,0.0,0.0,100001,102
0.0,0.0,0.0,100001,102
0.0,0.0,0.0,100001,102
0.0,0.0,0.0,100001,102
0.0,0.0,0.0,100001,102
0.0,0.0,0.0,100001,102
0.0,0.0,0.0,100001,102
0.0,0.0,0.0,100001,102
0.0,0.0,0.0,100001,102
0.0,0.0,0.0,100001,102
0.0,0.0,0.0,100001,102
0.0,0.0,0.0,100001,102
0.0,0.0,0.0,100001,102
0.0,0.0,0.0,100001,102
0.0,0.0,0.0,100001,102
0.0,0.0,0.0,100001,102
0.0,0.0,0.0,100001,102
0.0,0.0,0.0,100001,102
0.0,0.0,0.0,100001,102
0.0,0.0,0.0,100001,102
0.0,0.0,0.0,100001,102
0.0,0.0,0.0,100001,102
0.0,0.0,0.0,100001,102
0.0,0.0,0.0,100001,102
0.0,0.0,0.0,100001,102
0.0,0.0,0.0,100001,102
0.0,0.0,0.0,100001,102
0.0,0.0,0.0,100001,102
0.0,0.0,0.0,100001,102
0.0,0.0,0.0,100001,102
0.0,0.0,0.0,100001,102
0.0,0.0,0.0,100001,102
0.0,0.0,0.0,100001,102
0.0,0.0,0.0,100001,102
0.0,0.0,0.0,100001,102
0.0,0.0,0.0,100001,102
0.0,0.0,0.0,100001,102
0.0,0.0,0.0,100001,102
0.0,0.0,0.0,100001,102
0.0,0.0,0.0,100001,102
0.0,0.0,0.0,100001,102
0.0,0.0,0.0,100001,102
0.0,0.0,0.0,100001,102
0.0,0.0,0.0,100001,102
0.0,0.0,0.0,100001,102
0.0,0.0,0.0,100001,102
0.0,0.0,0.0,100001,102
0.0,0.0,0.0,100001,102
0.0,0.0,0.0,100001,102
0.0,0.0,0.0,100001,102
0.0,0.0,0.0,100001,102
0.0,0.0,0.0,100001,102
0.0,0.0,0.0,100001,102
0.0,0.0,0.0,100001,102
0.0,0.0,0.0,100001,102
0.0,0.0,0.0,100001,102
0.0,0.0,0.0,100001,102
0.0,0.0,0.0,100001,102
0.0,0.0,0.0,100001,102
0.0,0.0,0.0,100001,102
0.0,0.0,0.0,100001,102
0.0,0.0,0.0,100001,102
0.0,0.0,0.0,100001,102
0.0,0.0,0.0,100001,102
0.0,0.0,0.0,100001,102
0.0,0.0,0.0,100001,102
0.0,0.0,0.0,100001,102
0.0,0.0,0.0,100001,102
0.0,0.0,0.0,100001,102
0.0,0.0,0.0,100001,102
0.0,0.0,0.0,100001,102
0.0,0.0,0.0,100001,102
0.0,0.0,0.0,100001,102
0.0,0.0,0.0,100001,102
0.0,0.0,0.0,100001,102
0.0,0.0,0.0,100001,102
0.0,0.0,0.0,100001,102
0.0,0.0,0.0,100001,102
0.0,0.0,0.0,100001,102
0.0,0.0,0.0,100001,102
0.0,0.0,0.0,100001,102
0.0,0.0,0.0,100001,102
0.0,0.0,0.0,100001,102
0.0,0.0,0.0,100001,102
0.0,0.0,0.0,100001,102
0.0,0.0,0.0,100001,102
0.0,0.0,0.0,100001,102
0.0,0.0,0.0,100001,102
0.0,0.0,0.0,100001,102
0.0,0.0,0.0,100001,102
0.0,0.0,0.0,100001,102
0.0,0.0,0.0,100001,102
0.0,0.0,0.0,100001,102
0.0,0.0,0.0,100001,102
0.0,0.0,0.0,100001,102
0.0,0.0,0.0,100001,102
0.0,0.0,0.0,100001,102
0.0,0.0,0.0,100001,102
0.0,0.0,0.0,100001,102
0.0,0.0,0.0,100001,102
0.0,0.0,0.0,100001,102
0.0,0.0,0.0,100001,102
0.0,0.0,0.0,100001,102
0.0,0.0,0.0,100001,102
0.0,0.0,0.0,100001,102
0.0,0.0,0.0,100001,102
0.0,0.0,0.0,100001,102
0.0,0.0,0.0,100001,102
0.0,0.0,0.0,100001,102
0.0,0.0,0.0,100001,102
0.0,0.0,0.0,100001,102
0.0,0.0,0.0,100001,102
0.0,0.0,0.0,100001,102
0.0,0.0,0.0,100001,102
0.0,0.0,0.0,100001,102
0.0,0.0,0.0,100001,102
0.0,0.0,0.0,100001,102
0.0,0.0,0.0,100001,102
0.0,0.0,0.0,100001,102
0.0,0.0,0.0,100001,102
0.0,0.0,0.0,100001,102
0.0,0.0,0.0,100001,102
0.0,0.0,0.0,100001,102
0.0,0.0,0.0,100001,102
0.0,0.0,0.0,100001,102
0.0,0.0,0.0,100001,102
0.0,0.0,0.0,100001,102
0.0,0.0,0.0,100001,102
0.0,0.0,0.0,100001,102
0.0,0.0,0.0,100001,102
0.0,0.0,0.0,100001,102
0.0,0.0,0.0,100001,102
0.0,0.0,0.0,100001,102
0.0,0.0,0.0,100001,102
0.0,0.0,0.0,100001,102
0.0,0.0,0.0,100001,102
0.0,0.0,0.0,100001,102
0.0,0.0,0.0,100001,102
0.0,0.0,0.0,100001,102
0.0,0.0,0.0,100001,102
0.0,0.0,0.0,100001,102
0.0,0.0,0.0,100001,102
0.0,0.0,0.0,100001,102
0.0,0.0,0.0,100001,102
0.0,0.0,0.0,100001,102
0.0,0.0,0.0,100001,102
0.0,0.0,0.0,100001,102
0.0,0.0,0.0,100001,102
0.0,0.0,0.0,100001,102
0.0,0.0,0.0,100001,102
0.0,0.0,0.0,100001,102
0.0,0.0,0.0,100001,102
0.0,0.0,0.0,100001,102
0.0,0.0,0.0,100001,102
0.0,0.0,0.0,100001,102
0.0,0.0,0.0,100001,102
0.0,0.0,0.0,100001,102
0.0,0.0,0.0,100001,102
0.0,0.0,0.0,100001,102
0.0,0.0,0.0,100001,102
0.0,0.0,0.0,100001,102
0.0,0.0,0.0,100001,102
0.0,0.0,0.0,100001,102
0.0,0.0,0.0,100001,102
0.0,0.0,0.0,100001,102
0.0,0.0,0.0,100001,102
0.0,0.0,0.0,100001,102
0.0,0.0,0.0,100001,102
0.0,0.0,0.0,100001,102
0.0,0.0,0.0,100001,102
0.0,0.0,0.0,100001,102
0.0,0.0,0.0,100001,102
0.0,0.0,0.0,100001,102
0.0,0.0,0.0,100001,102
0.0,0.0,0.0,100001,102
0.0,0.0,0.0,100001,102
0.0,0.0,0.0,100001,102
0.0,0.0,0.0,100001,102
0.0,0.0,0.0,100001,102
0.0,0.0,0.0,100001,102
0.0,0.0,0.0,100001,102
0.0,0.0,0.0,100001,102
0.0,0.0,0.0,100001,102
0.0,0.0,0.0,100001,102
0.0,0.0,0.0,100001,102
0.0,0.0,0.0,100001,102
0.0,0.0,0.0,100001,102
0.0,0.0,0.0,100001,102
0.0,0.0,0.0,100001,102
0.0,0.0,0.0,100001,102
0.0,0.0,0.0,100001,102
0.0,0.0,0.0,100001,102
0.0,0.0,0.0,100001,102
0.0,0.0,0.0,100001,102
0.0,0.0,0.0,100001,102
0.0,0.0,0.0,100001,102
0.0,0.0,0.0,100001,102
0.0,0.0,0.0,100001,102
0.0,0.0,0.0,100001,102
0.0,0.0,0.0,100001,102
0.0,0.0,0.0,100001,102
0.0,0.0,0.0,100001,102
0.0,0.0,0.0,100001,102
0.0,0.0,0.0,100001,102
0.0,0.0,0.0,100001,102
0.0,0.0,0.0,100001,102
0.0,0.0,0.0,100001,102
0.0,0.0,0.0,100001,102
0.0,0.0,0.0,100001,102
0.0,0.0,0.0,100001,102
0.0,0.0,0.0,100001,102
0.0,0.0,0.0,100001,102
0.0,0.0,0.0,100001,102
0.0,0.0,0.0,100001,102
0.0,0.0,0.0,100001,102
0.0,0.0,0.0,100001,102
0.0,0.0,0.0,100001,102
0.0,0.0,0.0,100001,102
0.0,0.0,0.0,100001,102
0.0,0.0,0.0,100001,102
0.0,0.0,0.0,100001,102
0.0,0.0,0.0,100001,102
0.0,0.0,0.0,100002,103
0.0,0.0,0.0,100002,103
0.0,0.0,0.0,100002,103
0.0,0.0,0.0,100002,103
0.0,0.0,0.0,100002,103
0.0,0.0,0.0,100002,103
0.0,0.0,0.0,100002,103
0.0,0.0,0.0,100002,103
0.0,0.0,0.0,100002,103
0.0,0.0,0.0,100002,103
0.0,0.0,0.0,100002,103
0.0,0.0,0.0,100002,103
0.0,0.0,0.0,100002,103
0.0,0.0,0.0,100002,103
0.0,0.0,0.0,100002,103
0.0,0.0,0.0,100002,103
0.0,0.0,0.0,100002,103
0.0,0.0,0.0,100002,103
0.0,0.0,0.0,100002,103
0.0,0.0,0.0,100002,103
0.0,0.0,0.0,100002,103
0.0,0.0,0.0,100002,103
0.0,0.0,0.0,100002,103
0.0,0.0,0.0,100002,103
0.0,0.0,0.0,100002,103
0.0,0.0,0.0,100002,103
0.0,0.0,0.0,100002,103
0.0,0.0,0.0,100002,103
0.0,0.0,0.0,100002,103
0.0,0.0,0.0,100002,103
0.0,0.0,0.0,100002,103
0.0,0.0,0.0,100002,103
0.0,0.0,0.0,100002,103
0.0,0.0,0.0,100002,103
0.0,0.0,0.0,100002,103
0.0,0.0,0.0,100002,103
0.0,0.0,0.0,100002,103
0.0,0.0,0.0,100002,103
0.0,0.0,0.0,100002,103
0.0,0.0,0.0,100002,103
0.0,0.0,0.0,100002,103
0.0,0.0,0.0,100002,103
0.0,0.0,0.0,100002,103
0.0,0.0,0.0,100002,103
0.0,0.0,0.0,100002,103
0.0,0.0,0.0,100002,103
0.0,0.0,0.0,100002,103
0.0,0.0,0.0,100002,103
0.0,0.0,0.0,100002,103
0.0,0.0,0.0,100002,103
0.0,0.0,0.0,100002,103
0.0,0.0,0.0,100002,103
0.0,0.0,0.0,100002,103
0.0,0.0,0.0,100002,103
0.0,0.0,0.0,100002,103
0.0,0.0,0.0,100002,103
0.0,0.0,0.0,100002,103
0.0,0.0,0.0,100002,103
0.0,0.0,0.0,100002,103
0.0,0.0,0.0,100002,103
0.0,0.0,0.0,100002,103
0.0,0.0,0.0,100002,103
0.0,0.0,0.0,100002,103
0.0,0.0,0.0,100002,103
0.0,0.0,0.0,100002,103
0.0,0.0,0.0,100002,103
0.0,0.0,0.0,100002,103
0.0,0.0,0.0,100002,103
0.0,0.0,0.0,100002,103
0.0,0.0,0.0,100002,103
0.0,0.0,0.0,100002,103
0.0,0.0,0.0,100002,103
0.0,0.0,0.0,100002,103
0.0,0.0,0.0,100002,103
0.0,0.0,0.0,100002,103
0.0,0.0,0.0,100002,103
0.0,0.0,0.0,100002,103
0.0,0.0,0.0,100002,103
0.0,0.0,0.0,100002,103
0.0,0.0,0.0,100002,103
0.0,0.0,0.0,100002,103
0.0,0.0,0.0,100002,103
0.0,0.0,0.0,100002,103
0.0,0.0,0.0,100002,103
0.0,0.0,0.0,100002,103
0.0,0.0,0.0,100002,103
0.0,0.0,0.0,100002,103
0.0,0.0,0.0,100002,103
0.0,0.0,0.0,100002,103
0.0,0.0,0.0,100002,103
0.0,0.0,0.0,100002,103
0.0,0.0,0.0,100002,103
0.0,0.0,0.0,100002,103
0.0,0.0,0.0,100002,103
0.0,0.0,0.0,100002,103
0.0,0.0,0.0,100002,103
0.0,0.0,0.0,100002,103
0.0,0.0,0.0,100002,103
0.0,0.0,0.0,100002,103
0.0,0.0,0.0,100002,103
0.0,0.0,0.0,100002,103
0.0,0.0,0.0,100002,103
0.0,0.0,0.0,100002,103
0.0,0.0,0.0,100002,103
0.0,0.0,0.0,100002,103
0.0,0.0,0.0,100002,103
0.0,0.0,0.0,100002,103
0.0,0.0,0.0,100002,103
0.0,0.0,0.0,100002,103
0.0,0.0,0.0,100002,103
0.0,0.0,0.0,100002,103
0.0,0.0,0.0,100002,103
0.0,0.0,0.0,100002,103
0.0,0.0,0.0,100002,103
0.0,0.0,0.0,100002,103
0.0,0.0,0.0,100002,103
0.0,0.0,0.0,100002,103
0.0,0.0,0.0,100002,103
0.0,0.0,0.0,100002,103
0.0,0.0,0.0,100002,103
0.0,0.0,0.0,100002,103
0.0,0.0,0.0,100002,103
0.0,0.0,0.0,100002,103
0.0,0.0,0.0,100002,103
0.0,0.0,0.0,100002,103
0.0,0.0,0.0,100002,103
0.0,0.0,0.0,100002,103
0.0,0.0,0.0,100002,103
0.0,0.0,0.0,100002,103
0.0,0.0,0.0,100002,103
0.0,0.0,0.0,100002,103
0.0,0.0,0.0,100002,103
0.0,0.0,0.0,100002,103
0.0,0.0,0.0,100002,103
0.0,0.0,0.0,100002,103
0.0,0.0,0.0,100002,103
0.0,0.0,0.0,100002,103
0.0,0.0,0.0,100002,103
0.0,0.0,0.0,100002,103
0.0,0.0,0.0,100002,103
0.0,0.0,0.0,100002,103
0.0,0.0,0.0,100002,103
0.0,0.0,0.0,100002,103
0.0,0.0,0.0,100002,103
0.0,0.0,0.0,100002,103
0.0,0.0,0.0,100002,103
0.0,0.0,0.0,100002,103
0.0,0.0,0.0,100002,103
0.0,0.0,0.0,100002,103
0.0,0.0,0.0,100002,103
0.0,0.0,0.0,100002,103
0.0,0.0,0.0,100002,103
0.0,0.0,0.0,100002,103
0.0,0.0,0.0,100002,103
0.0,0.0,0.0,100002,103
0.0,0.0,0.0,100002,103
0.0,0.0,0.0,100002,103
0.0,0.0,0.0,100002,103
0.0,0.0,0.0,100002,103
0.0,0.0,0.0,100002,103
0.0,0.0,0.0,100002,103
0.0,0.0,0.0,100002,103
0.0,0.0,0.0,100002,103
0.0,0.0,0.0,100002,103
0.0,0.0,0.0,100002,103
0.0,0.0,0.0,100002,103
0.0,0.0,0.0,100002,103
0.0,0.0,0.0,100002,103
0.0,0.0,0.0,100002,103
0.0,0.0,0.0,100002,103
0.0,0.0,0.0,100002,103
0.0,0.0,0.0,100002,103
0.0,0.0,0.0,100002,103
0.0,0.0,0.0,100002,103
0.0,0.0,0.0,100002,103
0.0,0.0,0.0,100002,103
0.0,0.0,0.0,100002,103
0.0,0.0,0.0,100002,103
0.0,0.0,0.0,100002,103
0.0,0.0,0.0,100002,103
0.0,0.0,0.0,100002,103
0.0,0.0,0.0,100002,103
0.0,0.0,0.0,100002,103
0.0,0.0,0.0,100002,103
0.0,0.0,0.0,100002,103
0.0,0.0,0.0,100002,103
0.0,0.0,0.0,100002,103
0.0,0.0,0.0,100002,103
0.0,0.0,0.0,100002,103
0.0,0.0,0.0,100002,103
0.0,0.0,0.0,100002,103
0.0,0.0,0.0,100002,103
0.0,0.0,0.0,100002,103
0.0,0.0,0.0,100002,103
0.0,0.0,0.0,100002,103
0.0,0.0,0.0,100002,103
0.0,0.0,0.0,100002,103
0.0,0.0,0.0,100002,103
0.0,0.0,0.0,100002,103
0.0,0.0,0.0,100002,103
0.0,0.0,0.0,100002,103
0.0,0.0,0.0,100002,103
0.0,0.0,0.0,100002,103
0.0,0.0,0.0,100002,103
0.0,0.0,0.0,100002,103
0.0,0.0,0.0,100002,103
0.0,0.0,0.0,100002,103
0.0,0.0,0.0,100002,103
0.0,0.0,0.0,100002,103
0.0,0.0,0.0,100002,103
0.0,0.0,0.0,100002,103
0.0,0.0,0.0,100002,103
0.0,0.0,0.0,100002,103
0.0,0.0,0.0,100002,103
0.0,0.0,0.0,100002,103
0.0,0.0,0.0,100002,103
0.0,0.0,0.0,100002,103
0.0,0.0,0.0,100002,103
0.0,0.0,0.0,100002,103
0.0,0.0,0.0,100002,103
0.0,0.0,0.0,100002,103
0.0,0.0,0.0,100002,103
0.0,0.0,0.0,100002,103
0.0,0.0,0.0,100002,103
0.0,0.0,0.0,100002,103
0.0,0.0,0.0,100002,103
0.0,0.0,0.0,100002,103
0.0,0.0,0.0,100002,103
0.0,0.0,0.0,100002,103
0.0,0.0,0.0,100002,103
0.0,0.0,0.0,100002,103
0.0,0.0,0.0,100002,103
0.0,0.0,0.0,100002,103
0.0,0.0,0.0,100002,103
0.0,0.0,0.0,100002,103
0.0,0.0,0.0,100002,103
0.0,0.0,0.0,100002,103
0.0,0.0,0.0,100002,103
0.0,0.0,0.0,100002,103
0.0,0.0,0.0,100002,103
0.0,0.0,0.0,100002,103
0.0,0.0,0.0,100002,103
0.0,0.0,0.0,100002,103
0.0,0.0,0.0,100002,103
0.0,0.0,0.0,100002,103
0.0,0.0,0.0,100002,103
0.0,0.0,0.0,100002,103
0.0,0.0,0.0,100002,103
