time,strain,temperature,stress,type,state,form,process,medium,title,youngs,poissons
0.0,0.0,850.0,50.0,creep,Ruptured,Plate,Base,He,HeBase_850_50_b,153000.0,0.3
0.0,0.0,,,,,,,,,,
5.0,0.01566,,,,,,,,,,
17.0,0.00169,,,,,,,,,,
35.0,0.01078,,,,,,,,,,
71.0,0.01078,,,,,,,,,,
143.0,0.01172,,,,,,,,,,
287.0,0.01266,,,,,,,,,,
479.0,0.01197,,,,,,,,,,
1079.0,0.01422,,,,,,,,,,
2519.0,0.01569,,,,,,,,,,
3239.0,0.01634,,,,,,,,,,
3539.0,0.01634,,,,,,,,,,
7199.0,0.017,,,,,,,,,,
14399.0,0.01806,,,,,,,,,,
18000.0,0.01806,,,,,,,,,,
25200.0,0.01862,,,,,,,,,,
32400.0,0.01944,,,,,,,,,,
39600.0,0.01944,,,,,,,,,,
43200.0,0.01947,,,,,,,,,,
50401.0,0.01959,,,,,,,,,,
57601.0,0.02019,,,,,,,,,,
64801.0,0.02019,,,,,,,,,,
72001.0,0.02022,,,,,,,,,,
79201.0,0.02022,,,,,,,,,,
86401.0,0.02022,,,,,,,,,,
90002.0,0.02022,,,,,,,,,,
97202.0,0.02022,,,,,,,,,,
104402.0,0.02034,,,,,,,,,,
111602.0,0.02078,,,,,,,,,,
118802.0,0.02078,,,,,,,,,,
126003.0,0.02134,,,,,,,,,,
133203.0,0.02134,,,,,,,,,,
140403.0,0.02134,,,,,,,,,,
147603.0,0.02134,,,,,,,,,,
154803.0,0.02159,,,,,,,,,,
162004.0,0.02206,,,,,,,,,,
169204.0,0.02206,,,,,,,,,,
176404.0,0.02306,,,,,,,,,,
183604.0,0.02306,,,,,,,,,,
190804.0,0.02356,,,,,,,,,,
194404.0,0.02356,,,,,,,,,,
201605.0,0.02356,,,,,,,,,,
208805.0,0.02419,,,,,,,,,,
216005.0,0.02419,,,,,,,,,,
223205.0,0.02444,,,,,,,,,,
230405.0,0.02497,,,,,,,,,,
237606.0,0.02497,,,,,,,,,,
244806.0,0.02497,,,,,,,,,,
252006.0,0.02497,,,,,,,,,,
259206.0,0.02497,,,,,,,,,,
266406.0,0.02519,,,,,,,,,,
273607.0,0.02591,,,,,,,,,,
280807.0,0.02591,,,,,,,,,,
288007.0,0.02619,,,,,,,,,,
295207.0,0.02662,,,,,,,,,,
302407.0,0.02722,,,,,,,,,,
309608.0,0.02722,,,,,,,,,,
316808.0,0.02722,,,,,,,,,,
324008.0,0.02756,,,,,,,,,,
331208.0,0.02756,,,,,,,,,,
338408.0,0.02756,,,,,,,,,,
345608.0,0.02831,,,,,,,,,,
349209.0,0.02831,,,,,,,,,,
356409.0,0.02831,,,,,,,,,,
363609.0,0.02831,,,,,,,,,,
370809.0,0.02931,,,,,,,,,,
374409.0,0.02931,,,,,,,,,,
381610.0,0.02934,,,,,,,,,,
388810.0,0.03,,,,,,,,,,
396010.0,0.03,,,,,,,,,,
403210.0,0.03044,,,,,,,,,,
410410.0,0.03044,,,,,,,,,,
417610.0,0.03044,,,,,,,,,,
424811.0,0.03044,,,,,,,,,,
432011.0,0.03094,,,,,,,,,,
439211.0,0.03094,,,,,,,,,,
446411.0,0.03141,,,,,,,,,,
453611.0,0.03216,,,,,,,,,,
457212.0,0.03216,,,,,,,,,,
464412.0,0.03284,,,,,,,,,,
471612.0,0.03284,,,,,,,,,,
478812.0,0.03353,,,,,,,,,,
486012.0,0.03353,,,,,,,,,,
493212.0,0.03353,,,,,,,,,,
500413.0,0.03353,,,,,,,,,,
507613.0,0.03353,,,,,,,,,,
514813.0,0.03353,,,,,,,,,,
522013.0,0.03394,,,,,,,,,,
529214.0,0.03447,,,,,,,,,,
536414.0,0.03497,,,,,,,,,,
543614.0,0.03588,,,,,,,,,,
550814.0,0.03588,,,,,,,,,,
558014.0,0.03681,,,,,,,,,,
561614.0,0.03681,,,,,,,,,,
568815.0,0.03681,,,,,,,,,,
576015.0,0.03756,,,,,,,,,,
583215.0,0.03756,,,,,,,,,,
590415.0,0.03756,,,,,,,,,,
597615.0,0.03756,,,,,,,,,,
604816.0,0.03831,,,,,,,,,,
612016.0,0.03831,,,,,,,,,,
619216.0,0.03906,,,,,,,,,,
626416.0,0.03909,,,,,,,,,,
633616.0,0.03931,,,,,,,,,,
640817.0,0.03981,,,,,,,,,,
648017.0,0.04034,,,,,,,,,,
655217.0,0.04034,,,,,,,,,,
662417.0,0.04122,,,,,,,,,,
669617.0,0.04122,,,,,,,,,,
676817.0,0.04122,,,,,,,,,,
680418.0,0.04122,,,,,,,,,,
687618.0,0.04122,,,,,,,,,,
694818.0,0.04181,,,,,,,,,,
702018.0,0.04184,,,,,,,,,,
709218.0,0.04291,,,,,,,,,,
716419.0,0.04294,,,,,,,,,,
723619.0,0.04356,,,,,,,,,,
730819.0,0.04356,,,,,,,,,,
738019.0,0.04422,,,,,,,,,,
745219.0,0.04422,,,,,,,,,,
752420.0,0.04456,,,,,,,,,,
759620.0,0.04494,,,,,,,,,,
766820.0,0.04494,,,,,,,,,,
774020.0,0.04569,,,,,,,,,,
781220.0,0.04569,,,,,,,,,,
788421.0,0.04628,,,,,,,,,,
795621.0,0.04688,,,,,,,,,,
802821.0,0.04688,,,,,,,,,,
810021.0,0.04747,,,,,,,,,,
817221.0,0.0475,,,,,,,,,,
824422.0,0.04819,,,,,,,,,,
831622.0,0.04819,,,,,,,,,,
838822.0,0.04819,,,,,,,,,,
846022.0,0.04841,,,,,,,,,,
853222.0,0.04878,,,,,,,,,,
860423.0,0.04881,,,,,,,,,,
867623.0,0.049,,,,,,,,,,
874823.0,0.04994,,,,,,,,,,
882023.0,0.04994,,,,,,,,,,
885623.0,0.05075,,,,,,,,,,
892824.0,0.05078,,,,,,,,,,
900024.0,0.05078,,,,,,,,,,
907224.0,0.05169,,,,,,,,,,
914424.0,0.05169,,,,,,,,,,
921624.0,0.05206,,,,,,,,,,
928825.0,0.05206,,,,,,,,,,
936025.0,0.05209,,,,,,,,,,
943225.0,0.05241,,,,,,,,,,
950425.0,0.05309,,,,,,,,,,
957625.0,0.05309,,,,,,,,,,
964825.0,0.05375,,,,,,,,,,
968426.0,0.05375,,,,,,,,,,
975626.0,0.05434,,,,,,,,,,
982826.0,0.05434,,,,,,,,,,
990026.0,0.05503,,,,,,,,,,
997227.0,0.05597,,,,,,,,,,
1004427.0,0.05597,,,,,,,,,,
1011627.0,0.05597,,,,,,,,,,
1018827.0,0.05597,,,,,,,,,,
1026027.0,0.05666,,,,,,,,,,
1033228.0,0.05669,,,,,,,,,,
1040428.0,0.05756,,,,,,,,,,
1047628.0,0.05788,,,,,,,,,,
1054828.0,0.05831,,,,,,,,,,
1062028.0,0.05906,,,,,,,,,,
1069229.0,0.05906,,,,,,,,,,
1076429.0,0.05956,,,,,,,,,,
1083629.0,0.06038,,,,,,,,,,
1090829.0,0.06038,,,,,,,,,,
1094429.0,0.06087,,,,,,,,,,
1101630.0,0.06087,,,,,,,,,,
1108829.0,0.06087,,,,,,,,,,
1112430.0,0.06087,,,,,,,,,,
1119630.0,0.0615,,,,,,,,,,
1126830.0,0.0615,,,,,,,,,,
1134031.0,0.06234,,,,,,,,,,
1141231.0,0.06234,,,,,,,,,,
1148431.0,0.06309,,,,,,,,,,
1155631.0,0.06309,,,,,,,,,,
1162831.0,0.06359,,,,,,,,,,
1170031.0,0.06406,,,,,,,,,,
1177232.0,0.06475,,,,,,,,,,
1184432.0,0.06475,,,,,,,,,,
1191632.0,0.06534,,,,,,,,,,
1198832.0,0.06534,,,,,,,,,,
1206033.0,0.06534,,,,,,,,,,
1213233.0,0.06584,,,,,,,,,,
1220433.0,0.06609,,,,,,,,,,
1227633.0,0.06669,,,,,,,,,,
1234833.0,0.06716,,,,,,,,,,
1238433.0,0.06744,,,,,,,,,,
1245634.0,0.06819,,,,,,,,,,
1252834.0,0.06819,,,,,,,,,,
1260034.0,0.06894,,,,,,,,,,
1267234.0,0.06894,,,,,,,,,,
1274435.0,0.06894,,,,,,,,,,
1391244.0,0.07523,,,,,,,,,,
1396044.0,0.0756,,,,,,,,,,
1400844.0,0.0756,,,,,,,,,,
1405644.0,0.07657,,,,,,,,,,
1410444.0,0.07657,,,,,,,,,,
1414044.0,0.0766,,,,,,,,,,
1417645.0,0.07733,,,,,,,,,,
1422444.0,0.07733,,,,,,,,,,
1427245.0,0.07733,,,,,,,,,,
1432044.0,0.07787,,,,,,,,,,
1436845.0,0.07863,,,,,,,,,,
1441645.0,0.07863,,,,,,,,,,
1446445.0,0.07863,,,,,,,,,,
1451245.0,0.0786,,,,,,,,,,
1456045.0,0.0785,,,,,,,,,,
1460845.0,0.07847,,,,,,,,,,
1465645.0,0.0787,,,,,,,,,,
1470445.0,0.07873,,,,,,,,,,
1475245.0,0.07913,,,,,,,,,,
1480045.0,0.07977,,,,,,,,,,
1483645.0,0.07983,,,,,,,,,,
1486045.0,0.08057,,,,,,,,,,
1489646.0,0.08063,,,,,,,,,,
1493245.0,0.08157,,,,,,,,,,
1496846.0,0.0816,,,,,,,,,,
1501646.0,0.08157,,,,,,,,,,
1506446.0,0.08177,,,,,,,,,,
1511246.0,0.08247,,,,,,,,,,
1516046.0,0.08247,,,,,,,,,,
1520846.0,0.08277,,,,,,,,,,
1525646.0,0.0828,,,,,,,,,,
1530446.0,0.08353,,,,,,,,,,
1535246.0,0.08347,,,,,,,,,,
1540046.0,0.08337,,,,,,,,,,
1544846.0,0.08333,,,,,,,,,,
1549646.0,0.08333,,,,,,,,,,
1554446.0,0.08333,,,,,,,,,,
1559246.0,0.0835,,,,,,,,,,
1564046.0,0.08443,,,,,,,,,,
1568847.0,0.08453,,,,,,,,,,
1572446.0,0.08453,,,,,,,,,,
1576047.0,0.08563,,,,,,,,,,
1580847.0,0.08563,,,,,,,,,,
1585646.0,0.08563,,,,,,,,,,
1590447.0,0.08653,,,,,,,,,,
1595247.0,0.08653,,,,,,,,,,
1600047.0,0.08653,,,,,,,,,,
1604847.0,0.0876,,,,,,,,,,
1609647.0,0.0876,,,,,,,,,,
1614447.0,0.0876,,,,,,,,,,
1619247.0,0.0876,,,,,,,,,,
1624047.0,0.08747,,,,,,,,,,
1628847.0,0.08743,,,,,,,,,,
1633647.0,0.08743,,,,,,,,,,
1638447.0,0.08813,,,,,,,,,,
1643247.0,0.08813,,,,,,,,,,
1646847.0,0.08813,,,,,,,,,,
1650448.0,0.0887,,,,,,,,,,
1654047.0,0.08873,,,,,,,,,,
1657648.0,0.08953,,,,,,,,,,
1662447.0,0.0896,,,,,,,,,,
1666047.0,0.09003,,,,,,,,,,
1669648.0,0.09027,,,,,,,,,,
1674448.0,0.09027,,,,,,,,,,
1679248.0,0.09113,,,,,,,,,,
1684048.0,0.09113,,,,,,,,,,
1688848.0,0.09113,,,,,,,,,,
1693648.0,0.09207,,,,,,,,,,
1698448.0,0.09207,,,,,,,,,,
1703248.0,0.09207,,,,,,,,,,
1708048.0,0.09207,,,,,,,,,,
1712848.0,0.09287,,,,,,,,,,
1717648.0,0.09287,,,,,,,,,,
1722448.0,0.0928,,,,,,,,,,
1727249.0,0.09357,,,,,,,,,,
1732049.0,0.0936,,,,,,,,,,
1735648.0,0.0936,,,,,,,,,,
1739249.0,0.0942,,,,,,,,,,
1744049.0,0.0942,,,,,,,,,,
1748849.0,0.09503,,,,,,,,,,
1753649.0,0.09503,,,,,,,,,,
1758449.0,0.09587,,,,,,,,,,
1763249.0,0.09587,,,,,,,,,,
1768049.0,0.09587,,,,,,,,,,
1772849.0,0.09587,,,,,,,,,,
1777649.0,0.0964,,,,,,,,,,
1782449.0,0.0973,,,,,,,,,,
1787249.0,0.0973,,,,,,,,,,
1790849.0,0.09733,,,,,,,,,,
1794450.0,0.09733,,,,,,,,,,
1798049.0,0.09733,,,,,,,,,,
1800449.0,0.09733,,,,,,,,,,
1802849.0,0.09733,,,,,,,,,,
1806450.0,0.09733,,,,,,,,,,
1810049.0,0.09723,,,,,,,,,,
1813650.0,0.09783,,,,,,,,,,
1818450.0,0.09783,,,,,,,,,,
1823250.0,0.09797,,,,,,,,,,
1828050.0,0.0984,,,,,,,,,,
1832850.0,0.09933,,,,,,,,,,
1837650.0,0.09937,,,,,,,,,,
1842450.0,0.09937,,,,,,,,,,
1847250.0,0.1004,,,,,,,,,,
1850850.0,0.1004,,,,,,,,,,
1854451.0,0.10043,,,,,,,,,,
1858050.0,0.10123,,,,,,,,,,
1860450.0,0.10127,,,,,,,,,,
1864051.0,0.10127,,,,,,,,,,
1868851.0,0.10127,,,,,,,,,,
1873651.0,0.10167,,,,,,,,,,
1878451.0,0.10167,,,,,,,,,,
1883251.0,0.1016,,,,,,,,,,
1888051.0,0.10177,,,,,,,,,,
1892851.0,0.10177,,,,,,,,,,
1897651.0,0.10177,,,,,,,,,,
1902451.0,0.10233,,,,,,,,,,
1907251.0,0.1024,,,,,,,,,,
1912051.0,0.1033,,,,,,,,,,
1916851.0,0.10337,,,,,,,,,,
1921651.0,0.1044,,,,,,,,,,
1926451.0,0.1044,,,,,,,,,,
1930051.0,0.1044,,,,,,,,,,
1933652.0,0.1044,,,,,,,,,,
1938452.0,0.1048,,,,,,,,,,
1943252.0,0.10543,,,,,,,,,,
1948052.0,0.10543,,,,,,,,,,
1952852.0,0.10607,,,,,,,,,,
1957652.0,0.10607,,,,,,,,,,
1962452.0,0.10607,,,,,,,,,,
1967252.0,0.10607,,,,,,,,,,
1972052.0,0.1069,,,,,,,,,,
1976852.0,0.1069,,,,,,,,,,
1981652.0,0.10733,,,,,,,,,,
1985252.0,0.10733,,,,,,,,,,
1988853.0,0.10733,,,,,,,,,,
1993652.0,0.1079,,,,,,,,,,
1998453.0,0.1079,,,,,,,,,,
2003253.0,0.10877,,,,,,,,,,
2008053.0,0.10877,,,,,,,,,,
2012853.0,0.10877,,,,,,,,,,
2017653.0,0.1095,,,,,,,,,,
2022453.0,0.1095,,,,,,,,,,
2027253.0,0.1095,,,,,,,,,,
2032053.0,0.1095,,,,,,,,,,
2036853.0,0.11033,,,,,,,,,,
2041653.0,0.11033,,,,,,,,,,
2046453.0,0.11103,,,,,,,,,,
2051253.0,0.11103,,,,,,,,,,
2056054.0,0.11103,,,,,,,,,,
2060853.0,0.11193,,,,,,,,,,
2065654.0,0.11193,,,,,,,,,,
2070454.0,0.11193,,,,,,,,,,
2075254.0,0.11243,,,,,,,,,,
2080054.0,0.11247,,,,,,,,,,
2084854.0,0.11247,,,,,,,,,,
2089654.0,0.113,,,,,,,,,,
2094454.0,0.113,,,,,,,,,,
2099254.0,0.11373,,,,,,,,,,
2104054.0,0.11373,,,,,,,,,,
2108854.0,0.11373,,,,,,,,,,
2113654.0,0.1143,,,,,,,,,,
2118454.0,0.1143,,,,,,,,,,
2123254.0,0.11497,,,,,,,,,,
2128054.0,0.11497,,,,,,,,,,
2132854.0,0.11497,,,,,,,,,,
2137655.0,0.116,,,,,,,,,,
2142455.0,0.116,,,,,,,,,,
2147255.0,0.116,,,,,,,,,,
2152055.0,0.11693,,,,,,,,,,
2156855.0,0.11693,,,,,,,,,,
2161655.0,0.11693,,,,,,,,,,
2166455.0,0.11693,,,,,,,,,,
2171255.0,0.11693,,,,,,,,,,
2176055.0,0.11757,,,,,,,,,,
2180855.0,0.1176,,,,,,,,,,
2185656.0,0.11863,,,,,,,,,,
2190455.0,0.11863,,,,,,,,,,
2195256.0,0.11863,,,,,,,,,,
2200056.0,0.11863,,,,,,,,,,
2204855.0,0.1192,,,,,,,,,,
2209656.0,0.1201,,,,,,,,,,
2214456.0,0.1201,,,,,,,,,,
2219256.0,0.12013,,,,,,,,,,
2224056.0,0.12013,,,,,,,,,,
2228856.0,0.12013,,,,,,,,,,
2233656.0,0.12107,,,,,,,,,,
2238456.0,0.12107,,,,,,,,,,
2243256.0,0.12107,,,,,,,,,,
2248056.0,0.1214,,,,,,,,,,
2252856.0,0.122,,,,,,,,,,
2257656.0,0.122,,,,,,,,,,
2262456.0,0.122,,,,,,,,,,
2266056.0,0.12253,,,,,,,,,,
2269657.0,0.12323,,,,,,,,,,
2274457.0,0.12323,,,,,,,,,,
2279257.0,0.12323,,,,,,,,,,
2284056.0,0.12393,,,,,,,,,,
2288857.0,0.12393,,,,,,,,,,
2293657.0,0.12463,,,,,,,,,,
2298457.0,0.12463,,,,,,,,,,
2303257.0,0.12463,,,,,,,,,,
2308057.0,0.12497,,,,,,,,,,
2312857.0,0.12497,,,,,,,,,,
2317657.0,0.12553,,,,,,,,,,
2322457.0,0.1255,,,,,,,,,,
2327257.0,0.12543,,,,,,,,,,
2330857.0,0.12547,,,,,,,,,,
2333257.0,0.12547,,,,,,,,,,
2336858.0,0.12547,,,,,,,,,,
2341658.0,0.12573,,,,,,,,,,
2345257.0,0.12573,,,,,,,,,,
2348858.0,0.12667,,,,,,,,,,
2353657.0,0.12677,,,,,,,,,,
2358458.0,0.1276,,,,,,,,,,
2363258.0,0.1276,,,,,,,,,,
2368058.0,0.1276,,,,,,,,,,
2372858.0,0.128,,,,,,,,,,
2377658.0,0.1289,,,,,,,,,,
2382458.0,0.1289,,,,,,,,,,
2387258.0,0.1289,,,,,,,,,,
2392058.0,0.1289,,,,,,,,,,
2396858.0,0.12907,,,,,,,,,,
2401658.0,0.129,,,,,,,,,,
2406458.0,0.1296,,,,,,,,,,
2411258.0,0.1296,,,,,,,,,,
2416058.0,0.1296,,,,,,,,,,
2420859.0,0.1296,,,,,,,,,,
2425659.0,0.1296,,,,,,,,,,
2430459.0,0.13057,,,,,,,,,,
2435259.0,0.13057,,,,,,,,,,
2440059.0,0.1313,,,,,,,,,,
2444859.0,0.1318,,,,,,,,,,
2449659.0,0.1318,,,,,,,,,,
2454459.0,0.1325,,,,,,,,,,
2459259.0,0.13247,,,,,,,,,,
2464059.0,0.13303,,,,,,,,,,
2468859.0,0.13303,,,,,,,,,,
2473660.0,0.13337,,,,,,,,,,
2478459.0,0.13337,,,,,,,,,,
2483260.0,0.13337,,,,,,,,,,
2486859.0,0.1333,,,,,,,,,,
2490460.0,0.13387,,,,,,,,,,
2495260.0,0.13387,,,,,,,,,,
2500060.0,0.13387,,,,,,,,,,
2504860.0,0.13387,,,,,,,,,,
2509660.0,0.13387,,,,,,,,,,
2514460.0,0.13457,,,,,,,,,,
2519260.0,0.13457,,,,,,,,,,
2524060.0,0.13563,,,,,,,,,,
2527660.0,0.1357,,,,,,,,,,
2530060.0,0.1357,,,,,,,,,,
2533661.0,0.1363,,,,,,,,,,
2537260.0,0.1363,,,,,,,,,,
2539660.0,0.1363,,,,,,,,,,
2543261.0,0.13723,,,,,,,,,,
2548061.0,0.13723,,,,,,,,,,
2551660.0,0.13723,,,,,,,,,,
2554060.0,0.13723,,,,,,,,,,
2557661.0,0.1379,,,,,,,,,,
2562461.0,0.1379,,,,,,,,,,
2567261.0,0.13793,,,,,,,,,,
2572061.0,0.1379,,,,,,,,,,
2576861.0,0.1378,,,,,,,,,,
2581661.0,0.13853,,,,,,,,,,
2586461.0,0.13853,,,,,,,,,,
2591261.0,0.13853,,,,,,,,,,
2596061.0,0.13853,,,,,,,,,,
2599661.0,0.13787,,,,,,,,,,
2602061.0,0.13907,,,,,,,,,,
2605662.0,0.13957,,,,,,,,,,
2610462.0,0.14043,,,,,,,,,,
2615262.0,0.1405,,,,,,,,,,
2620062.0,0.14053,,,,,,,,,,
2624862.0,0.14127,,,,,,,,,,
2629662.0,0.14127,,,,,,,,,,
2634462.0,0.14173,,,,,,,,,,
2639262.0,0.14267,,,,,,,,,,
2644062.0,0.1427,,,,,,,,,,
2648862.0,0.1427,,,,,,,,,,
2653662.0,0.1427,,,,,,,,,,
2657262.0,0.14267,,,,,,,,,,
2659662.0,0.14257,,,,,,,,,,
2663263.0,0.14253,,,,,,,,,,
2666862.0,0.14253,,,,,,,,,,
2670463.0,0.1432,,,,,,,,,,
2674062.0,0.1432,,,,,,,,,,
2676462.0,0.1432,,,,,,,,,,
2680063.0,0.1432,,,,,,,,,,
2684863.0,0.1438,,,,,,,,,,
2689663.0,0.1438,,,,,,,,,,
2694463.0,0.14437,,,,,,,,,,
2699263.0,0.14547,,,,,,,,,,
2704063.0,0.14553,,,,,,,,,,
2708863.0,0.14553,,,,,,,,,,
2713663.0,0.14593,,,,,,,,,,
2718463.0,0.1466,,,,,,,,,,
2722063.0,0.1466,,,,,,,,,,
2725664.0,0.1466,,,,,,,,,,
2729263.0,0.1476,,,,,,,,,,
2732864.0,0.1476,,,,,,,,,,
2737663.0,0.1476,,,,,,,,,,
2742464.0,0.1476,,,,,,,,,,
2747264.0,0.1476,,,,,,,,,,
2752064.0,0.14753,,,,,,,,,,
2756864.0,0.14753,,,,,,,,,,
2761664.0,0.148,,,,,,,,,,
2766464.0,0.14803,,,,,,,,,,
2771264.0,0.14803,,,,,,,,,,
2774864.0,0.149,,,,,,,,,,
2778465.0,0.149,,,,,,,,,,
2783264.0,0.1492,,,,,,,,,,
2788064.0,0.15007,,,,,,,,,,
2792865.0,0.15007,,,,,,,,,,
2797664.0,0.15107,,,,,,,,,,
2802465.0,0.15107,,,,,,,,,,
2807265.0,0.15107,,,,,,,,,,
2812065.0,0.15147,,,,,,,,,,
2816865.0,0.1521,,,,,,,,,,
2821665.0,0.1521,,,,,,,,,,
2826465.0,0.1521,,,,,,,,,,
2831265.0,0.1521,,,,,,,,,,
2836065.0,0.1526,,,,,,,,,,
2840865.0,0.1526,,,,,,,,,,
2844465.0,0.1526,,,,,,,,,,
2846865.0,0.1526,,,,,,,,,,
2850466.0,0.15323,,,,,,,,,,
2855266.0,0.15333,,,,,,,,,,
2860066.0,0.15427,,,,,,,,,,
2864866.0,0.15427,,,,,,,,,,
2869666.0,0.15507,,,,,,,,,,
2874466.0,0.15507,,,,,,,,,,
2879266.0,0.15563,,,,,,,,,,
2884066.0,0.15563,,,,,,,,,,
2888866.0,0.1564,,,,,,,,,,
2893666.0,0.1564,,,,,,,,,,
2898466.0,0.1564,,,,,,,,,,
2902066.0,0.1572,,,,,,,,,,
2905667.0,0.1572,,,,,,,,,,
2909266.0,0.1572,,,,,,,,,,
2912867.0,0.1572,,,,,,,,,,
2916466.0,0.15807,,,,,,,,,,
2920067.0,0.15807,,,,,,,,,,
2924867.0,0.15807,,,,,,,,,,
2929667.0,0.15807,,,,,,,,,,
2934467.0,0.15807,,,,,,,,,,
2939267.0,0.1584,,,,,,,,,,
2944067.0,0.15843,,,,,,,,,,
2948867.0,0.15947,,,,,,,,,,
2953667.0,0.15947,,,,,,,,,,
2958467.0,0.16027,,,,,,,,,,
2963267.0,0.16027,,,,,,,,,,
2968067.0,0.1608,,,,,,,,,,
2972867.0,0.1608,,,,,,,,,,
2977668.0,0.16143,,,,,,,,,,
2982468.0,0.1624,,,,,,,,,,
2987268.0,0.1624,,,,,,,,,,
2990867.0,0.1624,,,,,,,,,,
2994468.0,0.1624,,,,,,,,,,
2999268.0,0.1624,,,,,,,,,,
3004068.0,0.16303,,,,,,,,,,
3008868.0,0.16303,,,,,,,,,,
3013668.0,0.16303,,,,,,,,,,
3018468.0,0.16303,,,,,,,,,,
3023268.0,0.16363,,,,,,,,,,
3028068.0,0.16367,,,,,,,,,,
3031668.0,0.1644,,,,,,,,,,
3035269.0,0.1644,,,,,,,,,,
3038868.0,0.16493,,,,,,,,,,
3042469.0,0.16493,,,,,,,,,,
3046068.0,0.1656,,,,,,,,,,
3049669.0,0.1656,,,,,,,,,,
3054469.0,0.16623,,,,,,,,,,
3059269.0,0.16623,,,,,,,,,,
3064069.0,0.1668,,,,,,,,,,
3068869.0,0.1675,,,,,,,,,,
3073669.0,0.1675,,,,,,,,,,
3078469.0,0.1675,,,,,,,,,,
3083269.0,0.16833,,,,,,,,,,
3088069.0,0.16833,,,,,,,,,,
3092869.0,0.16833,,,,,,,,,,
3097669.0,0.16833,,,,,,,,,,
3102469.0,0.1688,,,,,,,,,,
3106069.0,0.1688,,,,,,,,,,
3109670.0,0.16977,,,,,,,,,,
3114470.0,0.16977,,,,,,,,,,
3119270.0,0.16977,,,,,,,,,,
3124070.0,0.17053,,,,,,,,,,
3128870.0,0.17053,,,,,,,,,,
3133670.0,0.17053,,,,,,,,,,
3138470.0,0.17107,,,,,,,,,,
3143270.0,0.17163,,,,,,,,,,
3148070.0,0.17163,,,,,,,,,,
3152870.0,0.17247,,,,,,,,,,
3157670.0,0.17247,,,,,,,,,,
3162470.0,0.17313,,,,,,,,,,
3167270.0,0.17313,,,,,,,,,,
3172070.0,0.17313,,,,,,,,,,
3176870.0,0.17303,,,,,,,,,,
3181671.0,0.17297,,,,,,,,,,
3185270.0,0.17323,,,,,,,,,,
3188871.0,0.17323,,,,,,,,,,
3193671.0,0.17323,,,,,,,,,,
3198471.0,0.17387,,,,,,,,,,
3203271.0,0.17487,,,,,,,,,,
3208071.0,0.17493,,,,,,,,,,
3212871.0,0.17493,,,,,,,,,,
3217671.0,0.1759,,,,,,,,,,
3222471.0,0.1759,,,,,,,,,,
3227271.0,0.17647,,,,,,,,,,
3232071.0,0.17727,,,,,,,,,,
3236871.0,0.17727,,,,,,,,,,
3241672.0,0.17727,,,,,,,,,,
3246471.0,0.17813,,,,,,,,,,
3251272.0,0.17813,,,,,,,,,,
3256072.0,0.17813,,,,,,,,,,
3260872.0,0.17813,,,,,,,,,,
3265672.0,0.179,,,,,,,,,,
3270472.0,0.179,,,,,,,,,,
3275272.0,0.179,,,,,,,,,,
3280072.0,0.1796,,,,,,,,,,
3284872.0,0.1797,,,,,,,,,,
3289672.0,0.18033,,,,,,,,,,
3294472.0,0.18033,,,,,,,,,,
3299272.0,0.18127,,,,,,,,,,
3304072.0,0.18127,,,,,,,,,,
3308872.0,0.18127,,,,,,,,,,
3313672.0,0.18213,,,,,,,,,,
3318473.0,0.18213,,,,,,,,,,
3322072.0,0.18307,,,,,,,,,,
3325673.0,0.18307,,,,,,,,,,
3330473.0,0.18307,,,,,,,,,,
3335273.0,0.18377,,,,,,,,,,
3340073.0,0.18377,,,,,,,,,,
3344873.0,0.18377,,,,,,,,,,
3349673.0,0.1844,,,,,,,,,,
3354473.0,0.1844,,,,,,,,,,
3359273.0,0.1852,,,,,,,,,,
3364073.0,0.1852,,,,,,,,,,
3368873.0,0.1852,,,,,,,,,,
3372473.0,0.18603,,,,,,,,,,
3376074.0,0.18603,,,,,,,,,,
3380874.0,0.1867,,,,,,,,,,
3385674.0,0.1867,,,,,,,,,,
3390474.0,0.18763,,,,,,,,,,
3395274.0,0.18763,,,,,,,,,,
3400074.0,0.18763,,,,,,,,,,
3404874.0,0.18833,,,,,,,,,,
3409674.0,0.18833,,,,,,,,,,
3414474.0,0.18907,,,,,,,,,,
3419274.0,0.18907,,,,,,,,,,
3424074.0,0.18973,,,,,,,,,,
3428874.0,0.18973,,,,,,,,,,
3433674.0,0.18973,,,,,,,,,,
3438474.0,0.1906,,,,,,,,,,
3443274.0,0.1906,,,,,,,,,,
3446874.0,0.1906,,,,,,,,,,
3450475.0,0.1906,,,,,,,,,,
3455275.0,0.19123,,,,,,,,,,
3460075.0,0.19123,,,,,,,,,,
3464875.0,0.1923,,,,,,,,,,
3469674.0,0.1923,,,,,,,,,,
3474475.0,0.1923,,,,,,,,,,
3479275.0,0.1931,,,,,,,,,,
3484075.0,0.19407,,,,,,,,,,
3488875.0,0.19407,,,,,,,,,,
3493675.0,0.1947,,,,,,,,,,
3498475.0,0.1947,,,,,,,,,,
3503275.0,0.19553,,,,,,,,,,
3508075.0,0.19553,,,,,,,,,,
3511675.0,0.19553,,,,,,,,,,
3515276.0,0.19627,,,,,,,,,,
3520076.0,0.19627,,,,,,,,,,
3524875.0,0.19693,,,,,,,,,,
3529676.0,0.19693,,,,,,,,,,
3533275.0,0.19693,,,,,,,,,,
3536876.0,0.19693,,,,,,,,,,
3541676.0,0.1974,,,,,,,,,,
3546476.0,0.1974,,,,,,,,,,
3551276.0,0.19853,,,,,,,,,,
3556076.0,0.19853,,,,,,,,,,
3560876.0,0.19917,,,,,,,,,,
3565676.0,0.19997,,,,,,,,,,
3570476.0,0.19997,,,,,,,,,,
3575276.0,0.20077,,,,,,,,,,
3580076.0,0.20077,,,,,,,,,,
3583676.0,0.20153,,,,,,,,,,
3586076.0,0.20153,,,,,,,,,,
3589677.0,0.20153,,,,,,,,,,
3594477.0,0.2022,,,,,,,,,,
3599276.0,0.2022,,,,,,,,,,
3604077.0,0.20283,,,,,,,,,,
3607676.0,0.20283,,,,,,,,,,
3611277.0,0.2028,,,,,,,,,,
3616077.0,0.20263,,,,,,,,,,
3620877.0,0.20263,,,,,,,,,,
3625677.0,0.20333,,,,,,,,,,
3630477.0,0.20333,,,,,,,,,,
3635277.0,0.20427,,,,,,,,,,
3640077.0,0.20453,,,,,,,,,,
3644877.0,0.20547,,,,,,,,,,
3649677.0,0.20547,,,,,,,,,,
3654477.0,0.2063,,,,,,,,,,
3659278.0,0.2063,,,,,,,,,,
3662877.0,0.2072,,,,,,,,,,
3666478.0,0.2072,,,,,,,,,,
3670077.0,0.20787,,,,,,,,,,
3673678.0,0.20787,,,,,,,,,,
3678478.0,0.20863,,,,,,,,,,
3683278.0,0.20863,,,,,,,,,,
3688078.0,0.20863,,,,,,,,,,
3692878.0,0.20973,,,,,,,,,,
3697678.0,0.20973,,,,,,,,,,
3702478.0,0.2107,,,,,,,,,,
3707278.0,0.2107,,,,,,,,,,
3712078.0,0.2107,,,,,,,,,,
3716878.0,0.21147,,,,,,,,,,
3721678.0,0.21147,,,,,,,,,,
3726478.0,0.21187,,,,,,,,,,
3731278.0,0.2128,,,,,,,,,,
3736079.0,0.2128,,,,,,,,,,
3740879.0,0.21407,,,,,,,,,,
3745679.0,0.21407,,,,,,,,,,
3750479.0,0.21407,,,,,,,,,,
3755279.0,0.21497,,,,,,,,,,
3760079.0,0.21497,,,,,,,,,,
3764879.0,0.21573,,,,,,,,,,
3769679.0,0.21607,,,,,,,,,,
3774479.0,0.21693,,,,,,,,,,
3779279.0,0.21693,,,,,,,,,,
3784079.0,0.21693,,,,,,,,,,
3788879.0,0.21693,,,,,,,,,,
3793679.0,0.21733,,,,,,,,,,
3798480.0,0.21733,,,,,,,,,,
3803279.0,0.2178,,,,,,,,,,
3808080.0,0.21893,,,,,,,,,,
3812880.0,0.21893,,,,,,,,,,
3817680.0,0.21983,,,,,,,,,,
3822480.0,0.21983,,,,,,,,,,
3827280.0,0.22067,,,,,,,,,,
3832080.0,0.22153,,,,,,,,,,
3836880.0,0.22153,,,,,,,,,,
3841680.0,0.22223,,,,,,,,,,
3846480.0,0.22293,,,,,,,,,,
3851280.0,0.22293,,,,,,,,,,
3856080.0,0.22387,,,,,,,,,,
3860880.0,0.22387,,,,,,,,,,
3865680.0,0.22427,,,,,,,,,,
3869280.0,0.22473,,,,,,,,,,
3872881.0,0.22473,,,,,,,,,,
3877681.0,0.22547,,,,,,,,,,
3882481.0,0.22547,,,,,,,,,,
3887281.0,0.22547,,,,,,,,,,
3892081.0,0.2262,,,,,,,,,,
3896881.0,0.2273,,,,,,,,,,
3901681.0,0.2273,,,,,,,,,,
3906481.0,0.2283,,,,,,,,,,
3911281.0,0.2288,,,,,,,,,,
3916081.0,0.2295,,,,,,,,,,
3920881.0,0.2295,,,,,,,,,,
3925681.0,0.2301,,,,,,,,,,
3929281.0,0.2308,,,,,,,,,,
3932882.0,0.2308,,,,,,,,,,
3937682.0,0.23137,,,,,,,,,,
3942481.0,0.232,,,,,,,,,,
3947282.0,0.2325,,,,,,,,,,
3952082.0,0.23307,,,,,,,,,,
3956882.0,0.23307,,,,,,,,,,
3961682.0,0.23307,,,,,,,,,,
3966482.0,0.23357,,,,,,,,,,
3971282.0,0.23357,,,,,,,,,,
3976082.0,0.23453,,,,,,,,,,
3980882.0,0.23573,,,,,,,,,,
3985682.0,0.23573,,,,,,,,,,
3989282.0,0.23647,,,,,,,,,,
3992883.0,0.23743,,,,,,,,,,
3997682.0,0.23743,,,,,,,,,,
4001282.0,0.23823,,,,,,,,,,
4004883.0,0.23823,,,,,,,,,,
4009682.0,0.23897,,,,,,,,,,
4014483.0,0.23897,,,,,,,,,,
4019283.0,0.24,,,,,,,,,,
4024083.0,0.24087,,,,,,,,,,
4028883.0,0.24087,,,,,,,,,,
4033683.0,0.24193,,,,,,,,,,
4038483.0,0.24193,,,,,,,,,,
4043283.0,0.24193,,,,,,,,,,
4048083.0,0.24277,,,,,,,,,,
4052883.0,0.24373,,,,,,,,,,
4057683.0,0.24373,,,,,,,,,,
4061283.0,0.24373,,,,,,,,,,
4064884.0,0.2448,,,,,,,,,,
4069683.0,0.2448,,,,,,,,,,
4073283.0,0.246,,,,,,,,,,
4076884.0,0.246,,,,,,,,,,
4080483.0,0.2464,,,,,,,,,,
4084084.0,0.24693,,,,,,,,,,
4088884.0,0.2478,,,,,,,,,,
4093684.0,0.2487,,,,,,,,,,
4098484.0,0.2487,,,,,,,,,,
4103284.0,0.2495,,,,,,,,,,
4108084.0,0.25027,,,,,,,,,,
4112884.0,0.25027,,,,,,,,,,
4117684.0,0.25093,,,,,,,,,,
4122484.0,0.2519,,,,,,,,,,
4127284.0,0.2519,,,,,,,,,,
4132084.0,0.2524,,,,,,,,,,
4136885.0,0.2532,,,,,,,,,,
4140484.0,0.2532,,,,,,,,,,
4142884.0,0.2542,,,,,,,,,,
4146485.0,0.2542,,,,,,,,,,
4151285.0,0.25487,,,,,,,,,,
4156085.0,0.25587,,,,,,,,,,
4160885.0,0.2564,,,,,,,,,,
4165685.0,0.25673,,,,,,,,,,
4170485.0,0.25767,,,,,,,,,,
4175285.0,0.2584,,,,,,,,,,
4180085.0,0.25927,,,,,,,,,,
4184885.0,0.26007,,,,,,,,,,
4189685.0,0.26007,,,,,,,,,,
4194485.0,0.26073,,,,,,,,,,
4199285.0,0.2614,,,,,,,,,,
4202885.0,0.26213,,,,,,,,,,
4206486.0,0.26267,,,,,,,,,,
4211286.0,0.26337,,,,,,,,,,
4216086.0,0.26433,,,,,,,,,,
4220885.0,0.26433,,,,,,,,,,
4225686.0,0.26507,,,,,,,,,,
4230486.0,0.26577,,,,,,,,,,
4235286.0,0.2666,,,,,,,,,,
4240086.0,0.2672,,,,,,,,,,
4244886.0,0.26783,,,,,,,,,,
4249686.0,0.26873,,,,,,,,,,
4254486.0,0.2696,,,,,,,,,,
4259286.0,0.27063,,,,,,,,,,
4264086.0,0.27063,,,,,,,,,,
4268886.0,0.27163,,,,,,,,,,
4273686.0,0.2726,,,,,,,,,,
4278486.0,0.27333,,,,,,,,,,
4283287.0,0.27433,,,,,,,,,,
4286886.0,0.27433,,,,,,,,,,
4289286.0,0.275,,,,,,,,,,
4292887.0,0.2757,,,,,,,,,,
4296486.0,0.2757,,,,,,,,,,
4300087.0,0.27643,,,,,,,,,,
4304887.0,0.27713,,,,,,,,,,
4309687.0,0.2781,,,,,,,,,,
4314487.0,0.2786,,,,,,,,,,
4319287.0,0.27963,,,,,,,,,,
4324087.0,0.28037,,,,,,,,,,
4328887.0,0.28083,,,,,,,,,,
4333687.0,0.2818,,,,,,,,,,
4338487.0,0.2826,,,,,,,,,,
4343287.0,0.28337,,,,,,,,,,
4348087.0,0.28433,,,,,,,,,,
4352887.0,0.2851,,,,,,,,,,
4357687.0,0.2864,,,,,,,,,,
4362488.0,0.287,,,,,,,,,,
4366087.0,0.28783,,,,,,,,,,
4368487.0,0.28783,,,,,,,,,,
4370887.0,0.28827,,,,,,,,,,
4374488.0,0.28873,,,,,,,,,,
4379288.0,0.28957,,,,,,,,,,
4382887.0,0.29,,,,,,,,,,
4386488.0,0.2914,,,,,,,,,,
4391288.0,0.2916,,,,,,,,,,
4396088.0,0.2928,,,,,,,,,,
4400888.0,0.29357,,,,,,,,,,
4404488.0,0.29467,,,,,,,,,,
4408751.0,0.294,,,,,,,,,,
4415951.0,0.29463,,,,,,,,,,
4423151.0,0.29594,,,,,,,,,,
4430351.0,0.298,,,,,,,,,,
4437551.0,0.29894,,,,,,,,,,
4444751.0,0.30094,,,,,,,,,,
4451951.0,0.30184,,,,,,,,,,
4459151.0,0.30356,,,,,,,,,,
4466351.0,0.3055,,,,,,,,,,
4469951.0,0.30631,,,,,,,,,,
4477152.0,0.30788,,,,,,,,,,
4484352.0,0.30956,,,,,,,,,,
4491552.0,0.31106,,,,,,,,,,
4498752.0,0.31309,,,,,,,,,,
4505952.0,0.31494,,,,,,,,,,
4513152.0,0.31644,,,,,,,,,,
4520352.0,0.31875,,,,,,,,,,
4527552.0,0.32084,,,,,,,,,,
4534752.0,0.32319,,,,,,,,,,
4541952.0,0.32569,,,,,,,,,,
4549153.0,0.32919,,,,,,,,,,
4556353.0,0.3325,,,,,,,,,,
4567153.0,0.34191,,,,,,,,,,
4567153.0,0.34191,,,,,,,,,,
