time,strain,temperature,stress,type,state,form,process,medium,title,youngs,poissons
0,0,750,95,creep,Ruptured,Plate,Base,Air,AirBase_750_95_a,161000,0.3
0,0.0,,,,,,
0.07,4e-05,,,,,,
0.075,0.00272,,,,,,
0.079,0.00212,,,,,,
0.084,0.0028899999999999998,,,,,,
0.088,0.0028799999999999997,,,,,,
0.092,0.00309,,,,,,
0.097,0.0028399999999999996,,,,,,
0.25,0.0027900000000000004,,,,,,
2,0.00313,,,,,,
4,0.00375,,,,,,
6,0.00374,,,,,,
8,0.00419,,,,,,
10,0.00426,,,,,,
12,0.00431,,,,,,
14,0.00477,,,,,,
14.77,0.00452,,,,,,
16.77,0.00481,,,,,,
18.77,0.0048,,,,,,
20.77,0.00491,,,,,,
22.77,0.00498,,,,,,
24.01,0.00482,,,,,,
26.01,0.0052,,,,,,
28.01,0.00506,,,,,,
30.01,0.00524,,,,,,
32.01,0.00547,,,,,,
34.01,0.00551,,,,,,
36.01,0.005829999999999999,,,,,,
38.01,0.005659999999999999,,,,,,
40.179,0.00594,,,,,,
42.179,0.00644,,,,,,
44.179,0.00643,,,,,,
46.179,0.006710000000000001,,,,,,
48.179,0.00655,,,,,,
50.179,0.0064,,,,,,
52.179,0.006710000000000001,,,,,,
54.179,0.00705,,,,,,
56.179,0.00687,,,,,,
58.179,0.006939999999999999,,,,,,
60.179,0.006790000000000001,,,,,,
62.179,0.006959999999999999,,,,,,
64,0.007019999999999999,,,,,,
66,0.00701,,,,,,
68,0.00718,,,,,,
70,0.006939999999999999,,,,,,
72,0.007209999999999999,,,,,,
74,0.006770000000000001,,,,,,
76,0.00733,,,,,,
78,0.00732,,,,,,
80,0.00729,,,,,,
82,0.007209999999999999,,,,,,
84,0.00734,,,,,,
86,0.00753,,,,,,
88,0.00712,,,,,,
90,0.007209999999999999,,,,,,
92,0.00757,,,,,,
94,0.0073,,,,,,
96,0.00741,,,,,,
98,0.00755,,,,,,
100,0.00724,,,,,,
102,0.0074,,,,,,
104,0.00756,,,,,,
106,0.0074,,,,,,
108,0.00753,,,,,,
110,0.00774,,,,,,
112,0.00749,,,,,,
114,0.00755,,,,,,
116,0.0077,,,,,,
118,0.007980000000000001,,,,,,
120,0.00768,,,,,,
122,0.00752,,,,,,
124,0.00777,,,,,,
126,0.0077,,,,,,
128,0.0078000000000000005,,,,,,
130,0.00784,,,,,,
132,0.00791,,,,,,
134,0.0074399999999999996,,,,,,
136,0.007850000000000001,,,,,,
138,0.0075,,,,,,
142.89,0.00728,,,,,,
144.89,0.00745,,,,,,
146,0.00775,,,,,,
148,0.00728,,,,,,
150,0.00772,,,,,,
152,0.00757,,,,,,
154,0.00739,,,,,,
156,0.00766,,,,,,
158,0.00747,,,,,,
160,0.00757,,,,,,
162,0.0074,,,,,,
164,0.0074199999999999995,,,,,,
166,0.00784,,,,,,
168,0.008020000000000001,,,,,,
170,0.00745,,,,,,
172,0.0076300000000000005,,,,,,
174,0.0075,,,,,,
176,0.00756,,,,,,
178,0.00777,,,,,,
180,0.0077,,,,,,
182,0.0077,,,,,,
184,0.00817,,,,,,
186,0.007940000000000001,,,,,,
188,0.007940000000000001,,,,,,
190,0.0076100000000000004,,,,,,
192,0.00762,,,,,,
194,0.00784,,,,,,
196,0.00783,,,,,,
198,0.007850000000000001,,,,,,
200,0.00803,,,,,,
202,0.00808,,,,,,
204,0.00807,,,,,,
206,0.00819,,,,,,
208,0.00831,,,,,,
210,0.00822,,,,,,
212,0.00843,,,,,,
214,0.0084,,,,,,
216,0.00853,,,,,,
218,0.0086,,,,,,
220,0.00836,,,,,,
222,0.008539999999999999,,,,,,
224,0.00839,,,,,,
226,0.00852,,,,,,
228,0.00873,,,,,,
230,0.0085,,,,,,
232,0.00836,,,,,,
234,0.00864,,,,,,
236,0.00874,,,,,,
238,0.00876,,,,,,
240,0.00862,,,,,,
242,0.0085,,,,,,
244,0.00848,,,,,,
246,0.00859,,,,,,
248,0.00876,,,,,,
250,0.00862,,,,,,
252,0.0084,,,,,,
254,0.00853,,,,,,
256,0.00873,,,,,,
258,0.00873,,,,,,
260,0.00885,,,,,,
262,0.00892,,,,,,
264,0.00886,,,,,,
266,0.00918,,,,,,
268,0.00887,,,,,,
270,0.00857,,,,,,
272,0.00887,,,,,,
274,0.00879,,,,,,
276,0.00893,,,,,,
278,0.0088,,,,,,
280,0.008960000000000001,,,,,,
282,0.00871,,,,,,
284,0.00931,,,,,,
286,0.00936,,,,,,
288,0.00914,,,,,,
290,0.00874,,,,,,
292,0.00875,,,,,,
294,0.00886,,,,,,
296,0.00893,,,,,,
298,0.0091,,,,,,
300,0.00908,,,,,,
302,0.00942,,,,,,
303.06,0.00938,,,,,,
305.06,0.00897,,,,,,
307.06,0.00856,,,,,,
309.06,0.00909,,,,,,
311.06,0.0089,,,,,,
313,0.00915,,,,,,
315,0.008960000000000001,,,,,,
317,0.00892,,,,,,
319,0.00905,,,,,,
321,0.009399999999999999,,,,,,
323,0.00941,,,,,,
325,0.009399999999999999,,,,,,
327,0.00943,,,,,,
329,0.0095,,,,,,
331,0.00982,,,,,,
333,0.009399999999999999,,,,,,
335,0.00988,,,,,,
337,0.00946,,,,,,
339,0.0092,,,,,,
341,0.00933,,,,,,
343,0.00968,,,,,,
345,0.00961,,,,,,
347,0.00974,,,,,,
349,0.00961,,,,,,
351,0.00986,,,,,,
353,0.00961,,,,,,
355,0.00988,,,,,,
357,0.00992,,,,,,
359,0.00966,,,,,,
361,0.010049999999999998,,,,,,
363,0.00991,,,,,,
365,0.00978,,,,,,
367,0.00987,,,,,,
369,0.00987,,,,,,
371,0.009649999999999999,,,,,,
373,0.00964,,,,,,
375,0.00985,,,,,,
377,0.009649999999999999,,,,,,
379,0.00982,,,,,,
381,0.00999,,,,,,
383,0.00981,,,,,,
385,0.01015,,,,,,
387,0.01038,,,,,,
389,0.01022,,,,,,
391,0.01015,,,,,,
393,0.010280000000000001,,,,,,
395,0.0102,,,,,,
397,0.00993,,,,,,
399,0.01,,,,,,
401,0.010320000000000001,,,,,,
403,0.010049999999999998,,,,,,
405,0.01024,,,,,,
407,0.010129999999999998,,,,,,
409,0.01014,,,,,,
411,0.010129999999999998,,,,,,
413,0.01022,,,,,,
415,0.01011,,,,,,
417,0.01045,,,,,,
419,0.01049,,,,,,
421,0.01043,,,,,,
423,0.01019,,,,,,
425,0.01002,,,,,,
427,0.01,,,,,,
429,0.01016,,,,,,
431,0.01075,,,,,,
433,0.01064,,,,,,
435,0.01093,,,,,,
437,0.01047,,,,,,
439,0.01049,,,,,,
441,0.01093,,,,,,
443,0.01073,,,,,,
445,0.01095,,,,,,
447,0.010920000000000001,,,,,,
449,0.01095,,,,,,
451,0.01106,,,,,,
453,0.01089,,,,,,
455,0.01081,,,,,,
457,0.01076,,,,,,
459,0.01084,,,,,,
461,0.011120000000000001,,,,,,
463,0.01117,,,,,,
465,0.01094,,,,,,
467,0.01107,,,,,,
469,0.011160000000000002,,,,,,
471,0.01088,,,,,,
473,0.011279999999999998,,,,,,
475,0.01117,,,,,,
477,0.011120000000000001,,,,,,
479,0.01131,,,,,,
481,0.01135,,,,,,
483,0.01117,,,,,,
485,0.01139,,,,,,
487,0.01149,,,,,,
489,0.01154,,,,,,
491,0.01107,,,,,,
493,0.01106,,,,,,
495,0.01126,,,,,,
497,0.01149,,,,,,
499,0.0116,,,,,,
501,0.01145,,,,,,
503,0.011739999999999999,,,,,,
505,0.01131,,,,,,
507,0.01149,,,,,,
509,0.01184,,,,,,
511,0.011779999999999999,,,,,,
513,0.01176,,,,,,
515,0.011779999999999999,,,,,,
517,0.01173,,,,,,
519,0.011479999999999999,,,,,,
521,0.011519999999999999,,,,,,
523,0.011559999999999999,,,,,,
525,0.01146,,,,,,
527,0.01191,,,,,,
529,0.011430000000000001,,,,,,
531,0.011439999999999999,,,,,,
533,0.011739999999999999,,,,,,
535,0.01188,,,,,,
537,0.011619999999999998,,,,,,
539,0.01172,,,,,,
541,0.01154,,,,,,
543,0.01154,,,,,,
545,0.01118,,,,,,
547,0.01176,,,,,,
549,0.01202,,,,,,
551,0.012450000000000001,,,,,,
553,0.011770000000000001,,,,,,
555,0.01188,,,,,,
557,0.01199,,,,,,
559,0.011850000000000001,,,,,,
561,0.011890000000000001,,,,,,
563,0.01191,,,,,,
565,0.012,,,,,,
567,0.01207,,,,,,
569,0.01188,,,,,,
571,0.01222,,,,,,
573,0.01196,,,,,,
575,0.011850000000000001,,,,,,
577,0.01202,,,,,,
579,0.0118,,,,,,
581,0.0123,,,,,,
583,0.01213,,,,,,
585,0.01238,,,,,,
587,0.012450000000000001,,,,,,
589,0.012150000000000001,,,,,,
591,0.01195,,,,,,
593,0.012270000000000001,,,,,,
595,0.0124,,,,,,
597,0.012110000000000001,,,,,,
599,0.01218,,,,,,
601,0.011930000000000001,,,,,,
603,0.012,,,,,,
605,0.012390000000000002,,,,,,
607,0.012580000000000001,,,,,,
609,0.012490000000000001,,,,,,
611,0.01228,,,,,,
613,0.01234,,,,,,
615,0.01207,,,,,,
617,0.01225,,,,,,
619,0.012450000000000001,,,,,,
621,0.012350000000000002,,,,,,
623,0.012509999999999999,,,,,,
625,0.01252,,,,,,
627,0.01268,,,,,,
629,0.01262,,,,,,
631,0.01266,,,,,,
633,0.01294,,,,,,
635,0.01262,,,,,,
637,0.0126,,,,,,
639,0.01272,,,,,,
641,0.01274,,,,,,
643,0.012509999999999999,,,,,,
645,0.012809999999999998,,,,,,
647,0.0125,,,,,,
649,0.012809999999999998,,,,,,
651,0.01278,,,,,,
653,0.0127,,,,,,
655,0.0128,,,,,,
657,0.012769999999999998,,,,,,
659,0.01313,,,,,,
661,0.01275,,,,,,
663,0.01279,,,,,,
665,0.012580000000000001,,,,,,
667,0.012669999999999999,,,,,,
669,0.01269,,,,,,
671,0.01275,,,,,,
673,0.012809999999999998,,,,,,
675,0.01286,,,,,,
677,0.0128,,,,,,
679,0.01295,,,,,,
681,0.01279,,,,,,
683,0.01274,,,,,,
685,0.013009999999999999,,,,,,
687,0.0128,,,,,,
689,0.01298,,,,,,
691,0.01322,,,,,,
693,0.012889999999999999,,,,,,
695,0.01291,,,,,,
697,0.01311,,,,,,
699,0.0132,,,,,,
701,0.013000000000000001,,,,,,
703,0.013049999999999999,,,,,,
705,0.01325,,,,,,
707,0.01328,,,,,,
709,0.013260000000000001,,,,,,
711,0.01314,,,,,,
713,0.01318,,,,,,
715,0.013009999999999999,,,,,,
717,0.01272,,,,,,
719,0.012969999999999999,,,,,,
721,0.01319,,,,,,
723,0.012960000000000001,,,,,,
725,0.013080000000000001,,,,,,
727,0.01309,,,,,,
729,0.01314,,,,,,
731,0.013000000000000001,,,,,,
733,0.01264,,,,,,
735,0.013009999999999999,,,,,,
737,0.01291,,,,,,
739,0.01279,,,,,,
741,0.01309,,,,,,
743,0.01318,,,,,,
745,0.012920000000000001,,,,,,
747,0.01295,,,,,,
749,0.0132,,,,,,
751,0.01306,,,,,,
753,0.01307,,,,,,
755,0.01291,,,,,,
757,0.013009999999999999,,,,,,
759,0.0132,,,,,,
761,0.012969999999999999,,,,,,
763,0.01324,,,,,,
765,0.01322,,,,,,
767,0.01328,,,,,,
769,0.01336,,,,,,
771,0.01324,,,,,,
773,0.01312,,,,,,
775,0.01325,,,,,,
777,0.01319,,,,,,
779,0.01314,,,,,,
781,0.01312,,,,,,
783,0.01352,,,,,,
785,0.013229999999999999,,,,,,
787,0.01345,,,,,,
789,0.01325,,,,,,
791,0.01352,,,,,,
793,0.013540000000000002,,,,,,
795,0.013349999999999999,,,,,,
797,0.01351,,,,,,
799,0.013460000000000001,,,,,,
801,0.013500000000000002,,,,,,
803,0.01332,,,,,,
805,0.01352,,,,,,
807,0.01341,,,,,,
809,0.013580000000000002,,,,,,
811,0.013560000000000001,,,,,,
813,0.013389999999999999,,,,,,
815,0.01379,,,,,,
817,0.014070000000000001,,,,,,
819,0.01385,,,,,,
821,0.013580000000000002,,,,,,
823,0.01395,,,,,,
825,0.013919999999999998,,,,,,
827,0.01414,,,,,,
829,0.013540000000000002,,,,,,
831,0.013600000000000001,,,,,,
833,0.01376,,,,,,
835,0.01393,,,,,,
837,0.014079999999999999,,,,,,
839,0.01399,,,,,,
841,0.01391,,,,,,
843,0.01397,,,,,,
845,0.013859999999999999,,,,,,
847,0.01403,,,,,,
849,0.01401,,,,,,
851,0.01409,,,,,,
853,0.01395,,,,,,
855,0.01409,,,,,,
857,0.014119999999999999,,,,,,
859,0.01401,,,,,,
861,0.014379999999999999,,,,,,
863,0.01448,,,,,,
865,0.01436,,,,,,
867,0.01405,,,,,,
869,0.0144,,,,,,
871,0.01421,,,,,,
873,0.014190000000000001,,,,,,
875,0.01432,,,,,,
877,0.01414,,,,,,
879,0.0141,,,,,,
881,0.01418,,,,,,
883,0.014379999999999999,,,,,,
885,0.01418,,,,,,
887,0.014190000000000001,,,,,,
889,0.01418,,,,,,
891,0.01432,,,,,,
893,0.014199999999999999,,,,,,
895,0.01398,,,,,,
897,0.01409,,,,,,
899,0.01414,,,,,,
901,0.01421,,,,,,
903,0.0141,,,,,,
905,0.01447,,,,,,
907,0.014530000000000001,,,,,,
909,0.01444,,,,,,
911,0.01387,,,,,,
913,0.01418,,,,,,
915,0.01444,,,,,,
917,0.01421,,,,,,
919,0.01418,,,,,,
921,0.01405,,,,,,
923,0.01431,,,,,,
925,0.01437,,,,,,
927,0.014539999999999999,,,,,,
929,0.014459999999999999,,,,,,
931,0.01452,,,,,,
933,0.014490000000000001,,,,,,
935,0.014459999999999999,,,,,,
937,0.01455,,,,,,
939,0.01444,,,,,,
941,0.014610000000000001,,,,,,
943,0.01443,,,,,,
945,0.01418,,,,,,
947,0.014650000000000002,,,,,,
949,0.014650000000000002,,,,,,
951,0.0147,,,,,,
953,0.01448,,,,,,
955,0.01468,,,,,,
957,0.014459999999999999,,,,,,
959,0.01452,,,,,,
961,0.01448,,,,,,
963,0.014610000000000001,,,,,,
965,0.01472,,,,,,
967,0.01443,,,,,,
969,0.014490000000000001,,,,,,
971,0.01468,,,,,,
973,0.01459,,,,,,
975,0.014650000000000002,,,,,,
977,0.01476,,,,,,
979,0.014459999999999999,,,,,,
981,0.014490000000000001,,,,,,
983,0.0148,,,,,,
985,0.0146,,,,,,
987,0.01458,,,,,,
989,0.01464,,,,,,
991,0.01485,,,,,,
993,0.01474,,,,,,
995,0.01496,,,,,,
997,0.01477,,,,,,
999,0.01476,,,,,,
1001,0.01437,,,,,,
1003,0.01444,,,,,,
1005,0.0143,,,,,,
1007,0.01471,,,,,,
1009,0.01476,,,,,,
1011,0.01458,,,,,,
1013,0.014490000000000001,,,,,,
1015,0.014410000000000001,,,,,,
1017,0.01443,,,,,,
1019,0.01493,,,,,,
1021,0.01459,,,,,,
1023,0.01497,,,,,,
1025,0.014870000000000001,,,,,,
1027,0.014570000000000001,,,,,,
1029,0.0146,,,,,,
1031,0.014459999999999999,,,,,,
1033,0.0146,,,,,,
1035,0.014410000000000001,,,,,,
1037,0.01466,,,,,,
1039,0.014610000000000001,,,,,,
1041,0.01468,,,,,,
1043,0.01447,,,,,,
1045,0.01435,,,,,,
1047,0.014650000000000002,,,,,,
1049,0.014990000000000002,,,,,,
1051,0.01485,,,,,,
1053,0.01444,,,,,,
1055,0.01477,,,,,,
1057,0.01471,,,,,,
1059,0.015,,,,,,
1061,0.01494,,,,,,
1063,0.01474,,,,,,
1065,0.0147,,,,,,
1067,0.0147,,,,,,
1069,0.01464,,,,,,
1071,0.01464,,,,,,
1073,0.01471,,,,,,
1075,0.01476,,,,,,
1077,0.01455,,,,,,
1079,0.014870000000000001,,,,,,
1081,0.015149999999999999,,,,,,
1083,0.01533,,,,,,
1085,0.014910000000000001,,,,,,
1087,0.015189999999999999,,,,,,
1089,0.01509,,,,,,
1091,0.015220000000000001,,,,,,
1093,0.015109999999999998,,,,,,
1095,0.01506,,,,,,
1097,0.01514,,,,,,
1099,0.015,,,,,,
1101,0.015029999999999998,,,,,,
1103,0.01521,,,,,,
1105,0.01533,,,,,,
1107,0.01513,,,,,,
1109,0.01539,,,,,,
1111,0.01582,,,,,,
1113,0.015220000000000001,,,,,,
1115,0.015260000000000001,,,,,,
1117,0.015449999999999998,,,,,,
1119,0.015489999999999999,,,,,,
1121,0.01534,,,,,,
1123,0.01568,,,,,,
1125,0.01568,,,,,,
1127,0.01589,,,,,,
1129,0.01586,,,,,,
1131,0.01615,,,,,,
1133,0.01607,,,,,,
1135,0.016120000000000002,,,,,,
1137,0.01583,,,,,,
1139,0.01592,,,,,,
1141,0.01571,,,,,,
1143,0.01539,,,,,,
1145,0.01559,,,,,,
1147,0.01575,,,,,,
1149,0.01582,,,,,,
1151,0.0159,,,,,,
1153,0.01582,,,,,,
1155,0.01566,,,,,,
1157,0.01562,,,,,,
1159,0.015880000000000002,,,,,,
1161,0.01592,,,,,,
1163,0.01587,,,,,,
1165,0.01568,,,,,,
1167,0.01566,,,,,,
1169,0.01584,,,,,,
1171,0.01583,,,,,,
1173,0.01572,,,,,,
1175,0.01583,,,,,,
1177,0.01598,,,,,,
1179,0.016,,,,,,
1181,0.01595,,,,,,
1183,0.01611,,,,,,
1185,0.01572,,,,,,
1187,0.016,,,,,,
1189,0.01579,,,,,,
1191,0.01599,,,,,,
1193,0.01586,,,,,,
1195,0.01589,,,,,,
1197,0.01593,,,,,,
1199,0.01587,,,,,,
1201,0.01637,,,,,,
1203,0.01611,,,,,,
1205,0.015960000000000002,,,,,,
1207,0.01621,,,,,,
1209,0.01643,,,,,,
1211,0.01637,,,,,,
1213,0.01645,,,,,,
1215,0.01621,,,,,,
1217,0.01646,,,,,,
1219,0.01629,,,,,,
1221,0.01618,,,,,,
1223,0.0165,,,,,,
1225,0.01649,,,,,,
1227,0.01637,,,,,,
1229,0.01644,,,,,,
1231,0.01667,,,,,,
1233,0.0165,,,,,,
1235,0.01649,,,,,,
1237,0.01663,,,,,,
1239,0.01635,,,,,,
1241,0.01668,,,,,,
1243,0.01663,,,,,,
1245,0.01671,,,,,,
1247,0.01667,,,,,,
1249,0.0168,,,,,,
1251,0.01697,,,,,,
1253,0.01663,,,,,,
1255,0.01706,,,,,,
1257,0.01685,,,,,,
1259,0.01683,,,,,,
1261,0.01678,,,,,,
1263,0.0169,,,,,,
1265,0.0168,,,,,,
1267,0.01665,,,,,,
1269,0.01684,,,,,,
1271,0.01678,,,,,,
1273,0.01685,,,,,,
1275,0.01684,,,,,,
1277,0.01699,,,,,,
1279,0.01688,,,,,,
1281,0.0173,,,,,,
1283,0.017079999999999998,,,,,,
1285,0.0171,,,,,,
1287,0.01727,,,,,,
1289,0.017070000000000002,,,,,,
1291,0.01699,,,,,,
1293,0.01704,,,,,,
1295,0.01729,,,,,,
1297,0.0173,,,,,,
1299,0.01729,,,,,,
1301,0.01713,,,,,,
1303,0.01758,,,,,,
1305,0.01679,,,,,,
1307,0.01712,,,,,,
1309,0.01724,,,,,,
1311,0.0171,,,,,,
1313,0.017159999999999998,,,,,,
1315,0.01696,,,,,,
1317,0.01717,,,,,,
1319,0.01721,,,,,,
1321,0.017390000000000003,,,,,,
1323,0.01691,,,,,,
1325,0.01686,,,,,,
1327,0.01717,,,,,,
1329,0.016819999999999998,,,,,,
1331,0.01688,,,,,,
1333,0.0171,,,,,,
1335,0.01691,,,,,,
1337,0.01725,,,,,,
1339,0.0173,,,,,,
1341,0.01747,,,,,,
1343,0.016890000000000002,,,,,,
1345,0.017410000000000002,,,,,,
1347,0.01701,,,,,,
1349,0.017230000000000002,,,,,,
1351,0.01747,,,,,,
1353,0.01745,,,,,,
1355,0.0174,,,,,,
1357,0.01724,,,,,,
1359,0.017079999999999998,,,,,,
1361,0.01735,,,,,,
1363,0.017490000000000002,,,,,,
1365,0.01711,,,,,,
1367,0.017490000000000002,,,,,,
1369,0.01728,,,,,,
1371,0.01755,,,,,,
1373,0.01768,,,,,,
1375,0.01761,,,,,,
1377,0.01779,,,,,,
1379,0.01742,,,,,,
1381,0.01755,,,,,,
1383,0.01768,,,,,,
1385,0.01781,,,,,,
1387,0.01779,,,,,,
1389,0.01768,,,,,,
1391,0.017769999999999998,,,,,,
1393,0.01762,,,,,,
1395,0.01773,,,,,,
1397,0.0178,,,,,,
1399,0.01764,,,,,,
1401,0.01768,,,,,,
1403,0.01764,,,,,,
1405,0.01752,,,,,,
1407,0.01764,,,,,,
1409,0.01763,,,,,,
1411,0.01763,,,,,,
1413,0.01796,,,,,,
1415,0.01758,,,,,,
1417,0.017689999999999997,,,,,,
1419,0.0177,,,,,,
1421,0.01786,,,,,,
1423,0.018009999999999998,,,,,,
1425,0.01763,,,,,,
1427,0.01804,,,,,,
1429,0.017920000000000002,,,,,,
1431,0.01773,,,,,,
1433,0.01781,,,,,,
1435,0.01791,,,,,,
1437,0.018009999999999998,,,,,,
1439,0.01813,,,,,,
1441,0.01772,,,,,,
1443,0.01774,,,,,,
1445,0.01789,,,,,,
1447,0.01804,,,,,,
1449,0.01797,,,,,,
1451,0.0179,,,,,,
1453,0.01823,,,,,,
1455,0.01804,,,,,,
1457,0.01813,,,,,,
1459,0.01802,,,,,,
1461,0.01808,,,,,,
1463,0.0182,,,,,,
1465,0.01825,,,,,,
1467,0.018009999999999998,,,,,,
1469,0.0182,,,,,,
1471,0.01798,,,,,,
1473,0.01839,,,,,,
1475,0.01854,,,,,,
1477,0.01809,,,,,,
1479,0.01825,,,,,,
1481,0.018520000000000002,,,,,,
1483,0.01853,,,,,,
1485,0.01854,,,,,,
1487,0.01854,,,,,,
1489,0.0187,,,,,,
1491,0.01849,,,,,,
1493,0.01865,,,,,,
1495,0.01856,,,,,,
1497,0.01829,,,,,,
1499,0.01863,,,,,,
1501,0.01849,,,,,,
1503,0.01864,,,,,,
1505,0.01846,,,,,,
1507,0.01851,,,,,,
1509,0.01858,,,,,,
1511,0.01854,,,,,,
1513,0.01898,,,,,,
1515,0.018879999999999997,,,,,,
1517,0.01881,,,,,,
1519,0.01882,,,,,,
1521,0.0187,,,,,,
1523,0.01881,,,,,,
1525,0.01899,,,,,,
1527,0.01887,,,,,,
1529,0.01901,,,,,,
1531,0.01893,,,,,,
1533,0.01922,,,,,,
1535,0.01921,,,,,,
1537,0.01907,,,,,,
1539,0.019299999999999998,,,,,,
1541,0.01905,,,,,,
1543,0.01927,,,,,,
1545,0.01916,,,,,,
1547,0.01947,,,,,,
1549,0.0194,,,,,,
1551,0.019299999999999998,,,,,,
1553,0.019299999999999998,,,,,,
1555,0.0195,,,,,,
1557,0.01954,,,,,,
1559,0.01972,,,,,,
1561,0.01949,,,,,,
1563,0.01966,,,,,,
1565,0.019610000000000002,,,,,,
1567,0.0195,,,,,,
1569,0.01966,,,,,,
1571,0.019459999999999998,,,,,,
1573,0.01949,,,,,,
1575,0.01967,,,,,,
1577,0.01959,,,,,,
1579,0.01974,,,,,,
1581,0.01969,,,,,,
1583,0.019710000000000002,,,,,,
1585,0.01955,,,,,,
1587,0.01949,,,,,,
1589,0.0197,,,,,,
1591,0.01993,,,,,,
1593,0.01965,,,,,,
1595,0.01969,,,,,,
1597,0.02004,,,,,,
1599,0.01981,,,,,,
1601,0.02017,,,,,,
1603,0.01992,,,,,,
1605,0.01967,,,,,,
1607,0.019799999999999998,,,,,,
1609,0.020259999999999997,,,,,,
1611,0.01997,,,,,,
1613,0.02004,,,,,,
1615,0.0202,,,,,,
1617,0.02004,,,,,,
1619,0.02025,,,,,,
1621,0.020059999999999998,,,,,,
1623,0.0202,,,,,,
1625,0.02005,,,,,,
1627,0.020259999999999997,,,,,,
1629,0.02,,,,,,
1631,0.020059999999999998,,,,,,
1633,0.02009,,,,,,
1635,0.02004,,,,,,
1637,0.02,,,,,,
1639,0.020259999999999997,,,,,,
1641,0.01997,,,,,,
1643,0.020579999999999998,,,,,,
1645,0.02053,,,,,,
1647,0.020339999999999997,,,,,,
1649,0.020339999999999997,,,,,,
1651,0.02044,,,,,,
1653,0.02023,,,,,,
1655,0.02045,,,,,,
1657,0.020649999999999998,,,,,,
1659,0.02061,,,,,,
1661,0.02054,,,,,,
1663,0.02078,,,,,,
1665,0.02054,,,,,,
1667,0.02067,,,,,,
1669,0.02053,,,,,,
1671,0.020390000000000002,,,,,,
1673,0.02062,,,,,,
1675,0.02036,,,,,,
1677,0.020550000000000002,,,,,,
1679,0.02067,,,,,,
1681,0.02083,,,,,,
1683,0.020579999999999998,,,,,,
1685,0.02075,,,,,,
1687,0.020950000000000003,,,,,,
1689,0.020950000000000003,,,,,,
1691,0.0209,,,,,,
1693,0.02085,,,,,,
1695,0.02076,,,,,,
1697,0.02077,,,,,,
1699,0.020819999999999998,,,,,,
1701,0.02085,,,,,,
1703,0.02101,,,,,,
1705,0.02112,,,,,,
1707,0.02106,,,,,,
1709,0.02116,,,,,,
1711,0.02105,,,,,,
1713,0.021179999999999997,,,,,,
1715,0.02121,,,,,,
1717,0.02105,,,,,,
1719,0.02109,,,,,,
1721,0.021240000000000002,,,,,,
1723,0.02121,,,,,,
1725,0.0213,,,,,,
1727,0.02128,,,,,,
1729,0.02145,,,,,,
1731,0.02112,,,,,,
1733,0.020950000000000003,,,,,,
1735,0.02139,,,,,,
1737,0.02137,,,,,,
1739,0.021320000000000002,,,,,,
1741,0.0216,,,,,,
1743,0.021339999999999998,,,,,,
1745,0.02094,,,,,,
1747,0.02139,,,,,,
1749,0.021349999999999997,,,,,,
1751,0.021320000000000002,,,,,,
1753,0.02174,,,,,,
1755,0.02168,,,,,,
1757,0.02165,,,,,,
1759,0.02182,,,,,,
1761,0.02196,,,,,,
1763,0.02173,,,,,,
1765,0.02169,,,,,,
1767,0.02189,,,,,,
1769,0.02141,,,,,,
1771,0.0218,,,,,,
1773,0.02182,,,,,,
1775,0.02166,,,,,,
1777,0.02177,,,,,,
1779,0.02173,,,,,,
1781,0.021840000000000002,,,,,,
1783,0.022099999999999998,,,,,,
1785,0.022019999999999998,,,,,,
1787,0.0218,,,,,,
1789,0.022029999999999998,,,,,,
1791,0.022099999999999998,,,,,,
1793,0.0219,,,,,,
1795,0.02214,,,,,,
1797,0.022109999999999998,,,,,,
1799,0.02194,,,,,,
1801,0.022099999999999998,,,,,,
1803,0.02212,,,,,,
1805,0.02185,,,,,,
1807,0.0223,,,,,,
1809,0.02197,,,,,,
1811,0.02229,,,,,,
1813,0.02189,,,,,,
1815,0.02213,,,,,,
1817,0.02199,,,,,,
1819,0.02213,,,,,,
1821,0.022400000000000003,,,,,,
1823,0.022029999999999998,,,,,,
1825,0.02213,,,,,,
1827,0.022099999999999998,,,,,,
1829,0.022240000000000003,,,,,,
1831,0.022099999999999998,,,,,,
1833,0.02221,,,,,,
1835,0.02239,,,,,,
1837,0.02221,,,,,,
1839,0.022480000000000003,,,,,,
1841,0.02236,,,,,,
1843,0.02188,,,,,,
1845,0.02222,,,,,,
1847,0.02246,,,,,,
1849,0.022400000000000003,,,,,,
1851,0.022480000000000003,,,,,,
1853,0.02244,,,,,,
1855,0.02247,,,,,,
1857,0.02221,,,,,,
1859,0.02266,,,,,,
1861,0.02255,,,,,,
1863,0.02245,,,,,,
1865,0.0223,,,,,,
1867,0.02246,,,,,,
1869,0.02274,,,,,,
1871,0.02266,,,,,,
1873,0.022869999999999998,,,,,,
1875,0.02255,,,,,,
1877,0.02281,,,,,,
1879,0.022639999999999997,,,,,,
1881,0.022949999999999998,,,,,,
1883,0.02292,,,,,,
1885,0.02275,,,,,,
1887,0.02266,,,,,,
1889,0.02273,,,,,,
1891,0.022789999999999998,,,,,,
1893,0.02283,,,,,,
1895,0.02278,,,,,,
1897,0.02292,,,,,,
1899,0.022629999999999997,,,,,,
1901,0.02297,,,,,,
1903,0.022639999999999997,,,,,,
1905,0.022959999999999998,,,,,,
1907,0.023,,,,,,
1909,0.02297,,,,,,
1911,0.02292,,,,,,
1913,0.02273,,,,,,
1915,0.02262,,,,,,
1917,0.023039999999999998,,,,,,
1919,0.022799999999999997,,,,,,
1921,0.0229,,,,,,
1923,0.022869999999999998,,,,,,
1925,0.023170000000000003,,,,,,
1927,0.02297,,,,,,
1929,0.02334,,,,,,
1931,0.02292,,,,,,
1933,0.02298,,,,,,
1935,0.02328,,,,,,
1937,0.02326,,,,,,
1939,0.02321,,,,,,
1941,0.02347,,,,,,
1943,0.02306,,,,,,
1945,0.02329,,,,,,
1947,0.02323,,,,,,
1949,0.022959999999999998,,,,,,
1951,0.023450000000000002,,,,,,
1953,0.023559999999999998,,,,,,
1955,0.02347,,,,,,
1957,0.02371,,,,,,
1959,0.02368,,,,,,
1961,0.023849999999999996,,,,,,
1963,0.02323,,,,,,
1965,0.024009999999999997,,,,,,
1967,0.023799999999999998,,,,,,
1969,0.02376,,,,,,
1971,0.023639999999999998,,,,,,
1973,0.02384,,,,,,
1975,0.02399,,,,,,
1977,0.023620000000000002,,,,,,
1979,0.02371,,,,,,
1981,0.02382,,,,,,
1983,0.023639999999999998,,,,,,
1983.3,0.02375,,,,,,
1983.3,0.023799999999999998,,,,,,
1985,0.02371,,,,,,
1987,0.02358,,,,,,
1989,0.0239,,,,,,
1991,0.02374,,,,,,
1993,0.0239,,,,,,
1995,0.02375,,,,,,
1997,0.02402,,,,,,
1999,0.02384,,,,,,
2001,0.0239,,,,,,
2003,0.02407,,,,,,
2005,0.02387,,,,,,
2007,0.02388,,,,,,
2009,0.02382,,,,,,
2011,0.023940000000000003,,,,,,
2013,0.024009999999999997,,,,,,
2015,0.02396,,,,,,
2017,0.02399,,,,,,
2019,0.023929999999999996,,,,,,
2021,0.024310000000000002,,,,,,
2023,0.023969999999999998,,,,,,
2025,0.02416,,,,,,
2027,0.02413,,,,,,
2029,0.023860000000000003,,,,,,
2031,0.02408,,,,,,
2033,0.023969999999999998,,,,,,
2035,0.02382,,,,,,
2037,0.02421,,,,,,
2039,0.02436,,,,,,
2041,0.02437,,,,,,
2043,0.02429,,,,,,
2045,0.024300000000000002,,,,,,
2047,0.024380000000000002,,,,,,
2049,0.02452,,,,,,
2051,0.0239,,,,,,
2053,0.024249999999999997,,,,,,
2055,0.02413,,,,,,
2057,0.02467,,,,,,
2059,0.024409999999999998,,,,,,
2061,0.024390000000000002,,,,,,
2063,0.0246,,,,,,
2065,0.02452,,,,,,
2067,0.02437,,,,,,
2069,0.02463,,,,,,
2071,0.02452,,,,,,
2073,0.02489,,,,,,
2075,0.024700000000000003,,,,,,
2077,0.02503,,,,,,
2079,0.024780000000000003,,,,,,
2081,0.024980000000000002,,,,,,
2083,0.02476,,,,,,
2085,0.02474,,,,,,
2087,0.025019999999999997,,,,,,
2089,0.024980000000000002,,,,,,
2091,0.02495,,,,,,
2093,0.02464,,,,,,
2095,0.02504,,,,,,
2097,0.02483,,,,,,
2099,0.02506,,,,,,
2101,0.02489,,,,,,
2103,0.02497,,,,,,
2105,0.025089999999999998,,,,,,
2107,0.024990000000000002,,,,,,
2109,0.02538,,,,,,
2111,0.025150000000000002,,,,,,
2113,0.0254,,,,,,
2115,0.02537,,,,,,
2117,0.025539999999999997,,,,,,
2119,0.025259999999999998,,,,,,
2121,0.02536,,,,,,
2123,0.02561,,,,,,
2125,0.025470000000000003,,,,,,
2127,0.02553,,,,,,
2129,0.025419999999999998,,,,,,
2131,0.02548,,,,,,
2133,0.02568,,,,,,
2135,0.02598,,,,,,
2137,0.02571,,,,,,
2139,0.02559,,,,,,
2141,0.02587,,,,,,
2143,0.02573,,,,,,
2145,0.025990000000000003,,,,,,
2147,0.02613,,,,,,
2149,0.025750000000000002,,,,,,
2151,0.0255,,,,,,
2153,0.02565,,,,,,
2155,0.02571,,,,,,
2157,0.02588,,,,,,
2159,0.025990000000000003,,,,,,
2161,0.025699999999999997,,,,,,
2163,0.02601,,,,,,
2165,0.0263,,,,,,
2167,0.026099999999999998,,,,,,
2169,0.026099999999999998,,,,,,
2171,0.025929999999999998,,,,,,
2173,0.02611,,,,,,
2175,0.02611,,,,,,
2177,0.025849999999999998,,,,,,
2179,0.02624,,,,,,
2181,0.02622,,,,,,
2183,0.026099999999999998,,,,,,
2185,0.02626,,,,,,
2187,0.02596,,,,,,
2189,0.026070000000000003,,,,,,
2191,0.02645,,,,,,
2193,0.02613,,,,,,
2195,0.02621,,,,,,
2197,0.02626,,,,,,
2199,0.02609,,,,,,
2201,0.02609,,,,,,
2203,0.02638,,,,,,
2205,0.02658,,,,,,
2207,0.026629999999999997,,,,,,
2209,0.02638,,,,,,
2211,0.02622,,,,,,
2213,0.0265,,,,,,
2215,0.026269999999999998,,,,,,
2217,0.026789999999999998,,,,,,
2219,0.02658,,,,,,
2221,0.02649,,,,,,
2223,0.026690000000000002,,,,,,
2225,0.026619999999999998,,,,,,
2227,0.026789999999999998,,,,,,
2229,0.026709999999999998,,,,,,
2231,0.02696,,,,,,
2233,0.02644,,,,,,
2235,0.02685,,,,,,
2237,0.02641,,,,,,
2239,0.0268,,,,,,
2241,0.026709999999999998,,,,,,
2243,0.026920000000000003,,,,,,
2245,0.02658,,,,,,
2247,0.02649,,,,,,
2249,0.02682,,,,,,
2251,0.02686,,,,,,
2253,0.02686,,,,,,
2255,0.027200000000000002,,,,,,
2257,0.02717,,,,,,
2259,0.02675,,,,,,
2261,0.027160000000000004,,,,,,
2263,0.027290000000000002,,,,,,
2265,0.02702,,,,,,
2267,0.02683,,,,,,
2269,0.027200000000000002,,,,,,
2271,0.0273,,,,,,
2273,0.02758,,,,,,
2275,0.027610000000000003,,,,,,
2277,0.027759999999999996,,,,,,
2279,0.02746,,,,,,
2281,0.02724,,,,,,
2283,0.027610000000000003,,,,,,
2285,0.02758,,,,,,
2287,0.027679999999999996,,,,,,
2289,0.02733,,,,,,
2291,0.02735,,,,,,
2293,0.02762,,,,,,
2295,0.0274,,,,,,
2297,0.02765,,,,,,
2299,0.02762,,,,,,
2301,0.027549999999999998,,,,,,
2303,0.02789,,,,,,
2305,0.02778,,,,,,
2307,0.027679999999999996,,,,,,
2309,0.02793,,,,,,
2311,0.02809,,,,,,
2313,0.027839999999999997,,,,,,
2315,0.02778,,,,,,
2317,0.02791,,,,,,
2319,0.027999999999999997,,,,,,
2321,0.02786,,,,,,
2323,0.0279,,,,,,
2325,0.02787,,,,,,
2327,0.02783,,,,,,
2329,0.02791,,,,,,
2331,0.02812,,,,,,
2333,0.02812,,,,,,
2335,0.02819,,,,,,
2337,0.02801,,,,,,
2339,0.028130000000000002,,,,,,
2341,0.028069999999999998,,,,,,
2343,0.02801,,,,,,
2345,0.028130000000000002,,,,,,
2347,0.02804,,,,,,
2349,0.028210000000000002,,,,,,
2351,0.028399999999999998,,,,,,
2353,0.028210000000000002,,,,,,
2355,0.028450000000000003,,,,,,
2357,0.0287,,,,,,
2359,0.02883,,,,,,
2361,0.02847,,,,,,
2363,0.02883,,,,,,
2365,0.028399999999999998,,,,,,
2367,0.028730000000000002,,,,,,
2369,0.02866,,,,,,
2371,0.02826,,,,,,
2373,0.02848,,,,,,
2375,0.028730000000000002,,,,,,
2377,0.02883,,,,,,
2379,0.02875,,,,,,
2381,0.029140000000000003,,,,,,
2383,0.02875,,,,,,
2385,0.02896,,,,,,
2387,0.02894,,,,,,
2389,0.02888,,,,,,
2391,0.029079999999999998,,,,,,
2393,0.02903,,,,,,
2395,0.02916,,,,,,
2397,0.028990000000000002,,,,,,
2399,0.028980000000000002,,,,,,
2401,0.028919999999999998,,,,,,
2403,0.02903,,,,,,
2405,0.02897,,,,,,
2407,0.029300000000000003,,,,,,
2409,0.02921,,,,,,
2411,0.02918,,,,,,
2413,0.02933,,,,,,
2415,0.02905,,,,,,
2417,0.029140000000000003,,,,,,
2419,0.02894,,,,,,
2421,0.02936,,,,,,
2423,0.02928,,,,,,
2425,0.02897,,,,,,
2427,0.029249999999999998,,,,,,
2429,0.02947,,,,,,
2431,0.02927,,,,,,
2433,0.02956,,,,,,
2435,0.02956,,,,,,
2437,0.02948,,,,,,
2439,0.02954,,,,,,
2441,0.029369999999999997,,,,,,
2443,0.029609999999999997,,,,,,
2445,0.02944,,,,,,
2447,0.029660000000000002,,,,,,
2449,0.029609999999999997,,,,,,
2451,0.02949,,,,,,
2453,0.02971,,,,,,
2455,0.03004,,,,,,
2457,0.029689999999999998,,,,,,
2459,0.02993,,,,,,
2461,0.02995,,,,,,
2463,0.03009,,,,,,
2465,0.02988,,,,,,
2467,0.030219999999999997,,,,,,
2469,0.03004,,,,,,
2471,0.03017,,,,,,
2473,0.03012,,,,,,
2475,0.030139999999999997,,,,,,
2477,0.0302,,,,,,
2479,0.03033,,,,,,
2481,0.03019,,,,,,
2483,0.03048,,,,,,
2485,0.030459999999999997,,,,,,
2487,0.03042,,,,,,
2489,0.03048,,,,,,
2491,0.03039,,,,,,
2493,0.030699999999999998,,,,,,
2495,0.03072,,,,,,
2497,0.03048,,,,,,
2499,0.030830000000000003,,,,,,
2501,0.03076,,,,,,
2503,0.03071,,,,,,
2505,0.03068,,,,,,
2507,0.031,,,,,,
2509,0.03065,,,,,,
2511,0.03087,,,,,,
2513,0.03061,,,,,,
2515,0.03079,,,,,,
2517,0.03082,,,,,,
2519,0.03102,,,,,,
2521,0.03079,,,,,,
2523,0.03078,,,,,,
2525,0.03078,,,,,,
2527,0.031120000000000002,,,,,,
2529,0.03101,,,,,,
2531,0.03102,,,,,,
2533,0.03104,,,,,,
2535,0.03109,,,,,,
2537,0.03109,,,,,,
2539,0.030950000000000002,,,,,,
2541,0.031219999999999998,,,,,,
2543,0.0311,,,,,,
2545,0.03104,,,,,,
2547,0.03117,,,,,,
2549,0.03157,,,,,,
2551,0.03143,,,,,,
2553,0.031400000000000004,,,,,,
2555,0.03134,,,,,,
2557,0.0313,,,,,,
2559,0.031349999999999996,,,,,,
2561,0.03146,,,,,,
2563,0.03129,,,,,,
2565,0.03116,,,,,,
2567,0.03167,,,,,,
2569,0.03141,,,,,,
2571,0.03128,,,,,,
2573,0.03166,,,,,,
2575,0.03161,,,,,,
2577,0.03168,,,,,,
2579,0.03177,,,,,,
2581,0.03168,,,,,,
2583,0.032010000000000004,,,,,,
2585,0.03195,,,,,,
2587,0.03182,,,,,,
2589,0.031920000000000004,,,,,,
2591,0.03185,,,,,,
2593,0.03189,,,,,,
2595,0.03175,,,,,,
2597,0.031939999999999996,,,,,,
2599,0.03199,,,,,,
2601,0.032189999999999996,,,,,,
2603,0.03212,,,,,,
2605,0.03252,,,,,,
2607,0.03241,,,,,,
2609,0.032029999999999996,,,,,,
2611,0.03245,,,,,,
2613,0.032189999999999996,,,,,,
2615,0.032170000000000004,,,,,,
2617,0.03262,,,,,,
2619,0.0323,,,,,,
2621,0.03242,,,,,,
2623,0.03241,,,,,,
2625,0.03284,,,,,,
2627,0.03286,,,,,,
2629,0.03281,,,,,,
2631,0.03284,,,,,,
2633,0.032869999999999996,,,,,,
2635,0.0325,,,,,,
2637,0.0325,,,,,,
2639,0.03262,,,,,,
2641,0.03265,,,,,,
2643,0.0329,,,,,,
2645,0.03297,,,,,,
2647,0.033,,,,,,
2649,0.03309,,,,,,
2651,0.033,,,,,,
2653,0.03313,,,,,,
2655,0.033170000000000005,,,,,,
2657,0.0329,,,,,,
2659,0.0334,,,,,,
2661,0.03276,,,,,,
2663,0.03323,,,,,,
2665,0.03334,,,,,,
2667,0.03303,,,,,,
2669,0.03352,,,,,,
2671,0.0334,,,,,,
2673,0.03329,,,,,,
2675,0.03381,,,,,,
2677,0.033479999999999996,,,,,,
2679,0.03351,,,,,,
2681,0.03372,,,,,,
2683,0.03357,,,,,,
2685,0.03372,,,,,,
2687,0.03349,,,,,,
2689,0.03363,,,,,,
2691,0.033929999999999995,,,,,,
2693,0.03357,,,,,,
2695,0.03375,,,,,,
2697,0.033530000000000004,,,,,,
2699,0.0339,,,,,,
2701,0.033549999999999996,,,,,,
2703,0.03345,,,,,,
2705,0.03398,,,,,,
2707,0.03358,,,,,,
2709,0.03365,,,,,,
2711,0.03368,,,,,,
2713,0.03342,,,,,,
2715,0.033530000000000004,,,,,,
2717,0.03365,,,,,,
2719,0.0338,,,,,,
2721,0.03376,,,,,,
2723,0.034,,,,,,
2725,0.03397,,,,,,
2727,0.03398,,,,,,
2729,0.034089999999999995,,,,,,
2731,0.03396,,,,,,
2733,0.03403,,,,,,
2735,0.03405,,,,,,
2737,0.033929999999999995,,,,,,
2739,0.03413,,,,,,
2741,0.03408,,,,,,
2743,0.03426,,,,,,
2745,0.03461,,,,,,
2747,0.03428,,,,,,
2749,0.03424,,,,,,
2751,0.034249999999999996,,,,,,
2753,0.03456,,,,,,
2755,0.03421,,,,,,
2757,0.03421,,,,,,
2759,0.03466,,,,,,
2761,0.03464,,,,,,
2763,0.03472,,,,,,
2765,0.03472,,,,,,
2767,0.034780000000000005,,,,,,
2769,0.03481,,,,,,
2771,0.03492,,,,,,
2773,0.03521,,,,,,
2775,0.03506,,,,,,
2777,0.03505,,,,,,
2779,0.034929999999999996,,,,,,
2781,0.03467,,,,,,
2783,0.03497,,,,,,
2785,0.03522,,,,,,
2787,0.034980000000000004,,,,,,
2789,0.03506,,,,,,
2791,0.0354,,,,,,
2793,0.03542,,,,,,
2795,0.03522,,,,,,
2797,0.03528,,,,,,
2799,0.03528,,,,,,
2801,0.03549,,,,,,
2803,0.03546,,,,,,
2805,0.03494,,,,,,
2807,0.03526,,,,,,
2809,0.03546,,,,,,
2811,0.035339999999999996,,,,,,
2813,0.03587,,,,,,
2815,0.035539999999999995,,,,,,
2817,0.03568,,,,,,
2819,0.03579,,,,,,
2821,0.03568,,,,,,
2823,0.03553,,,,,,
2825,0.03573,,,,,,
2827,0.03579,,,,,,
2829,0.03573,,,,,,
2831,0.03588,,,,,,
2833,0.0359,,,,,,
2835,0.03615,,,,,,
2837,0.036000000000000004,,,,,,
2839,0.03599,,,,,,
2841,0.03588,,,,,,
2843,0.036000000000000004,,,,,,
2845,0.036230000000000005,,,,,,
2847,0.03621,,,,,,
2849,0.03594,,,,,,
2851,0.036230000000000005,,,,,,
2853,0.03632,,,,,,
2855,0.03621,,,,,,
2857,0.0363,,,,,,
2859,0.03622,,,,,,
2861,0.03612,,,,,,
2863,0.03667,,,,,,
2865,0.03664,,,,,,
2867,0.03645,,,,,,
2869,0.036520000000000004,,,,,,
2871,0.036230000000000005,,,,,,
2873,0.0364,,,,,,
2875,0.03669,,,,,,
2877,0.03674,,,,,,
2879,0.03646,,,,,,
2881,0.0366,,,,,,
2883,0.03697,,,,,,
2885,0.03672,,,,,,
2887,0.03675,,,,,,
2889,0.03696,,,,,,
2891,0.03697,,,,,,
2893,0.03616,,,,,,
2895,0.03588,,,,,,
2897,0.03722,,,,,,
2899,0.03709,,,,,,
2901,0.03622,,,,,,
2903,0.03719,,,,,,
2905,0.03717,,,,,,
2907,0.03702,,,,,,
2909,0.03717,,,,,,
2911,0.03726,,,,,,
2913,0.03692,,,,,,
2915,0.036989999999999995,,,,,,
2917,0.03696,,,,,,
2919,0.03695,,,,,,
2919.7,0.03726,,,,,,
2921.3,0.03703,,,,,,
2923.3,0.03711,,,,,,
2925.3,0.03734,,,,,,
2927.3,0.03758,,,,,,
2929.3,0.03739,,,,,,
2931.3,0.03771,,,,,,
2933.3,0.037290000000000004,,,,,,
2935.3,0.03773,,,,,,
2937.3,0.03742,,,,,,
2939.3,0.03775,,,,,,
2941.3,0.03778,,,,,,
2943.3,0.03762,,,,,,
2945.3,0.03779,,,,,,
2947.3,0.03751,,,,,,
2949.3,0.03787,,,,,,
2951.3,0.03781,,,,,,
2953.3,0.03798,,,,,,
2955.3,0.037989999999999996,,,,,,
2957.3,0.03775,,,,,,
2959.3,0.03759,,,,,,
2961.3,0.03807,,,,,,
2963.3,0.03858,,,,,,
2965.3,0.038290000000000005,,,,,,
2967.3,0.03807,,,,,,
2969.3,0.03798,,,,,,
2971.3,0.03821,,,,,,
2973.3,0.03831,,,,,,
2975.3,0.03826,,,,,,
2977.3,0.03832,,,,,,
2979.3,0.03851,,,,,,
2981.3,0.03838,,,,,,
2983.3,0.03827,,,,,,
2985.3,0.038290000000000005,,,,,,
2987.3,0.03868,,,,,,
2989.3,0.03851,,,,,,
2991.1,0.03842,,,,,,
2993.1,0.03863,,,,,,
2995.1,0.03889,,,,,,
2997.1,0.03864,,,,,,
2999.1,0.03859,,,,,,
3001.1,0.03886,,,,,,
3003.1,0.03905,,,,,,
3005.1,0.038759999999999996,,,,,,
3007.1,0.03882,,,,,,
3009.1,0.038759999999999996,,,,,,
3011.1,0.03877,,,,,,
3013.1,0.03883,,,,,,
3015,0.038919999999999996,,,,,,
3017,0.038849999999999996,,,,,,
3019,0.03909,,,,,,
3021,0.03961,,,,,,
3023,0.03965,,,,,,
3025,0.03981,,,,,,
3027,0.03998,,,,,,
3029,0.03964,,,,,,
3031,0.04003999999999999,,,,,,
3033,0.04011,,,,,,
3035,0.040060000000000005,,,,,,
3037,0.04,,,,,,
3039,0.03997,,,,,,
3041,0.03977,,,,,,
3043,0.03998,,,,,,
3045,0.04003999999999999,,,,,,
3047,0.0401,,,,,,
3049,0.040279999999999996,,,,,,
3051,0.04054,,,,,,
3053,0.04,,,,,,
3055,0.0404,,,,,,
3057,0.040350000000000004,,,,,,
3059,0.04027,,,,,,
3061,0.040119999999999996,,,,,,
3063,0.040549999999999996,,,,,,
3065,0.03993,,,,,,
3067,0.03973,,,,,,
3069,0.03987,,,,,,
3071,0.03978,,,,,,
3073,0.04016,,,,,,
3075,0.040069999999999995,,,,,,
3077,0.040209999999999996,,,,,,
3079,0.04018,,,,,,
3081,0.040060000000000005,,,,,,
3083,0.03998,,,,,,
3085,0.03989,,,,,,
3087,0.040229999999999995,,,,,,
3089,0.04032,,,,,,
3091,0.040389999999999995,,,,,,
3093,0.040220000000000006,,,,,,
3095,0.04031,,,,,,
3097,0.04105,,,,,,
3099,0.04113000000000001,,,,,,
3101,0.04117,,,,,,
3103,0.04118,,,,,,
3105,0.04128999999999999,,,,,,
3107,0.040940000000000004,,,,,,
3109,0.041120000000000004,,,,,,
3111,0.04128999999999999,,,,,,
3113,0.04122,,,,,,
3115,0.04134,,,,,,
3117,0.04147,,,,,,
3119,0.04152,,,,,,
3121,0.04108,,,,,,
3123,0.04141,,,,,,
3125,0.04138,,,,,,
3127,0.041449999999999994,,,,,,
3129,0.04156,,,,,,
3131,0.041639999999999996,,,,,,
3133,0.04163,,,,,,
3135,0.0415,,,,,,
3137,0.041449999999999994,,,,,,
3139,0.04169,,,,,,
3141,0.0415,,,,,,
3143,0.04167,,,,,,
3145,0.041769999999999995,,,,,,
3147,0.041909999999999996,,,,,,
3149,0.04197,,,,,,
3151,0.04197,,,,,,
3153,0.04213,,,,,,
3155,0.042199999999999994,,,,,,
3157,0.04226,,,,,,
3159,0.04196,,,,,,
3161,0.04113000000000001,,,,,,
3163,0.040999999999999995,,,,,,
3165,0.04089,,,,,,
3167,0.0414,,,,,,
3169,0.041159999999999995,,,,,,
3171,0.040940000000000004,,,,,,
3173,0.041280000000000004,,,,,,
3175,0.04113000000000001,,,,,,
3177,0.041319999999999996,,,,,,
3179,0.041299999999999996,,,,,,
3181,0.041550000000000004,,,,,,
3183,0.04147,,,,,,
3185,0.041429999999999995,,,,,,
3187,0.041580000000000006,,,,,,
3189,0.041299999999999996,,,,,,
3191,0.04138,,,,,,
3193,0.041319999999999996,,,,,,
3195,0.04168,,,,,,
3197,0.04169,,,,,,
3199,0.041749999999999995,,,,,,
3201,0.04198,,,,,,
3203,0.04185,,,,,,
3205,0.04186,,,,,,
3207,0.04181,,,,,,
3209,0.04151,,,,,,
3211,0.04185,,,,,,
3213,0.04202,,,,,,
3215,0.04216,,,,,,
3217,0.04192,,,,,,
3219,0.04168,,,,,,
3221,0.042050000000000004,,,,,,
3223,0.04222000000000001,,,,,,
3225,0.04196,,,,,,
3227,0.042069999999999996,,,,,,
3229,0.042409999999999996,,,,,,
3231,0.042030000000000005,,,,,,
3233,0.042199999999999994,,,,,,
3235,0.042699999999999995,,,,,,
3237,0.04234,,,,,,
3239,0.04233,,,,,,
3241,0.04229,,,,,,
3243,0.04261,,,,,,
3245,0.04216,,,,,,
3247,0.042460000000000005,,,,,,
3249,0.04278,,,,,,
3251,0.04258,,,,,,
3253,0.04257,,,,,,
3255,0.04258,,,,,,
3257,0.04261,,,,,,
3259,0.04269,,,,,,
3261,0.04269,,,,,,
3263,0.04301,,,,,,
3265,0.04314,,,,,,
3267,0.04301,,,,,,
3269,0.042969999999999994,,,,,,
3271,0.04299,,,,,,
3273,0.04347,,,,,,
3275,0.04295,,,,,,
3277,0.043179999999999996,,,,,,
3279,0.04327,,,,,,
3281,0.043230000000000005,,,,,,
3283,0.04348,,,,,,
3285,0.0432,,,,,,
3287,0.04338,,,,,,
3289,0.043070000000000004,,,,,,
3291,0.0433,,,,,,
3293,0.043440000000000006,,,,,,
3295,0.04331,,,,,,
3297,0.04364,,,,,,
3299,0.043609999999999996,,,,,,
3301,0.043680000000000004,,,,,,
3303,0.04369,,,,,,
3305,0.0438,,,,,,
3307,0.04347,,,,,,
3309,0.04383,,,,,,
3311,0.04391,,,,,,
3313,0.04347,,,,,,
3315,0.04382,,,,,,
3317,0.04366,,,,,,
3319,0.04386999999999999,,,,,,
3321,0.04386999999999999,,,,,,
3323,0.04487,,,,,,
3325,0.04449,,,,,,
3327,0.04458,,,,,,
3329,0.04413,,,,,,
3331,0.04414,,,,,,
3333,0.04424,,,,,,
3335,0.04414,,,,,,
3337,0.04447,,,,,,
3339,0.04428,,,,,,
3341,0.04415,,,,,,
3343,0.04462,,,,,,
3345,0.044219999999999995,,,,,,
3347,0.04442,,,,,,
3349,0.04453,,,,,,
3351,0.04433,,,,,,
3353,0.04455,,,,,,
3355,0.04469,,,,,,
3357,0.04445,,,,,,
3359,0.044480000000000006,,,,,,
3361,0.04469,,,,,,
3363,0.04476,,,,,,
3365,0.044539999999999996,,,,,,
3367,0.04455,,,,,,
3369,0.04471,,,,,,
3371,0.04469,,,,,,
3373,0.04479,,,,,,
3375,0.044509999999999994,,,,,,
3377,0.04458,,,,,,
3379,0.044829999999999995,,,,,,
3381,0.04488,,,,,,
3383,0.04476,,,,,,
3385,0.04486,,,,,,
3387,0.04469,,,,,,
3389,0.04482,,,,,,
3391,0.04501,,,,,,
3393,0.044770000000000004,,,,,,
3395,0.044989999999999995,,,,,,
3397,0.04511999999999999,,,,,,
3399,0.044950000000000004,,,,,,
3401,0.044989999999999995,,,,,,
3403,0.04505,,,,,,
3405,0.04551,,,,,,
3407,0.045720000000000004,,,,,,
3409,0.04568,,,,,,
3411,0.04548,,,,,,
3413,0.045570000000000006,,,,,,
3415,0.04573000000000001,,,,,,
3417,0.04611,,,,,,
3419,0.045880000000000004,,,,,,
3421,0.046020000000000005,,,,,,
3423,0.04571,,,,,,
3425,0.04563,,,,,,
3427,0.04589000000000001,,,,,,
3429,0.045970000000000004,,,,,,
3431,0.04582,,,,,,
3433,0.0461,,,,,,
3435,0.04616,,,,,,
3437,0.0463,,,,,,
3439,0.04652,,,,,,
3441,0.04662,,,,,,
3443,0.046639999999999994,,,,,,
3445,0.04636,,,,,,
3447,0.046470000000000004,,,,,,
3449,0.04636,,,,,,
3451,0.04675,,,,,,
3453,0.046799999999999994,,,,,,
3455,0.046470000000000004,,,,,,
3457,0.046740000000000004,,,,,,
3459,0.04675,,,,,,
3461,0.04668,,,,,,
3463,0.04686,,,,,,
3465,0.04697,,,,,,
3467,0.04687,,,,,,
3469,0.04705,,,,,,
3471,0.047080000000000004,,,,,,
3473,0.047009999999999996,,,,,,
3475,0.04703,,,,,,
3477,0.04677,,,,,,
3479,0.047220000000000005,,,,,,
3481,0.04687,,,,,,
3483,0.04692,,,,,,
3485,0.04702,,,,,,
3487,0.04763,,,,,,
3489,0.04763,,,,,,
3491,0.04784,,,,,,
3493,0.047729999999999995,,,,,,
3495,0.0479,,,,,,
3497,0.04719,,,,,,
3499,0.04758,,,,,,
3501,0.047409999999999994,,,,,,
3503,0.04715,,,,,,
3505,0.04752,,,,,,
3507,0.047400000000000005,,,,,,
3509,0.047569999999999994,,,,,,
3511,0.047279999999999996,,,,,,
3513,0.04764,,,,,,
3515,0.04769,,,,,,
3517,0.04782,,,,,,
3519,0.04736,,,,,,
3521,0.04764,,,,,,
3523,0.04768,,,,,,
3525,0.047880000000000006,,,,,,
3527,0.047619999999999996,,,,,,
3529,0.04784,,,,,,
3531,0.04791,,,,,,
3533,0.04823,,,,,,
3535,0.0478,,,,,,
3537,0.04835,,,,,,
3539,0.04838,,,,,,
3541,0.048049999999999995,,,,,,
3543,0.04804,,,,,,
3545,0.04804,,,,,,
3547,0.048179999999999994,,,,,,
3549,0.04826,,,,,,
3551,0.04853,,,,,,
3553,0.04798,,,,,,
3555,0.04858,,,,,,
3557,0.04824,,,,,,
3559,0.048479999999999995,,,,,,
3561,0.04842,,,,,,
3563,0.048369999999999996,,,,,,
3565,0.048600000000000004,,,,,,
3567,0.04842,,,,,,
3569,0.04846,,,,,,
3571,0.04872,,,,,,
3573,0.04875,,,,,,
3575,0.048470000000000006,,,,,,
3577,0.048499999999999995,,,,,,
3579,0.04861,,,,,,
3581,0.04872,,,,,,
3583,0.04913,,,,,,
3585,0.049370000000000004,,,,,,
3587,0.048659999999999995,,,,,,
3589,0.049139999999999996,,,,,,
3591,0.049100000000000005,,,,,,
3593,0.04917,,,,,,
3595,0.04931,,,,,,
3597,0.04939,,,,,,
3599,0.04891,,,,,,
3601,0.04915,,,,,,
3603,0.04926,,,,,,
3605,0.049269999999999994,,,,,,
3607,0.04936,,,,,,
3609,0.04931,,,,,,
3611,0.04906,,,,,,
3613,0.049429999999999995,,,,,,
3615,0.04933,,,,,,
3617,0.049249999999999995,,,,,,
3619,0.04938,,,,,,
3621,0.04966,,,,,,
3623,0.04956000000000001,,,,,,
3625,0.04965,,,,,,
3627,0.04995,,,,,,
3629,0.04979,,,,,,
3631,0.04994,,,,,,
3633,0.04992,,,,,,
3635,0.05026,,,,,,
3637,0.050140000000000004,,,,,,
3639,0.05003,,,,,,
3641,0.04993,,,,,,
3643,0.049980000000000004,,,,,,
3645,0.050039999999999994,,,,,,
3647,0.05015,,,,,,
3649,0.05022,,,,,,
3651,0.05035,,,,,,
3653,0.05022,,,,,,
3655,0.05044,,,,,,
3657,0.05074,,,,,,
3659,0.05066,,,,,,
3661,0.05072,,,,,,
3663,0.05055,,,,,,
3665,0.05041,,,,,,
3667,0.05069,,,,,,
3669,0.05082,,,,,,
3671,0.0509,,,,,,
3673,0.05059,,,,,,
3675,0.05065,,,,,,
3677,0.05048,,,,,,
3679,0.05069,,,,,,
3681,0.050949999999999995,,,,,,
3683,0.05102,,,,,,
3685,0.05086,,,,,,
3687,0.05088,,,,,,
3687.4,0.05102,,,,,,
3689.4,0.05119,,,,,,
3691.4,0.051239999999999994,,,,,,
3693.4,0.05128,,,,,,
3695.4,0.05135,,,,,,
3697.4,0.051390000000000005,,,,,,
3699.4,0.05142,,,,,,
3701.4,0.05144,,,,,,
3703.4,0.05142,,,,,,
3705.4,0.051550000000000006,,,,,,
3707.4,0.05147,,,,,,
3709.4,0.05152999999999999,,,,,,
3711,0.051449999999999996,,,,,,
3713,0.0513,,,,,,
3715,0.05151,,,,,,
3717,0.05181,,,,,,
3719,0.05184999999999999,,,,,,
3721,0.052140000000000006,,,,,,
3723,0.052140000000000006,,,,,,
3725,0.05189,,,,,,
3727,0.052140000000000006,,,,,,
3729,0.05203,,,,,,
3731,0.052110000000000004,,,,,,
3733,0.05218,,,,,,
3735,0.05196,,,,,,
3737,0.05225,,,,,,
3739,0.052320000000000005,,,,,,
3741,0.052009999999999994,,,,,,
3743,0.05237,,,,,,
3745,0.05219,,,,,,
3747,0.05239,,,,,,
3749,0.05253,,,,,,
3751,0.05256,,,,,,
3753,0.052590000000000005,,,,,,
3755,0.052649999999999995,,,,,,
3757,0.052169999999999994,,,,,,
3759,0.052809999999999996,,,,,,
3761,0.0527,,,,,,
3763,0.05253,,,,,,
3765,0.05284,,,,,,
3767,0.05282,,,,,,
3769,0.05314,,,,,,
3771,0.0533,,,,,,
3773,0.052930000000000005,,,,,,
3775,0.05318,,,,,,
3777,0.05279,,,,,,
3779,0.053259999999999995,,,,,,
3781,0.053380000000000004,,,,,,
3783,0.05296,,,,,,
3785,0.053239999999999996,,,,,,
3787,0.053360000000000005,,,,,,
3789,0.0533,,,,,,
3791,0.05313,,,,,,
3793,0.05337,,,,,,
3795,0.05377,,,,,,
3797,0.0536,,,,,,
3799,0.053540000000000004,,,,,,
3801,0.05377,,,,,,
3803,0.053869999999999994,,,,,,
3805,0.05395,,,,,,
3807,0.05394,,,,,,
3809,0.05386,,,,,,
3811,0.05395,,,,,,
3813,0.05421,,,,,,
3815,0.05377,,,,,,
3817,0.05378,,,,,,
3819,0.05421,,,,,,
3821,0.0545,,,,,,
3823,0.05421,,,,,,
3825,0.054329999999999996,,,,,,
3827,0.05422,,,,,,
3829,0.05421,,,,,,
3831,0.0542,,,,,,
3833,0.0542,,,,,,
3835,0.054329999999999996,,,,,,
3837,0.054169999999999996,,,,,,
3839,0.054509999999999996,,,,,,
3841,0.054610000000000006,,,,,,
3843,0.05484,,,,,,
3845,0.05485,,,,,,
3847,0.05459,,,,,,
3849,0.054900000000000004,,,,,,
3851,0.054669999999999996,,,,,,
3853,0.05484,,,,,,
3855,0.05442,,,,,,
3855,0.0547,,,,,,
3857,0.054619999999999995,,,,,,
3859,0.05483,,,,,,
3861,0.055279999999999996,,,,,,
3863,0.05492,,,,,,
3865,0.055279999999999996,,,,,,
3867,0.054880000000000005,,,,,,
3869,0.05516,,,,,,
3871,0.055439999999999996,,,,,,
3873,0.05521,,,,,,
3875,0.05551999999999999,,,,,,
3877,0.05566,,,,,,
3879,0.05602,,,,,,
3881,0.055689999999999996,,,,,,
3883,0.0555,,,,,,
3885,0.05503,,,,,,
3887,0.0553,,,,,,
3889,0.05543,,,,,,
3891,0.0554,,,,,,
3893,0.05596,,,,,,
3895,0.05595,,,,,,
3897,0.055650000000000005,,,,,,
3899,0.0558,,,,,,
3901,0.05611,,,,,,
3903,0.055650000000000005,,,,,,
3905,0.055830000000000005,,,,,,
3907,0.05627,,,,,,
3909,0.05619,,,,,,
3911,0.05617,,,,,,
3913,0.05631,,,,,,
3915,0.05624,,,,,,
3917,0.056100000000000004,,,,,,
3919,0.05625,,,,,,
3921,0.0567,,,,,,
3923,0.056609999999999994,,,,,,
3925,0.05651,,,,,,
3927,0.05633,,,,,,
3929,0.05657,,,,,,
3931,0.05624,,,,,,
3933,0.05663,,,,,,
3935,0.05704,,,,,,
3937,0.056749999999999995,,,,,,
3939,0.057409999999999996,,,,,,
3941,0.057030000000000004,,,,,,
3943,0.05702,,,,,,
3945,0.05717,,,,,,
3947,0.05731,,,,,,
3949,0.057210000000000004,,,,,,
3951,0.05726,,,,,,
3953,0.05726,,,,,,
3955,0.05717,,,,,,
3957,0.05729,,,,,,
3959,0.05759,,,,,,
3961,0.05774,,,,,,
3963,0.05747,,,,,,
3965,0.05774,,,,,,
3967,0.057519999999999995,,,,,,
3969,0.05779,,,,,,
3971,0.05773,,,,,,
3973,0.0579,,,,,,
3975,0.05775,,,,,,
3977,0.05787,,,,,,
3979,0.05769,,,,,,
3981,0.05774,,,,,,
3983,0.05781,,,,,,
3985,0.05803,,,,,,
3987,0.0579,,,,,,
3989,0.05822,,,,,,
3991,0.05831,,,,,,
3993,0.05836,,,,,,
3995,0.05824,,,,,,
3997,0.058289999999999995,,,,,,
3999,0.05854,,,,,,
4001,0.058390000000000004,,,,,,
4003,0.058390000000000004,,,,,,
4005,0.05832,,,,,,
4007,0.05865,,,,,,
4009,0.058499999999999996,,,,,,
4011,0.05867,,,,,,
4013,0.0587,,,,,,
4015,0.058890000000000005,,,,,,
4017,0.05904,,,,,,
4019,0.05866,,,,,,
4021,0.05884,,,,,,
4023,0.058890000000000005,,,,,,
4025,0.059269999999999996,,,,,,
4027,0.059219999999999995,,,,,,
4029,0.05956,,,,,,
4031,0.059210000000000006,,,,,,
4033,0.0592,,,,,,
4035,0.05931,,,,,,
4037,0.059359999999999996,,,,,,
4039,0.05929,,,,,,
4041,0.05939,,,,,,
4043,0.05950999999999999,,,,,,
4045,0.05953,,,,,,
4047,0.05956,,,,,,
4049,0.05957,,,,,,
4051,0.05962,,,,,,
4053,0.05955,,,,,,
4055,0.05959,,,,,,
4057,0.05971,,,,,,
4059,0.05962,,,,,,
4061,0.059829999999999994,,,,,,
4063,0.05994,,,,,,
4065,0.060090000000000005,,,,,,
4067,0.05987,,,,,,
4069,0.06027999999999999,,,,,,
4071,0.059829999999999994,,,,,,
4073,0.06006,,,,,,
4075,0.060129999999999996,,,,,,
4077,0.06045,,,,,,
4079,0.06016,,,,,,
4081,0.06049,,,,,,
4083,0.060039999999999996,,,,,,
4085,0.06055,,,,,,
4087,0.06067,,,,,,
4089,0.06062,,,,,,
4091,0.06066,,,,,,
4093,0.06056,,,,,,
4095,0.06068,,,,,,
4097,0.06075,,,,,,
4099,0.060410000000000005,,,,,,
4101,0.06049,,,,,,
4103,0.060579999999999995,,,,,,
4105,0.060629999999999996,,,,,,
4107,0.06045,,,,,,
4109,0.06075,,,,,,
4111,0.06049,,,,,,
4113,0.06078,,,,,,
4115,0.06116,,,,,,
4117,0.060899999999999996,,,,,,
4119,0.0613,,,,,,
4121,0.06128,,,,,,
4123,0.06131,,,,,,
4125,0.061180000000000005,,,,,,
4127,0.06129,,,,,,
4129,0.061180000000000005,,,,,,
4131,0.06138,,,,,,
4133,0.061200000000000004,,,,,,
4135,0.061470000000000004,,,,,,
4137,0.06146,,,,,,
4139,0.061669999999999996,,,,,,
4141,0.06173,,,,,,
4143,0.061810000000000004,,,,,,
4145,0.06157,,,,,,
4147,0.06156,,,,,,
4149,0.06175,,,,,,
4151,0.06187,,,,,,
4153,0.06214,,,,,,
4155,0.06186,,,,,,
4157,0.061529999999999994,,,,,,
4159,0.06215,,,,,,
4161,0.061950000000000005,,,,,,
4163,0.06213,,,,,,
4165,0.062119999999999995,,,,,,
4167,0.06229,,,,,,
4169,0.06237,,,,,,
4171,0.06237,,,,,,
4173,0.06262,,,,,,
4175,0.06288,,,,,,
4177,0.06311,,,,,,
4179,0.0629,,,,,,
4181,0.06309000000000001,,,,,,
4183,0.06328,,,,,,
4185,0.06318,,,,,,
4187,0.06316,,,,,,
4189,0.06335,,,,,,
4191,0.06309999999999999,,,,,,
4193,0.06303,,,,,,
4195,0.06311,,,,,,
4197,0.06283,,,,,,
4199,0.06277,,,,,,
4201,0.06316,,,,,,
4203,0.06286,,,,,,
4205,0.06304,,,,,,
4207,0.06316,,,,,,
4209,0.06333,,,,,,
4211,0.06338,,,,,,
4213,0.06363,,,,,,
4215,0.06356,,,,,,
4217.3,0.06354,,,,,,
4219.3,0.06326,,,,,,
4221.3,0.06332,,,,,,
4223.2,0.06338,,,,,,
4225.2,0.06335,,,,,,
4227.2,0.06367,,,,,,
4229.2,0.06347,,,,,,
4231.2,0.06375,,,,,,
4233.2,0.06369,,,,,,
4235.2,0.06369,,,,,,
4237.2,0.06381,,,,,,
4239.2,0.06381,,,,,,
4241.2,0.06377,,,,,,
4243.2,0.06386,,,,,,
4245.2,0.06409,,,,,,
4247.2,0.06381,,,,,,
4249.2,0.06405999999999999,,,,,,
4251.2,0.06397,,,,,,
4253.2,0.06416000000000001,,,,,,
4255.2,0.06419,,,,,,
4257.2,0.06411,,,,,,
4259.2,0.06412,,,,,,
4261.2,0.06423,,,,,,
4263.2,0.06439,,,,,,
4265.2,0.06451,,,,,,
4267.2,0.06456,,,,,,
4269.2,0.06471,,,,,,
4271.2,0.06462,,,,,,
4273.2,0.06471,,,,,,
4275.2,0.06476,,,,,,
4277.2,0.06477000000000001,,,,,,
4279.2,0.06502,,,,,,
4281.2,0.06483,,,,,,
4283.2,0.06496,,,,,,
4285.2,0.06476,,,,,,
4287.2,0.06485,,,,,,
4289.2,0.06504,,,,,,
4291.2,0.06484,,,,,,
4293.2,0.06524,,,,,,
4295.2,0.06512,,,,,,
4297.2,0.06533,,,,,,
4299.2,0.06535,,,,,,
4301.2,0.06522,,,,,,
4303.2,0.06541000000000001,,,,,,
4305.2,0.0653,,,,,,
4307.2,0.06538000000000001,,,,,,
4309.2,0.06573000000000001,,,,,,
4311.2,0.06541000000000001,,,,,,
4313.2,0.06563,,,,,,
4315.2,0.06562,,,,,,
4317.2,0.06567,,,,,,
4319.2,0.06562,,,,,,
4321.2,0.0658,,,,,,
4323.2,0.06568,,,,,,
4325.2,0.06605,,,,,,
4327.2,0.06606,,,,,,
4329.2,0.06614,,,,,,
4331.2,0.06633,,,,,,
4333.2,0.06607,,,,,,
4335,0.0664,,,,,,
4337,0.06605,,,,,,
4339,0.0659,,,,,,
4341,0.06646,,,,,,
4343,0.06651,,,,,,
4345,0.06652999999999999,,,,,,
4347,0.06661,,,,,,
4349,0.06675,,,,,,
4351,0.06663999999999999,,,,,,
4353,0.06669,,,,,,
4355,0.06686,,,,,,
4357,0.0669,,,,,,
4359,0.06702,,,,,,
4361,0.06669,,,,,,
4363,0.06641,,,,,,
4365,0.06648,,,,,,
4367,0.06679,,,,,,
4369,0.06695000000000001,,,,,,
4371,0.06663000000000001,,,,,,
4373,0.06718,,,,,,
4375,0.06702,,,,,,
4377,0.06712,,,,,,
4379,0.06714,,,,,,
4381,0.06704,,,,,,
4383,0.06726,,,,,,
4385,0.06731,,,,,,
4387,0.06707,,,,,,
4389,0.06717,,,,,,
4391,0.06718,,,,,,
4393,0.06759,,,,,,
4395,0.06766,,,,,,
4397,0.06766,,,,,,
4399,0.0678,,,,,,
4401,0.06803,,,,,,
4403,0.0681,,,,,,
4405,0.06787,,,,,,
4407,0.068,,,,,,
4409,0.0681,,,,,,
4411,0.06797,,,,,,
4413,0.06815,,,,,,
4415,0.0683,,,,,,
4417,0.06822,,,,,,
4419,0.068,,,,,,
4421,0.06827,,,,,,
4423,0.06831999999999999,,,,,,
4425,0.06856,,,,,,
4427,0.06861,,,,,,
4429,0.06849999999999999,,,,,,
4431,0.06835,,,,,,
4433,0.06866,,,,,,
4435,0.06881999999999999,,,,,,
4437,0.06892000000000001,,,,,,
4439,0.06873,,,,,,
4441,0.06916,,,,,,
4443,0.06899,,,,,,
4445,0.0691,,,,,,
4447,0.0691,,,,,,
4449,0.06933,,,,,,
4451,0.06898,,,,,,
4453,0.0692,,,,,,
4455,0.06914,,,,,,
4457,0.06928,,,,,,
4459,0.06908,,,,,,
4461,0.0692,,,,,,
4463,0.0695,,,,,,
4465,0.06953000000000001,,,,,,
4467,0.06967,,,,,,
4469,0.06966,,,,,,
4471,0.0696,,,,,,
4473,0.0701,,,,,,
4475,0.06974,,,,,,
4477,0.06984,,,,,,
4479,0.06994,,,,,,
4481,0.06993,,,,,,
4483,0.06989,,,,,,
4485,0.07011,,,,,,
4487,0.07049,,,,,,
4489,0.06984,,,,,,
4491,0.06978,,,,,,
4493,0.07038,,,,,,
4495,0.07032,,,,,,
4497,0.0706,,,,,,
4499,0.07045,,,,,,
4501,0.07057000000000001,,,,,,
4503,0.07074,,,,,,
4505,0.07054,,,,,,
4507,0.07062,,,,,,
4509,0.07038,,,,,,
4511,0.07078999999999999,,,,,,
4513,0.07054,,,,,,
4515,0.07067999999999999,,,,,,
4517,0.07075000000000001,,,,,,
4519,0.07126,,,,,,
4521,0.07153999999999999,,,,,,
4523,0.07168000000000001,,,,,,
4525,0.07174,,,,,,
4527,0.07168999999999999,,,,,,
4529,0.07091,,,,,,
4531,0.07135,,,,,,
4533,0.07114,,,,,,
4535,0.07113,,,,,,
4537,0.07161,,,,,,
4539,0.07123,,,,,,
4541,0.07118000000000001,,,,,,
4543,0.07186,,,,,,
4545,0.07179,,,,,,
4547,0.07171,,,,,,
4549,0.07153,,,,,,
4551,0.07178,,,,,,
4553,0.07171,,,,,,
4555,0.07200999999999999,,,,,,
4557,0.0712,,,,,,
4559,0.07168000000000001,,,,,,
4561,0.0718,,,,,,
4563,0.07168999999999999,,,,,,
4565,0.0719,,,,,,
4567,0.07214999999999999,,,,,,
4569,0.07225,,,,,,
4571,0.07234,,,,,,
4573,0.07226,,,,,,
4575,0.07223,,,,,,
4577,0.07241,,,,,,
4579,0.07253,,,,,,
4581,0.07237,,,,,,
4583,0.07272,,,,,,
4585,0.0726,,,,,,
4587,0.07259,,,,,,
4589,0.07253,,,,,,
4591,0.07287,,,,,,
4593,0.07288,,,,,,
4595,0.07287,,,,,,
4597,0.07287,,,,,,
4599,0.07296,,,,,,
4601,0.07293999999999999,,,,,,
4603,0.07268,,,,,,
4605,0.07299,,,,,,
4607,0.0732,,,,,,
4609,0.07377,,,,,,
4611,0.07347000000000001,,,,,,
4613,0.0733,,,,,,
4615,0.07348,,,,,,
4617,0.07359,,,,,,
4619,0.07378,,,,,,
4621,0.07366,,,,,,
4623,0.07416,,,,,,
4625,0.07407,,,,,,
4627,0.07403,,,,,,
4629,0.07395,,,,,,
4631,0.07429000000000001,,,,,,
4633,0.07407,,,,,,
4635,0.07437,,,,,,
4637,0.07414,,,,,,
4639,0.07445,,,,,,
4641,0.07425,,,,,,
4643,0.07446,,,,,,
4645,0.07461000000000001,,,,,,
4647,0.07425,,,,,,
4649,0.07433,,,,,,
4651,0.07432,,,,,,
4653,0.07490999999999999,,,,,,
4655,0.07466,,,,,,
4657,0.07499,,,,,,
4659,0.07525,,,,,,
4661,0.07473,,,,,,
4663,0.07522999999999999,,,,,,
4665,0.07505,,,,,,
4667,0.07527,,,,,,
4669,0.07506,,,,,,
4671,0.0748,,,,,,
4673,0.07524,,,,,,
4675,0.07522000000000001,,,,,,
4677,0.07511999999999999,,,,,,
4679,0.07547,,,,,,
4681,0.07535,,,,,,
4683,0.07536,,,,,,
4683.3,0.07299,,,,,,
4683.3,0.07562,,,,,,
4685.3,0.07589,,,,,,
4687.3,0.07597000000000001,,,,,,
4689.3,0.07618,,,,,,
4691.3,0.07611,,,,,,
4693.3,0.07615999999999999,,,,,,
4695.2,0.07622,,,,,,
4697.2,0.07617,,,,,,
4699.2,0.07658999999999999,,,,,,
4701.2,0.076,,,,,,
4703.2,0.07608,,,,,,
4705.2,0.07606,,,,,,
4707.2,0.07619,,,,,,
4709.2,0.0767,,,,,,
4711.2,0.07657,,,,,,
4713.2,0.07679,,,,,,
4715.2,0.07688,,,,,,
4717.2,0.07690999999999999,,,,,,
4719.2,0.07679,,,,,,
4721.2,0.07681,,,,,,
4723.2,0.07656,,,,,,
4725.2,0.07696,,,,,,
4727.2,0.07674,,,,,,
4729.2,0.07696,,,,,,
4731.2,0.07679,,,,,,
4733.2,0.07701,,,,,,
4735.2,0.07706,,,,,,
4737.2,0.07703,,,,,,
4739.2,0.07737,,,,,,
4741.2,0.07719000000000001,,,,,,
4743,0.07735,,,,,,
4745,0.07729,,,,,,
4747,0.07708,,,,,,
4749,0.07761,,,,,,
4751,0.07735,,,,,,
4753,0.07769999999999999,,,,,,
4755,0.0776,,,,,,
4757,0.07780000000000001,,,,,,
4759,0.07796,,,,,,
4761,0.07796,,,,,,
4763,0.07775,,,,,,
4765,0.07828,,,,,,
4767,0.07841999999999999,,,,,,
4769,0.07812999999999999,,,,,,
4771,0.07851,,,,,,
4773,0.07833,,,,,,
4775,0.07844000000000001,,,,,,
4777,0.0783,,,,,,
4779,0.07869,,,,,,
4781,0.07872,,,,,,
4783,0.07866,,,,,,
4785,0.07872,,,,,,
4787,0.07909,,,,,,
4789,0.07894999999999999,,,,,,
4791,0.07916000000000001,,,,,,
4793,0.07916000000000001,,,,,,
4795,0.07915,,,,,,
4797,0.07924,,,,,,
4799,0.07927,,,,,,
4801,0.07923,,,,,,
4803,0.07918,,,,,,
4805,0.07954,,,,,,
4807,0.07951,,,,,,
4809,0.07952,,,,,,
4811,0.07987,,,,,,
4813,0.07972,,,,,,
4815,0.07993,,,,,,
4817,0.07976,,,,,,
4819,0.07982,,,,,,
4821,0.07979,,,,,,
4823,0.07997,,,,,,
4825,0.0799,,,,,,
4827,0.07989,,,,,,
4829,0.08007,,,,,,
4831,0.08001,,,,,,
4833,0.08025,,,,,,
4835,0.08,,,,,,
4837,0.08007,,,,,,
4839,0.08027,,,,,,
4841,0.08033,,,,,,
4843,0.08041000000000001,,,,,,
4845,0.08032,,,,,,
4847,0.0806,,,,,,
4849,0.08055999999999999,,,,,,
4851,0.08041000000000001,,,,,,
4853,0.08058,,,,,,
4855,0.08086,,,,,,
4857,0.08069000000000001,,,,,,
4859,0.08113,,,,,,
4861,0.081,,,,,,
4863,0.08112,,,,,,
4865,0.08134999999999999,,,,,,
4867,0.08134999999999999,,,,,,
4869,0.08164999999999999,,,,,,
4871,0.08147,,,,,,
4873,0.08181,,,,,,
4875,0.08188000000000001,,,,,,
4877,0.08164999999999999,,,,,,
4879,0.08218,,,,,,
4881,0.08181,,,,,,
4883,0.08196999999999999,,,,,,
4885,0.08214,,,,,,
4887,0.08254,,,,,,
4889,0.08193,,,,,,
4891,0.08223000000000001,,,,,,
4893,0.0821,,,,,,
4895,0.08223000000000001,,,,,,
4897,0.0818,,,,,,
4899,0.08193,,,,,,
4901,0.08163000000000001,,,,,,
4903,0.08221,,,,,,
4905,0.08221,,,,,,
4907,0.08233,,,,,,
4909,0.08223000000000001,,,,,,
4911,0.08241,,,,,,
4913,0.08259999999999999,,,,,,
4915,0.08248,,,,,,
4917,0.08259999999999999,,,,,,
4919,0.08260999999999999,,,,,,
4921,0.08241,,,,,,
4923,0.08268,,,,,,
4925,0.083,,,,,,
4927,0.08299,,,,,,
4929,0.08337,,,,,,
4931,0.08320999999999999,,,,,,
4933,0.08305,,,,,,
4935,0.08338,,,,,,
4937,0.08341,,,,,,
4939,0.08361,,,,,,
4941,0.08353,,,,,,
4943,0.08388999999999999,,,,,,
4945,0.08355,,,,,,
4947,0.08385999999999999,,,,,,
4949,0.0837,,,,,,
4951,0.08392,,,,,,
4953,0.08396,,,,,,
4955,0.084,,,,,,
4957,0.08398,,,,,,
4959,0.08404,,,,,,
4961,0.08434,,,,,,
4963,0.08431,,,,,,
4965,0.08424,,,,,,
4967,0.08444000000000002,,,,,,
4969,0.08451,,,,,,
4971,0.08445,,,,,,
4973,0.08481999999999999,,,,,,
4975,0.0848,,,,,,
4977,0.08471999999999999,,,,,,
4979,0.08463,,,,,,
4981,0.08485,,,,,,
4983,0.08478,,,,,,
4985,0.08491,,,,,,
4987,0.08497,,,,,,
4989,0.08524,,,,,,
4991,0.08503999999999999,,,,,,
4993,0.08527,,,,,,
4995,0.08525,,,,,,
4997,0.08558,,,,,,
4999,0.08516,,,,,,
5001,0.08512,,,,,,
5003,0.08551,,,,,,
5005,0.08567,,,,,,
5007,0.08561999999999999,,,,,,
5009,0.08559,,,,,,
5011,0.0857,,,,,,
5013,0.08577,,,,,,
5015,0.08551,,,,,,
5017,0.08561999999999999,,,,,,
5019,0.08559,,,,,,
5021,0.08596999999999999,,,,,,
5023,0.08606,,,,,,
5025,0.0859,,,,,,
5027,0.0862,,,,,,
5029,0.0863,,,,,,
5031,0.08622,,,,,,
5033,0.08589000000000001,,,,,,
5035,0.0857,,,,,,
5037,0.08603999999999999,,,,,,
5039,0.08622999999999999,,,,,,
5041,0.08598,,,,,,
5043,0.08617000000000001,,,,,,
5045,0.08642,,,,,,
5047,0.08622999999999999,,,,,,
5049,0.08611,,,,,,
5051,0.08619,,,,,,
5053,0.08656000000000001,,,,,,
5055,0.08649,,,,,,
5057,0.08682000000000001,,,,,,
5059,0.08662,,,,,,
5061,0.08647,,,,,,
5063,0.08693,,,,,,
5065,0.08712,,,,,,
5067,0.08686999999999999,,,,,,
5069,0.08703,,,,,,
5071,0.08737,,,,,,
5073,0.08718999999999999,,,,,,
5075,0.08724,,,,,,
5077,0.08749000000000001,,,,,,
5079,0.08741,,,,,,
5081,0.08731,,,,,,
5083,0.08749000000000001,,,,,,
5085,0.08743000000000001,,,,,,
5087,0.08753,,,,,,
5089,0.08769,,,,,,
5091,0.08765,,,,,,
5093,0.08772,,,,,,
5095,0.08779999999999999,,,,,,
5097,0.08795,,,,,,
5099,0.08776,,,,,,
5101,0.08793,,,,,,
5103,0.08826,,,,,,
5105,0.08804000000000001,,,,,,
5107,0.08821,,,,,,
5109,0.08821,,,,,,
5111,0.08839000000000001,,,,,,
5113,0.08831,,,,,,
5115,0.08848,,,,,,
5117,0.08848,,,,,,
5119,0.08869999999999999,,,,,,
5121,0.08900999999999999,,,,,,
5123,0.08898,,,,,,
5125,0.08906,,,,,,
5127,0.08913,,,,,,
5129,0.0889,,,,,,
5131,0.08906,,,,,,
5133,0.08932000000000001,,,,,,
5135,0.08932000000000001,,,,,,
5137,0.08903,,,,,,
5139,0.08917,,,,,,
5141,0.08965999999999999,,,,,,
5143,0.08957000000000001,,,,,,
5145,0.08916,,,,,,
5147,0.08952,,,,,,
5149,0.08943,,,,,,
5151,0.08954000000000001,,,,,,
5153,0.08984,,,,,,
5155,0.0898,,,,,,
5157,0.08974,,,,,,
5159,0.09028,,,,,,
5161,0.08972,,,,,,
5163,0.08997,,,,,,
5165,0.09008,,,,,,
5167,0.09057,,,,,,
5169,0.09029999999999999,,,,,,
5171,0.09048,,,,,,
5173,0.09058,,,,,,
5175,0.09063,,,,,,
5177,0.09044,,,,,,
5179,0.09047000000000001,,,,,,
5181,0.0907,,,,,,
5183,0.09047000000000001,,,,,,
5185,0.09061,,,,,,
5187,0.09058,,,,,,
5189,0.09081,,,,,,
5191,0.09075,,,,,,
5193,0.09074,,,,,,
5195,0.09103,,,,,,
5197,0.09112,,,,,,
5199,0.09109,,,,,,
5201,0.09121,,,,,,
5203,0.09146000000000001,,,,,,
5205,0.09147999999999999,,,,,,
5207,0.09132,,,,,,
5209,0.09124,,,,,,
5211,0.09142,,,,,,
5213,0.09163,,,,,,
5215,0.09208999999999999,,,,,,
5217,0.09179999999999999,,,,,,
5219,0.09185,,,,,,
5221,0.09176000000000001,,,,,,
5223,0.09199,,,,,,
5223.3,0.09185,,,,,,
5225.3,0.09222,,,,,,
5227.3,0.09232,,,,,,
5229.3,0.09237999999999999,,,,,,
5231.3,0.09249,,,,,,
5233.3,0.09237999999999999,,,,,,
5235.3,0.09273999999999999,,,,,,
5237.3,0.09249,,,,,,
5239.3,0.09303,,,,,,
5241.3,0.09287000000000001,,,,,,
5243.3,0.09255000000000001,,,,,,
5245.3,0.09286,,,,,,
5247.2,0.09249,,,,,,
5249.2,0.09298000000000001,,,,,,
5251.2,0.09298000000000001,,,,,,
5253.2,0.09291,,,,,,
5255.2,0.09298999999999999,,,,,,
5257.2,0.09291,,,,,,
5259.2,0.09312,,,,,,
5261.2,0.09308,,,,,,
5263.2,0.09336,,,,,,
5265.2,0.09330999999999999,,,,,,
5267.2,0.09361000000000001,,,,,,
5269.2,0.09361000000000001,,,,,,
5271.2,0.09342,,,,,,
5273.2,0.09356,,,,,,
5275.2,0.09365,,,,,,
5277.2,0.09376,,,,,,
5279.2,0.09391999999999999,,,,,,
5281.2,0.09388999999999999,,,,,,
5283.2,0.09401,,,,,,
5285.2,0.09394999999999999,,,,,,
5287.2,0.09406,,,,,,
5289.2,0.0941,,,,,,
5291.2,0.09458,,,,,,
5293.2,0.09465,,,,,,
5295.2,0.09496,,,,,,
5297.2,0.09486,,,,,,
5299.2,0.09451999999999999,,,,,,
5301.2,0.09497,,,,,,
5303.2,0.09467,,,,,,
5305.2,0.0949,,,,,,
5307.2,0.09528,,,,,,
5309.2,0.09484,,,,,,
5311.2,0.09516,,,,,,
5313.2,0.09503,,,,,,
5315.2,0.09557,,,,,,
5317.2,0.09555999999999999,,,,,,
5319.2,0.09562,,,,,,
5321.2,0.09531,,,,,,
5323.2,0.09552,,,,,,
5325.2,0.09565,,,,,,
5327.2,0.09571999999999999,,,,,,
5329.2,0.09573999999999999,,,,,,
5331.2,0.09580999999999999,,,,,,
5333.2,0.09597,,,,,,
5335.2,0.09592,,,,,,
5337.2,0.09596,,,,,,
5339.2,0.09612,,,,,,
5341.2,0.09592,,,,,,
5343.2,0.0959,,,,,,
5345.2,0.09577999999999999,,,,,,
5347.2,0.09612,,,,,,
5349.2,0.09623,,,,,,
5351.2,0.096,,,,,,
5353.2,0.09643,,,,,,
5355.2,0.09617,,,,,,
5357.2,0.09617,,,,,,
5359.2,0.0966,,,,,,
5361.2,0.09670999999999999,,,,,,
5363.2,0.0964,,,,,,
5365.2,0.09614,,,,,,
5367.2,0.09677,,,,,,
5369.2,0.09669,,,,,,
5371.2,0.09658,,,,,,
5373.2,0.09691000000000001,,,,,,
5375.2,0.09688000000000001,,,,,,
5377.2,0.09714,,,,,,
5379.2,0.09693,,,,,,
5381.2,0.09744,,,,,,
5383.2,0.09711,,,,,,
5385.2,0.09727999999999999,,,,,,
5387.2,0.09715,,,,,,
5389.2,0.09744,,,,,,
5391.2,0.09737,,,,,,
5393.2,0.09743,,,,,,
5395.2,0.09749000000000001,,,,,,
5397.2,0.09753,,,,,,
5399.2,0.09791,,,,,,
5401.2,0.09777,,,,,,
5403.2,0.09806,,,,,,
5405.2,0.09792,,,,,,
5407.2,0.09809,,,,,,
5409.2,0.09803,,,,,,
5411.2,0.09797,,,,,,
5413.2,0.09855,,,,,,
5415.2,0.0986,,,,,,
5417.2,0.09853999999999999,,,,,,
5419.2,0.09852999999999999,,,,,,
5421.2,0.09853999999999999,,,,,,
5423.2,0.09867000000000001,,,,,,
5425.2,0.09853999999999999,,,,,,
5427.2,0.09902,,,,,,
5429.2,0.09867000000000001,,,,,,
5431.2,0.0989,,,,,,
5433.2,0.09884,,,,,,
5435.2,0.09853999999999999,,,,,,
5437.2,0.09917,,,,,,
5439.2,0.09888999999999999,,,,,,
5441.2,0.0993,,,,,,
5443.2,0.09941000000000001,,,,,,
5445.2,0.09917999999999999,,,,,,
5447.2,0.09951,,,,,,
5449.2,0.09907,,,,,,
5451.2,0.09922,,,,,,
5453.2,0.09967000000000001,,,,,,
5455.2,0.09956,,,,,,
5457.2,0.09978999999999999,,,,,,
5459.2,0.09994,,,,,,
5461.2,0.10000999999999999,,,,,,
5463.2,0.1,,,,,,
5465.2,0.10006999999999999,,,,,,
5467.2,0.10025,,,,,,
5469.2,0.1,,,,,,
5471.2,0.10007999999999999,,,,,,
5473.2,0.10013,,,,,,
5475.2,0.10039999999999999,,,,,,
5477.2,0.10023,,,,,,
5479.2,0.10026,,,,,,
5481.2,0.10039,,,,,,
5483.2,0.10082,,,,,,
5485.2,0.10067,,,,,,
5487.2,0.10098000000000001,,,,,,
5489.2,0.10079,,,,,,
5491.2,0.10103999999999999,,,,,,
5493.2,0.10076,,,,,,
5495.2,0.10114000000000001,,,,,,
5497.2,0.10099,,,,,,
5499.2,0.10122999999999999,,,,,,
5501.2,0.10143,,,,,,
5503.2,0.10127000000000001,,,,,,
5505.2,0.10164999999999999,,,,,,
5507.2,0.10121000000000001,,,,,,
5509.2,0.10177,,,,,,
5511.2,0.10160999999999999,,,,,,
5513.2,0.10202,,,,,,
5515.2,0.10177,,,,,,
5517.2,0.10183,,,,,,
5519.2,0.10213,,,,,,
5521.2,0.10199,,,,,,
5523.2,0.10215999999999999,,,,,,
5525.2,0.10213,,,,,,
5527.2,0.10226,,,,,,
5529.2,0.10228,,,,,,
5531.2,0.10210000000000001,,,,,,
5533.2,0.10224,,,,,,
5535,0.10255,,,,,,
5537,0.10259,,,,,,
5539,0.1027,,,,,,
5541,0.10262,,,,,,
5543,0.10238,,,,,,
5545,0.10286,,,,,,
5547,0.10295,,,,,,
5549,0.10278999999999999,,,,,,
5551,0.10278999999999999,,,,,,
5553,0.10316,,,,,,
5555,0.1032,,,,,,
5557,0.10303000000000001,,,,,,
5559,0.10326,,,,,,
5561,0.10346,,,,,,
5563,0.10352,,,,,,
5565,0.10343999999999999,,,,,,
5567,0.10337999999999999,,,,,,
5569,0.10365,,,,,,
5571,0.10382999999999999,,,,,,
5573,0.10395,,,,,,
5575,0.10377,,,,,,
5577,0.10407,,,,,,
5579,0.10411,,,,,,
5581,0.10435,,,,,,
5583,0.10418,,,,,,
5585,0.10422000000000001,,,,,,
5587,0.10404999999999999,,,,,,
5589,0.10445,,,,,,
5591,0.10443,,,,,,
5593,0.10435,,,,,,
5595,0.10474,,,,,,
5597,0.10484,,,,,,
5599,0.10484,,,,,,
5601,0.10514,,,,,,
5603,0.10500999999999999,,,,,,
5605,0.10503,,,,,,
5607,0.10517,,,,,,
5609,0.1048,,,,,,
5611,0.10522999999999999,,,,,,
5613,0.10541,,,,,,
5615,0.10514,,,,,,
5617,0.10533,,,,,,
5619,0.10554000000000001,,,,,,
5621,0.10551,,,,,,
5623,0.10545,,,,,,
5625,0.10581,,,,,,
5627,0.10568,,,,,,
5629,0.10581,,,,,,
5631,0.10624,,,,,,
5633,0.10619999999999999,,,,,,
5635,0.10641,,,,,,
5637,0.10618,,,,,,
5639,0.10644,,,,,,
5641,0.10632,,,,,,
5643,0.10658,,,,,,
5645,0.10689,,,,,,
5647,0.10704000000000001,,,,,,
5649,0.10708000000000001,,,,,,
5651,0.10724,,,,,,
5653,0.107,,,,,,
5655,0.10722,,,,,,
5657,0.10751,,,,,,
5659,0.10731,,,,,,
5661,0.10708000000000001,,,,,,
5663,0.10724,,,,,,
5665,0.10712999999999999,,,,,,
5667,0.10734,,,,,,
5669,0.10736000000000001,,,,,,
5671,0.10776,,,,,,
5673,0.10783,,,,,,
5675,0.10788,,,,,,
5677,0.10807,,,,,,
5679,0.1079,,,,,,
5681,0.10772999999999999,,,,,,
5683,0.10798,,,,,,
5685,0.10821,,,,,,
5687,0.10821,,,,,,
5689,0.10798999999999999,,,,,,
5691,0.1082,,,,,,
5693,0.10852,,,,,,
5695,0.10846,,,,,,
5697,0.10855000000000001,,,,,,
5699,0.10865999999999999,,,,,,
5701,0.10859,,,,,,
5703,0.10854,,,,,,
5705,0.10878,,,,,,
5707,0.10894999999999999,,,,,,
5709,0.10949999999999999,,,,,,
5711,0.10957,,,,,,
5713,0.10922000000000001,,,,,,
5715,0.10925000000000001,,,,,,
5717,0.10942,,,,,,
5719,0.10929,,,,,,
5721,0.10929,,,,,,
5723,0.10974,,,,,,
5725,0.1097,,,,,,
5727,0.10962999999999999,,,,,,
5729,0.10998,,,,,,
5731,0.10983000000000001,,,,,,
5733,0.10991,,,,,,
5735,0.10998,,,,,,
5737,0.1103,,,,,,
5739,0.11023999999999999,,,,,,
5741,0.11039,,,,,,
5743,0.11034000000000001,,,,,,
5745,0.11039,,,,,,
5747,0.11042999999999999,,,,,,
5749,0.11029,,,,,,
5751,0.11054,,,,,,
5753,0.11063,,,,,,
5755,0.11064,,,,,,
5757,0.11048,,,,,,
5759,0.11063,,,,,,
5761,0.11087,,,,,,
5763,0.11085,,,,,,
5765,0.11091,,,,,,
5767,0.11164999999999999,,,,,,
5769,0.11158,,,,,,
5771,0.11135,,,,,,
5773,0.11169000000000001,,,,,,
5775,0.11186,,,,,,
5777,0.11202,,,,,,
5779,0.11205999999999999,,,,,,
5781,0.11194000000000001,,,,,,
5783,0.11234,,,,,,
5785,0.11209,,,,,,
5787,0.11249,,,,,,
5789,0.11253,,,,,,
5791,0.11260999999999999,,,,,,
5793,0.11265,,,,,,
5795,0.1127,,,,,,
5797,0.11272,,,,,,
5799,0.11271,,,,,,
5801,0.11260999999999999,,,,,,
5803,0.11273,,,,,,
5805,0.11295,,,,,,
5807,0.11312,,,,,,
5809,0.1131,,,,,,
5811,0.11331,,,,,,
5813,0.11331,,,,,,
5815,0.11335,,,,,,
5817,0.11324,,,,,,
5819,0.1134,,,,,,
5821,0.11327,,,,,,
5823,0.11363,,,,,,
5825,0.11374000000000001,,,,,,
5827,0.1139,,,,,,
5829,0.11374000000000001,,,,,,
5831,0.11419,,,,,,
5833,0.11417,,,,,,
5835,0.11402,,,,,,
5837,0.11402,,,,,,
5839,0.114,,,,,,
5841,0.11417999999999999,,,,,,
5843,0.11425,,,,,,
5845,0.11422,,,,,,
5847,0.11416,,,,,,
5847.1,0.11442000000000001,,,,,,
5849.1,0.11401,,,,,,
5851.1,0.11478999999999999,,,,,,
5853.1,0.1148,,,,,,
5855.1,0.1149,,,,,,
5857.1,0.1148,,,,,,
5859.1,0.11456,,,,,,
5861.1,0.11463,,,,,,
5863.1,0.11513999999999999,,,,,,
5865.1,0.11523,,,,,,
5867.1,0.11494,,,,,,
5869.1,0.11537000000000001,,,,,,
5871,0.11542,,,,,,
5873,0.11558,,,,,,
5875,0.11551,,,,,,
5877,0.11549,,,,,,
5879,0.11564,,,,,,
5881,0.11545,,,,,,
5883,0.11562,,,,,,
5885,0.11567999999999999,,,,,,
5887,0.11603,,,,,,
5889,0.11562,,,,,,
5891,0.11598000000000001,,,,,,
5893,0.11612,,,,,,
5895,0.11603999999999999,,,,,,
5897,0.11605,,,,,,
5899,0.11654,,,,,,
5901,0.11635,,,,,,
5903,0.11624000000000001,,,,,,
5905,0.1165,,,,,,
5907,0.1165,,,,,,
5909,0.11686999999999999,,,,,,
5911,0.11692999999999999,,,,,,
5913,0.11682000000000001,,,,,,
5915,0.11732,,,,,,
5917,0.11688000000000001,,,,,,
5919,0.11692,,,,,,
5921,0.11703,,,,,,
5923,0.11725,,,,,,
5925,0.11750999999999999,,,,,,
5927,0.11745,,,,,,
5929,0.11728,,,,,,
5931,0.11759,,,,,,
5933,0.11753,,,,,,
5935,0.11772,,,,,,
5937,0.11771000000000001,,,,,,
5939,0.11802,,,,,,
5941,0.11801,,,,,,
5943,0.11810000000000001,,,,,,
5945,0.11821,,,,,,
5947,0.11810999999999999,,,,,,
5949,0.11814999999999999,,,,,,
5951,0.11835000000000001,,,,,,
5953,0.11839000000000001,,,,,,
5955,0.11843,,,,,,
5957,0.11869,,,,,,
5959,0.11843999999999999,,,,,,
5961,0.11868000000000001,,,,,,
5963,0.11869,,,,,,
5965,0.11871000000000001,,,,,,
5967,0.11878,,,,,,
5969,0.11889,,,,,,
5971,0.11933999999999999,,,,,,
5973,0.11901999999999999,,,,,,
5975,0.11901999999999999,,,,,,
5977,0.11936,,,,,,
5979,0.11918,,,,,,
5981,0.11944,,,,,,
5983,0.11978,,,,,,
5985,0.11983,,,,,,
5987,0.11981,,,,,,
5989,0.12003,,,,,,
5991,0.11978,,,,,,
5993,0.12004,,,,,,
5995,0.11991,,,,,,
5997,0.11979,,,,,,
5999,0.11997999999999999,,,,,,
6001,0.12014,,,,,,
6003,0.12028,,,,,,
6005,0.12057000000000001,,,,,,
6007,0.12015,,,,,,
6009,0.12073,,,,,,
6011,0.12049,,,,,,
6013,0.12066,,,,,,
6015,0.1209,,,,,,
6016,0.1207,,,,,,
6018,0.12113,,,,,,
6020,0.12086000000000001,,,,,,
6022,0.12097,,,,,,
6024,0.1208,,,,,,
6026,0.12129,,,,,,
6028,0.12125999999999999,,,,,,
6030,0.12147000000000001,,,,,,
6032,0.12156,,,,,,
6034,0.12165,,,,,,
6036,0.12183999999999999,,,,,,
6038,0.12136,,,,,,
6040,0.12183999999999999,,,,,,
6042,0.12176000000000001,,,,,,
6044,0.12194,,,,,,
6046,0.12179999999999999,,,,,,
6048,0.12234,,,,,,
6050,0.12195,,,,,,
6052,0.12227,,,,,,
6054,0.12223,,,,,,
6056,0.12269999999999999,,,,,,
6058,0.12267,,,,,,
6060,0.12237999999999999,,,,,,
6062,0.12279,,,,,,
6064,0.12256,,,,,,
6066,0.12301000000000001,,,,,,
6068,0.12311,,,,,,
6070,0.12307,,,,,,
6072,0.12265000000000001,,,,,,
6074,0.12304999999999999,,,,,,
6076,0.12322,,,,,,
6078,0.12322,,,,,,
6080,0.12344,,,,,,
6082,0.12340999999999999,,,,,,
6084,0.1235,,,,,,
6086,0.12365999999999999,,,,,,
6088,0.12365,,,,,,
6090,0.12365999999999999,,,,,,
6092,0.12394999999999999,,,,,,
6094,0.12391999999999999,,,,,,
6096,0.12398999999999999,,,,,,
6098,0.12448000000000001,,,,,,
6100,0.12412000000000001,,,,,,
6102,0.1245,,,,,,
6104,0.12413,,,,,,
6106,0.12425000000000001,,,,,,
6108,0.12439,,,,,,
6110,0.12458,,,,,,
6112,0.12469,,,,,,
6114,0.12469,,,,,,
6116,0.12496,,,,,,
6118,0.12496,,,,,,
6120,0.12475,,,,,,
6122,0.12481999999999999,,,,,,
6124,0.12455,,,,,,
6126,0.12479,,,,,,
6128,0.12517,,,,,,
6130,0.12500999999999998,,,,,,
6132,0.12515,,,,,,
6134,0.12508,,,,,,
6136,0.12553,,,,,,
6138,0.12545,,,,,,
6140,0.12587,,,,,,
6142,0.12581,,,,,,
6144,0.12605,,,,,,
6146,0.1261,,,,,,
6148,0.12647,,,,,,
6150,0.12616,,,,,,
6152,0.12669,,,,,,
6154,0.12648,,,,,,
6156,0.1268,,,,,,
6158,0.12672,,,,,,
6160,0.12678,,,,,,
6162,0.12667,,,,,,
6164,0.12693,,,,,,
6166,0.12728,,,,,,
6168,0.12734,,,,,,
6170,0.12725,,,,,,
6172,0.12732,,,,,,
6174,0.12723,,,,,,
6176,0.12749,,,,,,
6178,0.12781,,,,,,
6180,0.12765,,,,,,
6182,0.12789,,,,,,
6184,0.12772,,,,,,
6186,0.12773,,,,,,
6188,0.12782,,,,,,
6190,0.12773,,,,,,
6192,0.12764,,,,,,
6194,0.12787,,,,,,
6196,0.12844,,,,,,
6198,0.12804000000000001,,,,,,
6200,0.1281,,,,,,
6202,0.12845,,,,,,
6204,0.12846,,,,,,
6206,0.12838,,,,,,
6208,0.12864,,,,,,
6208.5,0.12878,,,,,,
6210.5,0.1288,,,,,,
6212.5,0.12868000000000002,,,,,,
6214.5,0.12900999999999999,,,,,,
6216.5,0.129,,,,,,
6218.5,0.12900999999999999,,,,,,
6220.5,0.12925,,,,,,
6222.5,0.12909,,,,,,
6224.5,0.12936,,,,,,
6226.5,0.12939,,,,,,
6228.5,0.1295,,,,,,
6230.5,0.12952,,,,,,
6232,0.12974,,,,,,
6234,0.12969,,,,,,
6236,0.12964,,,,,,
6238,0.12987,,,,,,
6240,0.12997,,,,,,
6242,0.12985,,,,,,
6244,0.13015000000000002,,,,,,
6246,0.13014,,,,,,
6248,0.13047,,,,,,
6250,0.13042,,,,,,
6252,0.13043,,,,,,
6254,0.13051000000000001,,,,,,
6256,0.13031,,,,,,
6258,0.13086,,,,,,
6260,0.13098,,,,,,
6262,0.13080999999999998,,,,,,
6264,0.13121,,,,,,
6266,0.13127,,,,,,
6268,0.13124,,,,,,
6270,0.1313,,,,,,
6272,0.13131,,,,,,
6274,0.13178,,,,,,
6276,0.13152,,,,,,
6278,0.13183,,,,,,
6280,0.13159,,,,,,
6282,0.13183999999999998,,,,,,
6284,0.13226000000000002,,,,,,
6286,0.13208,,,,,,
6288,0.13222,,,,,,
6290,0.13211,,,,,,
6292,0.13237,,,,,,
6294,0.1322,,,,,,
6296,0.13271,,,,,,
6298,0.13266999999999998,,,,,,
6300,0.13243,,,,,,
6302,0.13257,,,,,,
6304,0.13285,,,,,,
6306,0.13278,,,,,,
6308,0.1329,,,,,,
6310,0.13327,,,,,,
6312,0.13304,,,,,,
6314,0.13318,,,,,,
6316,0.13317,,,,,,
6318,0.1335,,,,,,
6320,0.1338,,,,,,
6322,0.13373,,,,,,
6324,0.13388999999999998,,,,,,
6326,0.13419,,,,,,
6328,0.13436,,,,,,
6330,0.1343,,,,,,
6332,0.13413,,,,,,
6334,0.13434,,,,,,
6336,0.13457,,,,,,
6338,0.13435,,,,,,
6340,0.13435,,,,,,
6342,0.13446,,,,,,
6344,0.13474,,,,,,
6346,0.13496,,,,,,
6348,0.13489,,,,,,
6350,0.13464,,,,,,
6352,0.13518,,,,,,
6354,0.13499,,,,,,
6356,0.13518,,,,,,
6358,0.13524,,,,,,
6360,0.13554,,,,,,
6362,0.1358,,,,,,
6364,0.13566,,,,,,
6366,0.13571999999999998,,,,,,
6368,0.13557,,,,,,
6370,0.1361,,,,,,
6372,0.13625,,,,,,
6374,0.13627,,,,,,
6376,0.1361,,,,,,
6378,0.13641999999999999,,,,,,
6380,0.13594,,,,,,
6382,0.13619,,,,,,
6384,0.13638999999999998,,,,,,
6386,0.13677,,,,,,
6388,0.13705,,,,,,
6390,0.13678,,,,,,
6392,0.13698,,,,,,
6394,0.13722,,,,,,
6396,0.13726000000000002,,,,,,
6398,0.13727,,,,,,
6400,0.1371,,,,,,
6402,0.13726000000000002,,,,,,
6404,0.13762,,,,,,
6406,0.13784000000000002,,,,,,
6408,0.13772,,,,,,
6410,0.13791,,,,,,
6412,0.13807,,,,,,
6414,0.13823,,,,,,
6416,0.13838,,,,,,
6418,0.13857,,,,,,
6420,0.13828,,,,,,
6422,0.13853,,,,,,
6424,0.13835,,,,,,
6426,0.13862,,,,,,
6428,0.13888999999999999,,,,,,
6430,0.13898,,,,,,
6432,0.13912000000000002,,,,,,
6434,0.13926,,,,,,
6436,0.13937,,,,,,
6438,0.13964000000000001,,,,,,
6440,0.13939000000000001,,,,,,
6442,0.13936,,,,,,
6444,0.13965,,,,,,
6446,0.13942,,,,,,
6448,0.13945,,,,,,
6450,0.13998,,,,,,
6452,0.14007999999999998,,,,,,
6454,0.14035,,,,,,
6456,0.14009,,,,,,
6458,0.14046,,,,,,
6460,0.14031000000000002,,,,,,
6462,0.14076,,,,,,
6464,0.14051,,,,,,
6466,0.14077,,,,,,
6468,0.14041,,,,,,
6470,0.14082,,,,,,
6472,0.14115,,,,,,
6474,0.14099,,,,,,
6476,0.14109,,,,,,
6478,0.14092000000000002,,,,,,
6480,0.14122,,,,,,
6482,0.14148,,,,,,
6484,0.14142,,,,,,
6486,0.14160999999999999,,,,,,
6488,0.14151,,,,,,
6490,0.14178000000000002,,,,,,
6492,0.14154,,,,,,
6494,0.14181,,,,,,
6496,0.14167,,,,,,
6498,0.14218,,,,,,
6500,0.14212,,,,,,
6502,0.14214000000000002,,,,,,
6504,0.14221999999999999,,,,,,
6506,0.1424,,,,,,
6508,0.1426,,,,,,
6510,0.14267,,,,,,
6512,0.14278000000000002,,,,,,
6514,0.14238,,,,,,
6516,0.14273,,,,,,
6518,0.14272,,,,,,
6520,0.14312,,,,,,
6522,0.14282999999999998,,,,,,
6524,0.14279999999999998,,,,,,
6526,0.14311,,,,,,
6528,0.14336000000000002,,,,,,
6530,0.14333,,,,,,
6532,0.1439,,,,,,
6534,0.14384,,,,,,
6536,0.14385,,,,,,
6538,0.14375,,,,,,
6540,0.14419,,,,,,
6542,0.14428000000000002,,,,,,
6544,0.14429999999999998,,,,,,
6546,0.14422000000000001,,,,,,
6548,0.14454,,,,,,
6550,0.14467,,,,,,
6552,0.14453,,,,,,
6554,0.14443,,,,,,
6556,0.1447,,,,,,
6558,0.14467,,,,,,
6560,0.14474,,,,,,
6562,0.14513,,,,,,
6564,0.14516,,,,,,
6566,0.14513,,,,,,
6568,0.14550000000000002,,,,,,
6570,0.1454,,,,,,
6572,0.14531,,,,,,
6574,0.14593,,,,,,
6576,0.14614000000000002,,,,,,
6578,0.14587,,,,,,
6580,0.14614000000000002,,,,,,
6582,0.14644000000000001,,,,,,
6584,0.14631,,,,,,
6586,0.14645,,,,,,
6588,0.14658,,,,,,
6590,0.14662,,,,,,
6592,0.14694000000000002,,,,,,
6594,0.14684,,,,,,
6596,0.14688,,,,,,
6598,0.1472,,,,,,
6600,0.14712999999999998,,,,,,
6602,0.14693,,,,,,
6604,0.14743,,,,,,
6606,0.1474,,,,,,
6608,0.14765,,,,,,
6610,0.14779,,,,,,
6612,0.14772,,,,,,
6614,0.14785,,,,,,
6616,0.14816000000000001,,,,,,
6618,0.14807,,,,,,
6620,0.14841,,,,,,
6622,0.14779,,,,,,
6624,0.14835,,,,,,
6626,0.14858000000000002,,,,,,
6628,0.14881,,,,,,
6630,0.14880000000000002,,,,,,
6632,0.14896,,,,,,
6634,0.14881,,,,,,
6636,0.14919000000000002,,,,,,
6638,0.14901999999999999,,,,,,
6640,0.14901999999999999,,,,,,
6642,0.14945,,,,,,
6644,0.14941000000000002,,,,,,
6646,0.14977000000000001,,,,,,
6648,0.14984,,,,,,
6650,0.14962,,,,,,
6652,0.14986,,,,,,
6654,0.15025,,,,,,
6656,0.14992,,,,,,
6658,0.15002000000000001,,,,,,
6660,0.15053,,,,,,
6662,0.15076,,,,,,
6664,0.15069000000000002,,,,,,
6666,0.15069000000000002,,,,,,
6668,0.15119,,,,,,
6670,0.15131,,,,,,
6672,0.15091,,,,,,
6674,0.15119,,,,,,
6676,0.1512,,,,,,
6678,0.15132,,,,,,
6680,0.15161,,,,,,
6682,0.15167999999999998,,,,,,
6684,0.15159,,,,,,
6686,0.1517,,,,,,
6688,0.1523,,,,,,
6690,0.15228,,,,,,
6692,0.15206,,,,,,
6694,0.15226,,,,,,
6696,0.15243,,,,,,
6698,0.15265,,,,,,
6700,0.15258,,,,,,
6702,0.15279,,,,,,
6704,0.15302,,,,,,
6706,0.15302,,,,,,
6708,0.15289,,,,,,
6710,0.1531,,,,,,
6712,0.15333,,,,,,
6714,0.15362,,,,,,
6716,0.15342,,,,,,
6718,0.15358,,,,,,
6720,0.15378,,,,,,
6722,0.15375,,,,,,
6724,0.15403,,,,,,
6726,0.15419,,,,,,
6728,0.15434,,,,,,
6730,0.15432,,,,,,
6732,0.15429,,,,,,
6734,0.15449,,,,,,
6736,0.15457,,,,,,
6738,0.15485,,,,,,
6740,0.15453,,,,,,
6742,0.15483,,,,,,
6744,0.15508,,,,,,
6746,0.15513,,,,,,
6748,0.1551,,,,,,
6750,0.15544,,,,,,
6752,0.15566000000000002,,,,,,
6754,0.15576,,,,,,
6756,0.15547,,,,,,
6758,0.1557,,,,,,
6760,0.15582000000000001,,,,,,
6762,0.15612,,,,,,
6764,0.15592,,,,,,
6766,0.15601,,,,,,
6768,0.15599,,,,,,
6770,0.15598,,,,,,
6772,0.15616,,,,,,
6774,0.15636,,,,,,
6776,0.15647,,,,,,
6778,0.15659,,,,,,
6780,0.15662,,,,,,
6782,0.15672,,,,,,
6784,0.15682000000000001,,,,,,
6786,0.15701,,,,,,
6788,0.15712,,,,,,
6790,0.15701,,,,,,
6792,0.15727,,,,,,
6794,0.15768000000000001,,,,,,
6796,0.15734,,,,,,
6798,0.15757,,,,,,
6800,0.15792,,,,,,
6802,0.15813,,,,,,
6804,0.15834,,,,,,
6806,0.15817,,,,,,
6808,0.15879,,,,,,
6810,0.15872999999999998,,,,,,
6812,0.15874,,,,,,
6814,0.1589,,,,,,
6816,0.15862,,,,,,
6818,0.15895,,,,,,
6820,0.15952,,,,,,
6822,0.15963,,,,,,
6824,0.15926,,,,,,
6826,0.15960000000000002,,,,,,
6828,0.15930999999999998,,,,,,
6830,0.15987,,,,,,
6832,0.15988,,,,,,
6834,0.16007000000000002,,,,,,
6836,0.16004000000000002,,,,,,
6838,0.15996,,,,,,
6840,0.16047,,,,,,
6842,0.1605,,,,,,
6844,0.16067,,,,,,
6846,0.16082000000000002,,,,,,
6848,0.16086999999999999,,,,,,
6850,0.16044,,,,,,
6852,0.16078,,,,,,
6854,0.16088999999999998,,,,,,
6856,0.16114,,,,,,
6858,0.16137,,,,,,
6860,0.16155,,,,,,
6862,0.16174,,,,,,
6864,0.16146000000000002,,,,,,
6866,0.16168,,,,,,
6868,0.16193000000000002,,,,,,
6870,0.16198,,,,,,
6872,0.16215,,,,,,
6874,0.16212,,,,,,
6876,0.16205999999999998,,,,,,
6878,0.16244,,,,,,
6880,0.16232,,,,,,
6882,0.16265999999999997,,,,,,
6884,0.16262000000000001,,,,,,
6886,0.16288,,,,,,
6888,0.16265999999999997,,,,,,
6890,0.16311,,,,,,
6892,0.16296,,,,,,
6894,0.16333999999999999,,,,,,
6896,0.16324000000000002,,,,,,
6898,0.1637,,,,,,
6900,0.16374,,,,,,
6902,0.16387000000000002,,,,,,
6904,0.16365,,,,,,
6904.1,0.16365,,,,,,
6906.1,0.16385000000000002,,,,,,
6908.1,0.16396,,,,,,
6910.1,0.16386,,,,,,
6912.1,0.16432,,,,,,
6914.1,0.16435,,,,,,
6916.1,0.16454000000000002,,,,,,
6918.1,0.16431,,,,,,
6920.1,0.16452000000000003,,,,,,
6922.1,0.16486,,,,,,
6924.1,0.16510000000000002,,,,,,
6926.1,0.16503,,,,,,
6928.1,0.16505,,,,,,
6930.1,0.16502,,,,,,
6932.1,0.16539,,,,,,
6934.1,0.1655,,,,,,
6936.1,0.16545,,,,,,
6938.1,0.1659,,,,,,
6940.1,0.16554,,,,,,
6942.1,0.16588999999999998,,,,,,
6944.1,0.16626000000000002,,,,,,
6946.1,0.16593,,,,,,
6948.1,0.16621,,,,,,
6950.1,0.16657,,,,,,
6952.1,0.16606,,,,,,
6954.1,0.16651,,,,,,
6956.1,0.16677,,,,,,
6958.1,0.16674,,,,,,
6960.1,0.16693000000000002,,,,,,
6962.1,0.16685,,,,,,
6964.1,0.16685,,,,,,
6966.1,0.16701,,,,,,
6968.1,0.16745000000000002,,,,,,
6970.1,0.16739,,,,,,
6972.1,0.16763999999999998,,,,,,
6974.1,0.16777,,,,,,
6976.1,0.16785,,,,,,
6978.1,0.16802,,,,,,
6980.1,0.16785,,,,,,
6982.1,0.16797,,,,,,
6984.1,0.16841,,,,,,
6986.1,0.16835999999999998,,,,,,
6988.1,0.16852,,,,,,
6990.1,0.16858,,,,,,
6992.1,0.16919,,,,,,
6994.1,0.16914,,,,,,
6996.1,0.16887,,,,,,
6998.1,0.16929,,,,,,
7000.1,0.16976,,,,,,
7002.1,0.16976,,,,,,
7004.1,0.16976,,,,,,
7006.1,0.17003000000000001,,,,,,
7008.1,0.17010000000000003,,,,,,
7010.1,0.17013,,,,,,
7012.1,0.17043,,,,,,
7014.1,0.1703,,,,,,
7016.1,0.17053000000000001,,,,,,
7018.1,0.17081,,,,,,
7020.1,0.17082,,,,,,
7022.1,0.17103000000000002,,,,,,
7024.1,0.1707,,,,,,
7026.1,0.1709,,,,,,
7028.1,0.17132999999999998,,,,,,
7030.1,0.17129000000000003,,,,,,
7032.1,0.17120000000000002,,,,,,
7034.1,0.17165,,,,,,
7036.1,0.17157,,,,,,
7038.1,0.17184000000000002,,,,,,
7040.1,0.17210999999999999,,,,,,
7042.1,0.1721,,,,,,
7044.1,0.17241,,,,,,
7046.1,0.17234000000000002,,,,,,
7048.1,0.1725,,,,,,
7050.1,0.17268999999999998,,,,,,
7052.1,0.1728,,,,,,
7054.1,0.17277,,,,,,
7056.1,0.17275,,,,,,
7058.1,0.17303000000000002,,,,,,
7060.1,0.17317,,,,,,
7062.1,0.17306999999999997,,,,,,
7064.1,0.17347,,,,,,
7066.1,0.17362,,,,,,
7068.1,0.17373000000000002,,,,,,
7070.1,0.17401,,,,,,
7072.1,0.17418,,,,,,
7074.1,0.17425000000000002,,,,,,
7076.1,0.17432999999999998,,,,,,
7078.1,0.17461,,,,,,
7080.1,0.17476,,,,,,
7082.1,0.17471,,,,,,
7084.1,0.17506,,,,,,
7086.1,0.17523,,,,,,
7088.1,0.17533,,,,,,
7090.1,0.17497,,,,,,
7092.1,0.17542000000000002,,,,,,
7094.1,0.17549,,,,,,
7096,0.17543,,,,,,
7098,0.17567,,,,,,
7100,0.17547000000000001,,,,,,
7102,0.17576,,,,,,
7104,0.17595,,,,,,
7106,0.17640999999999998,,,,,,
7108,0.17643,,,,,,
7110,0.17659,,,,,,
7112,0.17687999999999998,,,,,,
7114,0.17689,,,,,,
7116,0.17684999999999998,,,,,,
7118,0.17716,,,,,,
7120,0.17729,,,,,,
7122,0.17739999999999997,,,,,,
7124,0.17778,,,,,,
7126,0.17767,,,,,,
7128,0.17791,,,,,,
7130,0.17797000000000002,,,,,,
7132,0.17819,,,,,,
7134,0.17853000000000002,,,,,,
7136,0.17846,,,,,,
7138,0.17861999999999997,,,,,,
7140,0.17857,,,,,,
7142,0.1788,,,,,,
7144,0.17897,,,,,,
7146,0.17920999999999998,,,,,,
7148,0.17914000000000002,,,,,,
7150,0.1793,,,,,,
7152,0.17947,,,,,,
7154,0.17969000000000002,,,,,,
7156,0.17983000000000002,,,,,,
7158,0.17984999999999998,,,,,,
7160,0.18003,,,,,,
7162,0.18009,,,,,,
7164,0.18016,,,,,,
7166,0.18032,,,,,,
7168,0.18059999999999998,,,,,,
7170,0.18075,,,,,,
7172,0.18100000000000002,,,,,,
7174,0.1809,,,,,,
7176,0.18089,,,,,,
7178,0.18146,,,,,,
7180,0.18145,,,,,,
7182,0.18184,,,,,,
7184,0.18172999999999997,,,,,,
7186,0.18158000000000002,,,,,,
7188,0.18222000000000002,,,,,,
7190,0.18202000000000002,,,,,,
7192,0.18219000000000002,,,,,,
7194,0.18242,,,,,,
7196,0.18227000000000002,,,,,,
7198,0.18257,,,,,,
7200,0.18284,,,,,,
7202,0.18291000000000002,,,,,,
7204,0.18319,,,,,,
7206,0.18326,,,,,,
7208,0.1833,,,,,,
7210,0.18359000000000003,,,,,,
7212,0.18359000000000003,,,,,,
7214,0.18386,,,,,,
7216,0.18401,,,,,,
7218,0.18425,,,,,,
7220,0.18420999999999998,,,,,,
7222,0.18448,,,,,,
7224,0.18422,,,,,,
7226,0.18475000000000003,,,,,,
7228,0.18497,,,,,,
7230,0.185,,,,,,
7232,0.18511,,,,,,
7234,0.18538,,,,,,
7236,0.18530000000000002,,,,,,
7238,0.18553,,,,,,
7240,0.18582,,,,,,
7242,0.18561,,,,,,
7244,0.1859,,,,,,
7246,0.18629,,,,,,
7248,0.18627,,,,,,
7250,0.18648,,,,,,
7252,0.1869,,,,,,
7254,0.18695,,,,,,
7256,0.18716000000000002,,,,,,
7258,0.18728,,,,,,
7260,0.18753,,,,,,
7262,0.18763000000000002,,,,,,
7264,0.18753,,,,,,
7266,0.18800999999999998,,,,,,
7268,0.18796,,,,,,
7270,0.18815,,,,,,
7272,0.18841999999999998,,,,,,
7274,0.18821000000000002,,,,,,
7276,0.18826,,,,,,
7278,0.18902000000000002,,,,,,
7280,0.18861999999999998,,,,,,
7282,0.18881,,,,,,
7284,0.18916,,,,,,
7286,0.18919,,,,,,
7288,0.18939,,,,,,
7290,0.18963999999999998,,,,,,
7292,0.18953,,,,,,
7294,0.18981,,,,,,
7296,0.18998,,,,,,
7298,0.19018999999999997,,,,,,
7300,0.19043,,,,,,
7302,0.19054,,,,,,
7304,0.19054,,,,,,
7306,0.19081,,,,,,
7308,0.19102,,,,,,
7310,0.19102,,,,,,
7312,0.19128,,,,,,
7314,0.19143000000000002,,,,,,
7316,0.19154,,,,,,
7318,0.19143999999999997,,,,,,
7320,0.19186,,,,,,
7322,0.19194,,,,,,
7324,0.19233,,,,,,
7326,0.19236,,,,,,
7328,0.19277999999999998,,,,,,
7330,0.19274999999999998,,,,,,
7332,0.19286999999999999,,,,,,
7334,0.19285,,,,,,
7336,0.19321000000000002,,,,,,
7338,0.19335999999999998,,,,,,
7340,0.19335999999999998,,,,,,
7342,0.19353,,,,,,
7344,0.19365,,,,,,
7346,0.19399,,,,,,
7348,0.1941,,,,,,
7350,0.19452000000000003,,,,,,
7352,0.19425,,,,,,
7354,0.19465,,,,,,
7356,0.19463999999999998,,,,,,
7358,0.19469,,,,,,
7360,0.19527999999999998,,,,,,
7362,0.19513999999999998,,,,,,
7364,0.19544,,,,,,
7366,0.19538,,,,,,
7368,0.19548,,,,,,
7370,0.19565000000000002,,,,,,
7372,0.19591,,,,,,
7374,0.19638000000000003,,,,,,
7376,0.1966,,,,,,
7378,0.19646999999999998,,,,,,
7380,0.19695000000000001,,,,,,
7382,0.19695000000000001,,,,,,
7384,0.19696000000000002,,,,,,
7386,0.19724,,,,,,
7388,0.19762000000000002,,,,,,
7390,0.19760999999999998,,,,,,
7392,0.1978,,,,,,
7394,0.19782,,,,,,
7396,0.19802,,,,,,
7398,0.19821000000000003,,,,,,
7400,0.19799,,,,,,
7402,0.19857,,,,,,
7404,0.19893999999999998,,,,,,
7406,0.19869,,,,,,
7408,0.19898,,,,,,
7409.7,0.19916,,,,,,
7411.7,0.19932,,,,,,
7413.7,0.19942000000000001,,,,,,
7415.7,0.19946999999999998,,,,,,
7417.7,0.19976,,,,,,
7419.7,0.19987,,,,,,
7421.7,0.20012,,,,,,
7423.7,0.20021,,,,,,
7425.7,0.20049,,,,,,
7427.7,0.20095,,,,,,
7429.7,0.2009,,,,,,
7431.7,0.20079,,,,,,
7432,0.2011,,,,,,
7434,0.20112,,,,,,
7436,0.20155,,,,,,
7438,0.20195,,,,,,
7440,0.20168,,,,,,
7442,0.2018,,,,,,
7444,0.20216,,,,,,
7446,0.20233,,,,,,
7448,0.2023,,,,,,
7450,0.20236,,,,,,
7452,0.2027,,,,,,
7454,0.20291,,,,,,
7456,0.20314,,,,,,
7458,0.20344,,,,,,
7460,0.20367999999999997,,,,,,
7462,0.20392,,,,,,
7464,0.20382999999999998,,,,,,
7466,0.20413,,,,,,
7468,0.20398,,,,,,
7470,0.20421,,,,,,
7472,0.20501000000000003,,,,,,
7474,0.20492000000000002,,,,,,
7476,0.20507,,,,,,
7478,0.20528,,,,,,
7480,0.20552,,,,,,
7482,0.20574,,,,,,
7484,0.20606000000000002,,,,,,
7486,0.2061,,,,,,
7488,0.20613,,,,,,
7490,0.20656,,,,,,
7492,0.20684000000000002,,,,,,
7494,0.20652,,,,,,
7496,0.20702,,,,,,
7498,0.20704999999999998,,,,,,
7500,0.20742999999999998,,,,,,
7502,0.20778,,,,,,
7504,0.20768,,,,,,
7506,0.20806000000000002,,,,,,
7508,0.20815999999999998,,,,,,
7510,0.20829,,,,,,
7512,0.20865999999999998,,,,,,
7514,0.20887,,,,,,
7516,0.20916,,,,,,
7518,0.20948,,,,,,
7520,0.2096,,,,,,
7522,0.20984000000000003,,,,,,
7524,0.20986999999999997,,,,,,
7526,0.21011,,,,,,
7528,0.21009,,,,,,
7530,0.21034,,,,,,
7532,0.21056,,,,,,
7534,0.21039000000000002,,,,,,
7536,0.21089,,,,,,
7538,0.21142,,,,,,
7540,0.2113,,,,,,
7542,0.21157,,,,,,
7544,0.21172999999999997,,,,,,
7546,0.21223,,,,,,
7548,0.21268,,,,,,
7550,0.21277000000000001,,,,,,
7552,0.21284,,,,,,
7554,0.21319,,,,,,
7556,0.21335,,,,,,
7558,0.21369,,,,,,
7560,0.21375,,,,,,
7562,0.21413000000000001,,,,,,
7564,0.2143,,,,,,
7566,0.21422999999999998,,,,,,
7568,0.21453,,,,,,
7570,0.21465,,,,,,
7572,0.215,,,,,,
7574,0.21539000000000003,,,,,,
7576,0.21568,,,,,,
7578,0.21573,,,,,,
7580,0.21583,,,,,,
7582,0.21579,,,,,,
7584,0.21638000000000002,,,,,,
7586,0.21644,,,,,,
7588,0.21657,,,,,,
7590,0.21724,,,,,,
7592,0.21694,,,,,,
7594,0.21731999999999999,,,,,,
7596,0.21736,,,,,,
7598,0.21785,,,,,,
7600,0.21814,,,,,,
7602,0.21849,,,,,,
7604,0.21844000000000002,,,,,,
7606,0.21894,,,,,,
7608,0.2188,,,,,,
7610,0.21917,,,,,,
7612,0.21960999999999997,,,,,,
7614,0.21972000000000003,,,,,,
7616,0.21978,,,,,,
7618,0.21995,,,,,,
7620,0.22027000000000002,,,,,,
7622,0.22071000000000002,,,,,,
7624,0.22069,,,,,,
7626,0.22093,,,,,,
7628,0.2214,,,,,,
7630,0.22155000000000002,,,,,,
7632,0.22184,,,,,,
7634,0.22228,,,,,,
7636,0.22225999999999999,,,,,,
7638,0.22251,,,,,,
7640,0.2228,,,,,,
7696.2,0.23056000000000001,,,,,,
7698.2,0.23032,,,,,,
7700.1,0.23094,,,,,,
7702.1,0.23123000000000002,,,,,,
7704.1,0.23168,,,,,,
7706.1,0.23148,,,,,,
7708.1,0.23213999999999999,,,,,,
7710.1,0.23253000000000001,,,,,,
7712.1,0.2328,,,,,,
7714.1,0.23309999999999997,,,,,,
7716.1,0.23348,,,,,,
7718.1,0.23403,,,,,,
7720.1,0.2339,,,,,,
7722.1,0.23423,,,,,,
7724.1,0.23484000000000002,,,,,,
7726.1,0.23506,,,,,,
7728.1,0.23507,,,,,,
7730.1,0.23567,,,,,,
7732.1,0.23596,,,,,,
7734.1,0.23631,,,,,,
7736.1,0.23652,,,,,,
7738.1,0.23675000000000002,,,,,,
7740.1,0.23707,,,,,,
7742.1,0.23748000000000002,,,,,,
7744.1,0.23781,,,,,,
7746.1,0.23839,,,,,,
7748.1,0.23850000000000002,,,,,,
7750.1,0.23895,,,,,,
7752.1,0.23901,,,,,,
7754.1,0.23954,,,,,,
7756.1,0.23982,,,,,,
7758.1,0.2407,,,,,,
7760.1,0.24048999999999998,,,,,,
7762.1,0.24117999999999998,,,,,,
7764.1,0.24129,,,,,,
7766.1,0.24184999999999998,,,,,,
7768.1,0.24218,,,,,,
7770.1,0.24245999999999998,,,,,,
7772.1,0.24314,,,,,,
7774.1,0.24344000000000002,,,,,,
7776.1,0.24364999999999998,,,,,,
7778.1,0.24416000000000002,,,,,,
7780.1,0.24474,,,,,,
7782.1,0.24529,,,,,,
7784.1,0.24584,,,,,,
7786.1,0.24623,,,,,,
7788.1,0.24678999999999998,,,,,,
7790.1,0.24701,,,,,,
7792.1,0.24742,,,,,,
7794.1,0.24797999999999998,,,,,,
7796.1,0.24850999999999998,,,,,,
7798.1,0.24924,,,,,,
7800.1,0.24985,,,,,,
7802.1,0.25067,,,,,,
7804.1,0.25139,,,,,,
7806.1,0.2516,,,,,,
7808.1,0.25257,,,,,,
7810.1,0.25323,,,,,,
7812.1,0.25406,,,,,,
7814.1,0.25486000000000003,,,,,,
7816.1,0.25548,,,,,,
7818.1,0.25646,,,,,,
7820.1,0.25733,,,,,,
7822.1,0.25861,,,,,,
7824.1,0.26052,,,,,,
7826.1,0.26355,,,,,,
7826.6,0.2661,,,,,,
7826.7,0.27099,,,,,,
