param_type,param_name,out_u_bound,out_l_bound,in_u_bound,base,in_l_bound
input,cp_lh_0,1,0,2.599162287443591,10,0.13305964275390958
input,cp_lh_1,1,0,2.601266679781316,10,0.4886494085772019
input,cp_lh_2,1,0,2.6009293552103063,10,0.4185498620497421
input,cp_lh_3,1,0,2.5994136057906365,10,0.48354450722730546
input,cp_lh_4,1,0,2.599784853673271,10,0.4652043375806298
input,cp_lh_5,1,0,2.5988889502733934,10,0.36552542245670905
input,cp_tau_0,1,0,2.297826142585328,10,-1.1222774438792018
input,cp_n,1,0,1.2019976195831052,10,0.04289038972924469
input,average_strain,1,0,-1.0222718232143504,10,-2.593187406521577
output,average_stress,1,0,2.8704741359045043,10,0.5251744278352715
output,g1_phi_1,1,0,0.1952629583420616,10,0.1742052269401471
output,g1_Phi,1,0,0.27149310218565637,10,0.2543546920531665
output,g1_phi_2,1,0,0.6206460774320012,10,0.6189889203649335
output,g5_phi_1,1,0,0.35504903177625635,10,0.34214622363346614
output,g5_Phi,1,0,0.3942765267678214,10,0.38989225544206274
output,g5_phi_2,1,0,0.5673440264062375,10,0.5544891600038189
output,g6_phi_1,1,0,0.11514435179310659,10,0.09537859956006388
output,g6_Phi,1,0,0.3527419150207537,10,0.34619644372920955
output,g6_phi_2,1,0,0.6275092320449425,10,0.6244677402535669
output,g7_phi_1,1,0,0.09349172701093186,10,0.07805786697918683
output,g7_Phi,1,0,0.3021793538132013,10,0.2911467617318856
output,g7_phi_2,1,0,0.6282560667110061,10,0.624746058172765
output,g8_phi_1,1,0,0.4036351897905479,10,0.3907761898062823
output,g8_Phi,1,0,0.4289119391486062,10,0.42293438130700084
output,g8_phi_2,1,0,0.6368488225791462,10,0.6328620401002298
output,g9_phi_1,1,0,-0.04520291296074677,10,-0.10478746898501182
output,g9_Phi,1,0,0.3184390042001922,10,0.3110754083000797
output,g9_phi_2,1,0,0.6286034696183109,10,0.6248696977974012
output,g10_phi_1,1,0,0.21213431346801714,10,0.13836586367899598
output,g10_Phi,1,0,0.40105572577184373,10,0.39445168082621623
output,g10_phi_2,1,0,0.5914875597320195,10,0.5857201006932291
output,g11_phi_1,1,0,0.4932907143060246,10,0.4636989309193742
output,g11_Phi,1,0,0.45586463478752764,10,0.4523385438459995
output,g11_phi_2,1,0,0.7730400457485542,10,0.759833977754929
output,g12_phi_1,1,0,0.1029479680053736,10,0.0690017170456
output,g12_Phi,1,0,0.3084363471676525,10,0.295830894958585
output,g12_phi_2,1,0,0.6274785127181816,10,0.6233630192983596
output,g13_phi_1,1,0,0.2426904740523735,10,0.215082115013175
output,g13_Phi,1,0,0.2407987711173312,10,0.2319535691989811
output,g13_phi_2,1,0,0.6285013211368202,10,0.6267816245216076
output,g14_phi_1,1,0,0.10924096858820327,10,0.08983448870862952
output,g14_Phi,1,0,0.3564083270389812,10,0.34498141392725795
output,g14_phi_2,1,0,0.6310072257894913,10,0.6256930636518195
output,g15_phi_1,1,0,-0.054487101365575275,10,-0.14792887475538877
output,g15_Phi,1,0,0.3194392030460495,10,0.30864977018138456
output,g15_phi_2,1,0,0.6256313653306611,10,0.6216020556224119
output,g16_phi_1,1,0,0.48552268419240424,10,0.44783995843985164
output,g16_Phi,1,0,0.45426541431627665,10,0.45213925235254515
output,g16_phi_2,1,0,0.6680409536322353,10,0.6515396751352143
output,g18_phi_1,1,0,0.7594714236427509,10,0.745160704653903
output,g18_Phi,1,0,0.44697186524010296,10,0.43744930524980563
output,g18_phi_2,1,0,0.18292796923699245,10,0.13248382500056194
output,g19_phi_1,1,0,0.0984360453403632,10,0.07390155831420696
output,g19_Phi,1,0,0.454280672796099,10,0.44454441573953246
output,g19_phi_2,1,0,0.5609223792574705,10,0.5541377057011712
output,g20_phi_1,1,0,-0.01444330200983281,10,-0.06644185403062684
output,g20_Phi,1,0,0.3382372988810577,10,0.32988580505442516
output,g20_phi_2,1,0,0.4815716077088867,10,0.4761792624817036
output,g21_phi_1,1,0,0.40411499750559565,10,0.38967984321924926
output,g21_Phi,1,0,0.3312450368208295,10,0.31062959698780657
output,g21_phi_2,1,0,0.6571801925067863,10,0.6444484373036208
output,g22_phi_1,1,0,0.17542482979032184,10,0.15794005596476746
output,g22_Phi,1,0,0.23083195343182816,10,0.2230544131791053
output,g22_phi_2,1,0,0.5916432806389674,10,0.5892009427767458
output,g23_phi_1,1,0,-0.13618363350471915,10,-0.1816619171364276
output,g23_Phi,1,0,0.42706394371579404,10,0.40905350501006954
output,g23_phi_2,1,0,0.5955182666712378,10,0.5864410150551581
output,g24_phi_1,1,0,0.3119656603683663,10,0.28219145627555625
output,g24_Phi,1,0,0.2632809142966215,10,0.24472232276999784
output,g24_phi_2,1,0,0.5496162395190852,10,0.5398160280620559
output,g25_phi_1,1,0,0.07467018892400701,10,0.022057020601165
output,g25_Phi,1,0,0.3888291538988402,10,0.37857957611577475
output,g25_phi_2,1,0,0.5080042078293292,10,0.48474102923706575
output,g26_phi_1,1,0,-0.4279885482736867,10,-0.665003719756775
output,g26_Phi,1,0,0.3624447739410545,10,0.3561980103076291
output,g26_phi_2,1,0,0.5531788504824883,10,0.5432234514864356
output,g27_phi_1,1,0,0.2645108760717724,10,0.2289646774051606
output,g27_Phi,1,0,0.22357381105468752,10,0.2149762347220665
output,g27_phi_2,1,0,0.5321808846186274,10,0.5284153019361394
output,g28_phi_1,1,0,0.3350364406355139,10,0.30267718701001933
output,g28_Phi,1,0,0.4514486901432793,10,0.436019449430434
output,g28_phi_2,1,0,0.6488477083728935,10,0.6258061544804383
output,g29_phi_1,1,0,0.27364933472360464,10,0.22453306260608574
output,g29_Phi,1,0,0.22279448111370678,10,0.21698355938209365
output,g29_phi_2,1,0,0.5301484509929332,10,0.5277458690761883
output,g30_phi_1,1,0,0.20471672740048366,10,0.16462048907971086
output,g30_Phi,1,0,0.2248437167551708,10,0.21388947082633616
output,g30_phi_2,1,0,0.5992278627737964,10,0.5916321595685368
output,g31_phi_1,1,0,-0.39733242160914717,10,-0.4851070739491997
output,g31_Phi,1,0,0.3392327482989612,10,0.3281960599485494
output,g31_phi_2,1,0,0.5075320532526667,10,0.494335512363864
output,g32_phi_1,1,0,0.3240147980362876,10,0.3082655332099329
output,g32_Phi,1,0,0.38505188167065346,10,0.37099393351474386
output,g32_phi_2,1,0,0.653781549143226,10,0.6415732531781754
output,g33_phi_1,1,0,0.18664561059600351,10,0.16283314387816003
output,g33_Phi,1,0,0.22883648752793392,10,0.22026503358723198
output,g33_phi_2,1,0,0.5130843604651442,10,0.5049870873452252
output,g34_phi_1,1,0,-0.039909932095080494,10,-0.1138760418785652
output,g34_Phi,1,0,0.2869726454573743,10,0.2714466138017645
output,g34_phi_2,1,0,0.4443727362482868,10,0.43892189391134095
output,g35_phi_1,1,0,0.5066403055665025,10,0.4706750447989362
output,g35_Phi,1,0,0.4556669551824011,10,0.45200122772659285
output,g35_phi_2,1,0,0.7779630153209424,10,0.762123151874593
output,g36_phi_1,1,0,0.30743185171974635,10,0.2867707367140558
output,g36_Phi,1,0,0.25614022663453295,10,0.2440543485569463
output,g36_phi_2,1,0,0.546789351631258,10,0.5403920487383781
output,g37_phi_1,1,0,0.01657374626912324,10,-0.03407899188926569
output,g37_Phi,1,0,0.436194462320936,10,0.43065544769966474
output,g37_phi_2,1,0,0.46682315106568684,10,0.45919640779810594
output,g38_phi_1,1,0,0.2634940417218824,10,0.23739291526172562
output,g38_Phi,1,0,0.41455555622921497,10,0.4109795758945693
output,g38_phi_2,1,0,0.6048090422595129,10,0.6008204849177148
output,g39_phi_1,1,0,-0.1479594027625082,10,-0.23233219100003083
output,g39_Phi,1,0,0.28153331385737623,10,0.26983970957683934
output,g39_phi_2,1,0,0.447499128735851,10,0.439522162813957
output,g40_phi_1,1,0,0.05736176298503875,10,0.011570443597278159
output,g40_Phi,1,0,0.3885807219746576,10,0.38351017587249325
output,g40_phi_2,1,0,0.49861376469975804,10,0.4837584137882486
output,g41_phi_1,1,0,0.28728653926281206,10,0.2667959598466673
output,g41_Phi,1,0,0.2924997396855805,10,0.28048731376182945
output,g41_phi_2,1,0,0.6532221646565987,10,0.6505988981726569
output,g42_phi_1,1,0,0.2639909326813125,10,0.21803633120094496
output,g42_Phi,1,0,0.2318262586472814,10,0.21653535741835772
output,g42_phi_2,1,0,0.5917100010818441,10,0.5881932465586495
output,g43_phi_1,1,0,-0.23344588142955133,10,-0.3009865683871185
output,g43_Phi,1,0,0.3425805773816271,10,0.3359991776081308
output,g43_phi_2,1,0,0.585663728828571,10,0.5734286281193857
output,g44_phi_1,1,0,0.11617589110034905,10,0.07678603350807921
output,g44_Phi,1,0,0.3998640080468249,10,0.3826832904336428
output,g44_phi_2,1,0,0.586350966176956,10,0.5783182405850075
output,g45_phi_1,1,0,0.028733879349335235,10,-0.010149890396819588
output,g45_Phi,1,0,0.3285630693917175,10,0.3127695570522996
output,g45_phi_2,1,0,0.5167864913925985,10,0.5038451366315616
output,g46_phi_1,1,0,0.41909621737799124,10,0.4045087291032993
output,g46_Phi,1,0,0.37108634249479394,10,0.3605934135652489
output,g46_phi_2,1,0,0.6396856612426814,10,0.6316669471405721
output,g47_phi_1,1,0,0.32207450577378394,10,0.30803055426610576
output,g47_Phi,1,0,0.34281731463573295,10,0.33106270060015247
output,g47_phi_2,1,0,0.6746223508629208,10,0.6694470564025429
output,g48_phi_1,1,0,0.1811859341282298,10,0.15500183623125294
output,g48_Phi,1,0,0.2289390424565416,10,0.21571685524952347
output,g48_phi_2,1,0,0.5958377912496076,10,0.591776711276067
output,g49_phi_1,1,0,0.28440817250619893,10,0.26747680113404887
output,g49_Phi,1,0,0.2990712600274095,10,0.2818511623083168
output,g49_phi_2,1,0,0.6531449516009644,10,0.6505794792506164
output,g50_phi_1,1,0,0.19069579249173216,10,0.15238008704760278
output,g50_Phi,1,0,0.34279759145936756,10,0.3353575901491754
output,g50_phi_2,1,0,0.5165353738957996,10,0.5105450102066121
output,g51_phi_1,1,0,-0.07166560885835963,10,-0.13405550477608374
output,g51_Phi,1,0,0.34429400589831205,10,0.3168296914943079
output,g51_phi_2,1,0,0.504158112255195,10,0.486203708021318
output,g53_phi_1,1,0,0.3877456596088637,10,0.3782706830963576
output,g53_Phi,1,0,0.388988785124714,10,0.3744550524099625
output,g53_phi_2,1,0,0.6422468238078911,10,0.6322750324848105
output,g54_phi_1,1,0,0.30178934676871855,10,0.2892544080541807
output,g54_Phi,1,0,0.41540742545013654,10,0.4044060509212693
output,g54_phi_2,1,0,0.6924855910416522,10,0.6845581298337419
output,g56_phi_1,1,0,0.3027420797231625,10,0.27212020880109655
output,g56_Phi,1,0,0.4173554229035787,10,0.4133500655482389
output,g56_phi_2,1,0,0.6893621435211967,10,0.6765930245187534
output,g57_phi_1,1,0,0.4155242183732294,10,0.40184839139551765
output,g57_Phi,1,0,0.372599050995377,10,0.3593990721808866
output,g57_phi_2,1,0,0.6380897219845056,10,0.6308345178280506
output,g58_phi_1,1,0,0.13328336586098916,10,0.10006022393115253
output,g58_Phi,1,0,0.4014867017741694,10,0.39488925716741874
output,g58_phi_2,1,0,0.5989326957829272,10,0.5899607655647773
output,g59_phi_1,1,0,0.25132181231558814,10,0.21995108575531697
output,g59_Phi,1,0,0.3586580686195496,10,0.34772021703403816
output,g59_phi_2,1,0,0.6400837313731202,10,0.6324269208792883
output,g60_phi_1,1,0,0.4209948296439575,10,0.308009186238258
output,g60_Phi,1,0,0.48630293483116044,10,0.47886938609681234
output,g60_phi_2,1,0,0.6576867475998311,10,0.599784853673271
output,g61_phi_1,1,0,-0.19234998705787473,10,-0.3014905919739929
output,g61_Phi,1,0,0.3927321173811297,10,0.37896084677089187
output,g61_phi_2,1,0,0.416607226792504,10,0.39317142883688994
output,g62_phi_1,1,0,0.19667350048806037,10,0.13830269816628143
output,g62_Phi,1,0,0.3128752222390458,10,0.3063177811044322
output,g62_phi_2,1,0,0.6641905259500858,10,0.6610171701052727
output,g63_phi_1,1,0,0.33795816367970083,10,0.2654310668267125
output,g63_Phi,1,0,0.4867704132389434,10,0.47814787064327346
output,g63_phi_2,1,0,0.6120947947255777,10,0.5707180233278902
output,g64_phi_1,1,0,-0.3875870408045854,10,-0.5440593585474953
output,g64_Phi,1,0,0.37865222490850076,10,0.37505975358581245
output,g64_phi_2,1,0,0.5377813286936769,10,0.5252262653242209
output,g66_phi_1,1,0,0.22610991999127383,10,0.21346462903955585
output,g66_Phi,1,0,0.21465843887991837,10,0.20709554041921804
output,g66_phi_2,1,0,0.6117339263245242,10,0.6099997038422306
output,g67_phi_1,1,0,-0.10929960230112488,10,-0.15310027811753854
output,g67_Phi,1,0,0.3323980585497542,10,0.30489964033286515
output,g67_phi_2,1,0,0.4947110252052627,10,0.4843567922656141
output,g68_phi_1,1,0,0.3590952236525777,10,0.34297506780924486
output,g68_Phi,1,0,0.3652258315286238,10,0.3497824533634708
output,g68_phi_2,1,0,0.6711358010943602,10,0.6664992605616926
output,g69_phi_1,1,0,-0.1664385609531041,10,-0.2667866799413242
output,g69_Phi,1,0,0.41840073668488703,10,0.3887581878491046
output,g69_phi_2,1,0,0.4896772916636985,10,0.47529337665910315
output,g70_phi_1,1,0,0.008472419302722143,10,-0.07142493582260578
output,g70_Phi,1,0,0.34279759145936756,10,0.3135297732022901
output,g70_phi_2,1,0,0.5165485942267515,10,0.5044164873244589
output,g72_phi_1,1,0,-0.7347811119000401,10,-2.085403005564734
output,g72_Phi,1,0,0.46341515152122237,10,0.46046182672659935
output,g72_phi_2,1,0,0.2981322917796097,10,0.2438810022183186
output,g73_phi_1,1,0,0.3174783139230186,10,0.2917905063857841
output,g73_Phi,1,0,0.3289908554494287,10,0.29721319598964135
output,g73_phi_2,1,0,0.6643316543697151,10,0.6607611589410143
output,g74_phi_1,1,0,0.41402019565366277,10,0.4010384778327679
output,g74_Phi,1,0,0.37419825792908273,10,0.36074484121040334
output,g74_phi_2,1,0,0.6326698318731918,10,0.6273043954776591
output,g75_phi_1,1,0,0.4280213440860496,10,0.3847654667676279
output,g75_Phi,1,0,0.36908592082150776,10,0.360650205119749
output,g75_phi_2,1,0,0.7200682988375083,10,0.7094226157973416
output,g76_phi_1,1,0,0.33318520805276225,10,0.29056879898448357
output,g76_Phi,1,0,0.45123362442678905,10,0.4345050325020733
output,g76_phi_2,1,0,0.6490621218464678,10,0.6203338898866394
output,g77_phi_1,1,0,0.07903645708748952,10,-0.004614925751770063
output,g77_Phi,1,0,0.2764388250213086,10,0.26283063485565966
output,g77_phi_2,1,0,0.6023964391947223,10,0.5958928579419485
output,g78_phi_1,1,0,0.6699580840602072,10,0.6541476521488965
output,g78_Phi,1,0,0.4776420956558481,10,0.4609128699872859
output,g78_phi_2,1,0,-0.2239965713876611,10,-0.3277266116870504
output,g79_phi_1,1,0,-0.044297821538060014,10,-0.0918314343427829
output,g79_Phi,1,0,0.33761897241938565,10,0.3252898372075511
output,g79_phi_2,1,0,0.4870534887814274,10,0.4791864735462451
output,g80_phi_1,1,0,0.17614916112654935,10,0.11531089491049945
output,g80_Phi,1,0,0.3260694665888942,10,0.3210803646972383
output,g80_phi_2,1,0,0.6317784932109055,10,0.6294605696422884
output,g81_phi_1,1,0,0.06840851977816172,10,0.022964206517992806
output,g81_Phi,1,0,0.3424424210318368,10,0.3190643983685094
output,g81_phi_2,1,0,0.5504118190080738,10,0.5431239795478644
output,g82_phi_1,1,0,0.3659370228236173,10,0.3143729000093277
output,g82_Phi,1,0,0.4404525182496212,10,0.429235339626655
output,g82_phi_2,1,0,0.6629466143326246,10,0.6353329239337632
output,g83_phi_1,1,0,0.2315715255284156,10,0.21096025541681185
output,g83_Phi,1,0,0.20625903520928293,10,0.19758376903577685
output,g83_phi_2,1,0,0.6197088407510848,10,0.6172520330907968
output,g84_phi_1,1,0,0.08880916646129307,10,0.0496830890882485
output,g84_Phi,1,0,0.40807028588718547,10,0.4005552572189063
output,g84_phi_2,1,0,0.49105337543086625,10,0.4853806697109376
output,g85_phi_1,1,0,-0.0894929878623997,10,-0.1664321897758676
output,g85_Phi,1,0,0.39091745249731136,10,0.384209999793958
output,g85_phi_2,1,0,0.5800235351693667,10,0.5744132788115583
output,g86_phi_1,1,0,0.3495883205624629,10,0.312410102994809
output,g86_Phi,1,0,0.2857597825454425,10,0.26747680113404887
output,g86_phi_2,1,0,0.5730109256733865,10,0.5671087448326939
output,g87_phi_1,1,0,0.20884428934073795,10,0.17597543174951305
output,g87_Phi,1,0,0.3982005072194279,10,0.3864811296820741
output,g87_phi_2,1,0,0.5430866716962928,10,0.5401291775513481
output,g88_phi_1,1,0,0.22429992607982685,10,0.16651891754094478
output,g88_Phi,1,0,0.41417083253106196,10,0.401176442169203
output,g88_phi_2,1,0,0.558648580964467,10,0.5510960745863209
output,g89_phi_1,1,0,0.2212316131814117,10,0.17371060281591083
output,g89_Phi,1,0,0.22657413028928683,10,0.2111472498144923
output,g89_phi_2,1,0,0.6330440536695487,10,0.6283378335761184
output,g90_phi_1,1,0,0.3260079677596059,10,0.2919235758838846
output,g90_Phi,1,0,0.4491851707276846,10,0.43271280512538685
output,g90_phi_2,1,0,0.6637857034557705,10,0.647539444438742
output,g91_phi_1,1,0,0.3369797752006553,10,0.3127695570522996
output,g91_Phi,1,0,0.449277790579156,10,0.4318621125299698
output,g91_phi_2,1,0,0.670357196359416,10,0.6598876896494605
output,g92_phi_1,1,0,0.5307630187585594,10,0.5173674697773691
output,g92_Phi,1,0,0.4497405937792858,10,0.444388346279448
output,g92_phi_2,1,0,0.7874604745184149,10,0.7832316175680757
output,g93_phi_1,1,0,0.24348452200645826,10,0.22755250337986466
output,g93_Phi,1,0,0.21136085915511746,10,0.20387562327733405
output,g93_phi_2,1,0,0.6227009060458885,10,0.6189158182433195
output,g95_phi_1,1,0,0.2755416884013095,10,0.23072984457768045
output,g95_Phi,1,0,0.3050717830222926,10,0.2883386693951635
output,g95_phi_2,1,0,0.5382594603421657,10,0.5282609089917542
output,g96_phi_1,1,0,0.37843424206207904,10,0.3286038290803352
output,g96_Phi,1,0,0.4725370532620775,10,0.46711952701597725
output,g96_phi_2,1,0,0.7206057767261207,10,0.6922210139386537
output,g97_phi_1,1,0,0.08167128729092381,10,0.04571405894086761
output,g97_Phi,1,0,0.41079409885484935,10,0.40524387986330435
output,g97_phi_2,1,0,0.4907308083489237,10,0.4856504575326675
output,g99_phi_1,1,0,0.42978456835467016,10,0.4051584611265454
output,g99_Phi,1,0,0.388988785124714,10,0.3821071358190257
output,g99_phi_2,1,0,0.7022064378331841,10,0.6955692270361855
output,g100_phi_1,1,0,0.03366496320317696,10,-0.042828662629900816
output,g100_Phi,1,0,0.4273724895494822,10,0.4151069564880702
output,g100_phi_2,1,0,0.6198964499666897,10,0.6090712335497699
output,g101_phi_1,1,0,0.20593479368468165,10,0.1756857282620822
output,g101_Phi,1,0,0.3953962940001155,10,0.3863919393501107
output,g101_phi_2,1,0,0.5482665451707452,10,0.5400916115325627
output,g102_phi_1,1,0,0.0751818546186916,10,0.0009110621312232843
output,g102_Phi,1,0,0.2789364233010995,10,0.2540160608610366
output,g102_phi_2,1,0,0.6149709976628659,10,0.6099037471885419
output,g103_phi_1,1,0,0.2342641243787893,10,0.21919144021797882
output,g103_Phi,1,0,0.21293299170801408,10,0.2064210652379886
output,g103_phi_2,1,0,0.6115958679471805,10,0.6100530039345771
output,g104_phi_1,1,0,0.2543546920531665,10,0.23024449940137504
output,g104_Phi,1,0,0.3056952289118583,10,0.2849493214036739
output,g104_phi_2,1,0,0.5381336872506688,10,0.5327416428971903
output,g105_phi_1,1,0,0.7980702779199121,10,-3.1819391432422592
output,g105_Phi,1,0,0.4696894991411045,10,0.46304147484322977
output,g105_phi_2,1,0,0.5236554374706319,10,0.43895350770439606
output,g106_phi_1,1,0,0.46999864221874704,10,0.4577002722181075
output,g106_Phi,1,0,0.360650205119749,10,0.3515644152041046
output,g106_phi_2,1,0,0.663625553212801,10,0.6588695922019623
output,g107_phi_1,1,0,0.15947695647423413,10,0.11664094566112908
output,g107_Phi,1,0,0.30094312808055257,10,0.2894328638507862
output,g107_phi_2,1,0,0.6348801407665262,10,0.6237143568159674
output,g108_phi_1,1,0,0.10639490313042653,10,0.07177157941675559
output,g108_Phi,1,0,0.42988141901076454,10,0.4160077404492888
output,g108_phi_2,1,0,0.5297510799423799,10,0.5188165245374103
output,g109_phi_1,1,0,0.17791147609400934,10,0.14903426716124946
output,g109_Phi,1,0,0.3935752032695875,10,0.3881900415998544
output,g109_phi_2,1,0,0.5305454587890068,10,0.5236034121365691
output,g110_phi_1,1,0,0.265572461743118,10,0.23065324717922156
output,g110_Phi,1,0,0.30000820255381305,10,0.28674829661371215
output,g110_phi_2,1,0,0.5713360868168943,10,0.5649499787197535
output,g111_phi_1,1,0,0.30339047411338865,10,0.278707883337975
output,g111_Phi,1,0,0.3847475595629287,10,0.3680822440064455
output,g111_phi_2,1,0,0.6068863150270873,10,0.6008749234755036
output,g112_phi_1,1,0,0.05610409742245294,10,0.034066678597560664
output,g112_Phi,1,0,0.3701058054303791,10,0.35804911998674743
output,g112_phi_2,1,0,0.5079907248196913,10,0.5035864213232738
output,g113_phi_1,1,0,0.4055512482823097,10,0.3950991373125706
output,g113_Phi,1,0,0.31188095303790403,10,0.2964457942063963
output,g113_phi_2,1,0,0.7189664590344449,10,0.7116638460311909
output,g114_phi_1,1,0,0.09593610218078528,10,0.046573197662005336
output,g114_Phi,1,0,0.43131550653552486,10,0.4214887577606257
output,g114_phi_2,1,0,0.5224833573730102,10,0.5132442430839225
output,g115_phi_1,1,0,0.16873312893407894,10,0.14166921696620913
output,g115_Phi,1,0,0.4007451580150048,10,0.3893787479525099
output,g115_phi_2,1,0,0.529045170765769,10,0.52329112918679
output,g116_phi_1,1,0,-0.5346171485515816,10,-1.4055963990149898
output,g116_Phi,1,0,0.4814282951145612,10,0.4693064454311679
output,g116_phi_2,1,0,0.5236294255826328,10,0.48955069775056975
output,g117_phi_1,1,0,-0.1412763725206359,10,-0.1883043735254086
output,g117_Phi,1,0,0.27021285489624264,10,0.25638095303164105
output,g117_phi_2,1,0,0.4649513172615296,10,0.449277790579156
output,g118_phi_1,1,0,0.2355284469075489,10,0.21989873904496574
output,g118_Phi,1,0,0.3085644135612388,10,0.3024175191506224
output,g118_phi_2,1,0,0.6550038979849871,10,0.6454026175704554
output,g119_phi_1,1,0,0.18853476989935905,10,0.16663729423180462
output,g119_Phi,1,0,0.2742733377584179,10,0.26681945490912556
output,g119_phi_2,1,0,0.620999618905931,10,0.6146863422820126
output,g120_phi_1,1,0,0.7439720344016456,10,0.7238987710972362
output,g120_Phi,1,0,0.4641466264595732,10,0.4495246803250288
output,g120_phi_2,1,0,0.2690223347292337,10,0.21104040573205332
output,g122_phi_1,1,0,-0.06102020647180949,10,-0.09473854961248045
output,g122_Phi,1,0,0.33847641491292246,10,0.32658161844652506
output,g122_phi_2,1,0,0.4574731347073584,10,0.4439823030074132
output,g123_phi_1,1,0,0.027431157766903583,10,-0.09875424610951777
output,g123_Phi,1,0,0.4262183798325782,10,0.41540742545013654
output,g123_phi_2,1,0,0.6180480967120927,10,0.6085046392333929
output,g125_phi_1,1,0,0.3761570577832536,10,0.3324990549181783
output,g125_Phi,1,0,0.4060459958453001,10,0.3968093725543818
output,g125_phi_2,1,0,0.5670734416002102,10,0.5587565562226132
output,g126_phi_1,1,0,0.4383524517643255,10,0.41113127093956453
output,g126_Phi,1,0,0.38840318355263515,10,0.3679333536747868
output,g126_phi_2,1,0,0.7004181308782335,10,0.6922827630145375
output,g127_phi_1,1,0,0.463161086365149,10,0.44692531124274865
output,g127_Phi,1,0,0.4324240774813541,10,0.4192120226230758
output,g127_phi_2,1,0,0.6597260952377916,10,0.6542246871561987
output,g128_phi_1,1,0,0.33571859971435486,10,0.30858575428908286
output,g128_Phi,1,0,0.40330930382686836,10,0.3838512566033105
output,g128_phi_2,1,0,0.6589648426644349,10,0.6549366139396288
output,g129_phi_1,1,0,0.38077184344000686,10,0.3577062107846423
output,g129_Phi,1,0,0.3335480271899069,10,0.322405381067654
output,g129_phi_2,1,0,0.624323357009221,10,0.6202922479198407
output,g130_phi_1,1,0,-0.11115244264360363,10,-0.1386806988196743
output,g130_Phi,1,0,0.3252898372075511,10,0.2982852854840844
output,g130_phi_2,1,0,0.5298793038824622,10,0.5190663268649262
output,g132_phi_1,1,0,-0.22651342407235966,10,-0.4920227586085499
output,g132_Phi,1,0,0.39359275016690115,10,0.3816745176964352
output,g132_phi_2,1,0,0.48594844921644287,10,0.45898514571101273
output,g133_phi_1,1,0,-0.2087024285052061,10,-0.27271093469970403
output,g133_Phi,1,0,0.3395110657463077,10,0.3302919914681564
output,g133_phi_2,1,0,0.5894357358397321,10,0.5698886706581175
output,g134_phi_1,1,0,0.3961121306114783,10,0.37770684136962396
output,g134_Phi,1,0,0.4005034516781499,10,0.3907055412263708
output,g134_phi_2,1,0,0.6571515019009666,10,0.6462664557108607
output,g135_phi_1,1,0,-0.0686540228646696,10,-0.128660618900139
output,g135_Phi,1,0,0.3919050068671565,10,0.3746383841201878
output,g135_phi_2,1,0,0.47299034967665815,10,0.4546467155768792
output,g136_phi_1,1,0,0.11859536522376198,10,0.09485529008368032
output,g136_Phi,1,0,0.20387562327733405,10,0.1954291424570625
output,g136_phi_2,1,0,0.637359621816497,10,0.6321940036153366
output,g137_phi_1,1,0,0.23090851932076448,10,0.21396908241469936
output,g137_Phi,1,0,0.303649561060314,10,0.2964238485037764
output,g137_phi_2,1,0,0.5435714239623654,10,0.5375924475173411
output,g138_phi_1,1,0,-0.49376564038787407,10,-2.2829705959151223
output,g138_Phi,1,0,0.4308326351472177,10,0.4235080103454926
output,g138_phi_2,1,0,0.34513838311010103,10,0.3113723618035488
output,g139_phi_1,1,0,0.5391765020950162,10,0.505800931949501
output,g139_Phi,1,0,0.4718928513705805,10,0.46726763917957875
output,g139_phi_2,1,0,0.7981463225752155,10,-10
output,g140_phi_1,1,0,-0.06360188371143037,10,-0.13406141825118853
output,g140_Phi,1,0,0.39201068319549925,10,0.3699020200240193
output,g140_phi_2,1,0,0.47516251908309076,10,0.45429593073984975
output,g141_phi_1,1,0,0.22055261986634606,10,0.2119477436794335
output,g141_Phi,1,0,0.22287247706983912,10,0.21317230904681925
output,g141_phi_2,1,0,0.615107987443194,10,0.6112558448474836
output,g142_phi_1,1,0,0.1931245983544616,10,0.1639957546417437
output,g142_Phi,1,0,0.2739730037695494,10,0.24814498728777773
output,g142_phi_2,1,0,0.5111879333172231,10,0.5027411188062079
output,g143_phi_1,1,0,-0.09975307009634908,10,-0.13115579683326717
output,g143_Phi,1,0,0.39194023516713555,10,0.3808441264646657
output,g143_phi_2,1,0,0.46121330546113526,10,0.4512950826426848
output,g145_phi_1,1,0,0.35185426047875257,10,0.3351970450775617
output,g145_Phi,1,0,0.3711787318162868,10,0.3631228882941501
output,g145_phi_2,1,0,0.6983963569292694,10,0.6926266329514809
output,g146_phi_1,1,0,0.08997572268772894,10,0.0572475801312449
output,g146_Phi,1,0,0.4120235130419763,10,0.4053975912649966
output,g146_phi_2,1,0,0.49943962920174234,10,0.48641630914589234
output,g147_phi_1,1,0,0.08611057380131956,10,0.0006509536295950582
output,g147_Phi,1,0,0.33473514713183333,10,0.29287604930887784
output,g147_phi_2,1,0,0.5547676975280766,10,0.5445269131574867
output,g148_phi_1,1,0,-0.2720116661174996,10,-0.3905656796683675
output,g148_Phi,1,0,0.310523383951521,10,0.29622628726116057
output,g148_phi_2,1,0,0.5185139398778874,10,0.512724409221682
output,g149_phi_1,1,0,0.2452164569476686,10,0.22466252884102964
output,g149_Phi,1,0,0.3046843659743861,10,0.2903017873056742
output,g149_phi_2,1,0,0.5401667403209931,10,0.5345337560051155
output,g150_phi_1,1,0,0.40052072087837887,10,0.3738862317891531
output,g150_Phi,1,0,0.32366453560810016,10,0.3129174811163685
output,g150_phi_2,1,0,0.6228872274491243,10,0.6109900164442723
output,g151_phi_1,1,0,0.3452168464313448,10,0.3150251993126049
output,g151_Phi,1,0,0.3367798329836422,10,0.3267249128021095
output,g151_phi_2,1,0,0.6989526322092977,10,0.694350689221923
output,g152_phi_1,1,0,0.13245181272900336,10,0.11048869983666935
output,g152_Phi,1,0,0.24834115666919604,10,0.23787034147673766
output,g152_phi_2,1,0,0.5828244163787939,10,0.5796121307403037
output,g153_phi_1,1,0,-0.10734896612269965,10,-0.16580826737541762
output,g153_Phi,1,0,0.30267718701001933,10,0.294950954465268
output,g153_phi_2,1,0,0.44507463277493053,10,0.4399954739538081
output,g154_phi_1,1,0,0.3400473176613932,10,0.315907399666257
output,g154_Phi,1,0,0.33675983369824786,10,0.32684769891599025
output,g154_phi_2,1,0,0.7002969163091322,10,0.6956742643992991
output,g155_phi_1,1,0,0.3654692648977114,10,0.34002746828266056
output,g155_Phi,1,0,0.3521439124415825,10,0.3390736296411141
output,g155_phi_2,1,0,0.6546385163726203,10,0.6491108374217809
output,g156_phi_1,1,0,0.2025155617815292,10,0.18281395125736585
output,g156_Phi,1,0,0.3802293369380374,10,0.3592471744896942
output,g156_phi_2,1,0,0.6027976651019955,10,0.5975196779490266
output,g157_phi_1,1,0,0.6305194028581935,10,0.6021685513789972
output,g157_Phi,1,0,0.4786242053118079,10,0.4688787942540105
output,g157_phi_2,1,0,0.7980426220163206,10,-2.7578065441775452
output,g158_phi_1,1,0,0.29431188090201277,10,0.2729317793870707
output,g158_Phi,1,0,0.388545220095957,10,0.3673931979224757
output,g158_phi_2,1,0,0.6039558854353821,10,0.6002430162858409
output,g159_phi_1,1,0,-0.07586550289825363,10,-0.13337008749230592
output,g159_Phi,1,0,0.3011819721383155,10,0.29307514012286384
output,g159_phi_2,1,0,0.6181527333785194,10,0.6137150020527403
output,g161_phi_1,1,0,0.09572712255597977,10,0.03706775804255776
output,g161_Phi,1,0,0.4200383061331779,10,0.4100513975504519
output,g161_phi_2,1,0,0.6307735456752158,10,0.624230513855454
output,g162_phi_1,1,0,0.5545376141466677,10,0.5342165443323298
output,g162_Phi,1,0,0.4556517453313514,10,0.44831976493349535
output,g162_phi_2,1,0,0.7899823897524433,10,0.7788166585732207
output,g163_phi_1,1,0,0.21806261782637457,10,0.18520206518789392
output,g163_Phi,1,0,0.20881743877459735,10,0.19323594163975374
output,g163_phi_2,1,0,0.51731468566477,10,0.5123641593965311
output,g164_phi_1,1,0,-0.46663472725036437,10,-0.6242632478641517
output,g164_Phi,1,0,0.37361072831293085,10,0.36114208775333284
output,g164_phi_2,1,0,0.5381336872506688,10,0.5316066319327221
output,g165_phi_1,1,0,0.716787705699772,10,0.6601727096644397
output,g165_Phi,1,0,0.4761502456792672,10,0.4683177855649127
output,g165_phi_2,1,0,0.03386586734790011,10,-0.3366666375882981
output,g166_phi_1,1,0,-0.22416390854404353,10,-0.3360824524382067
output,g166_Phi,1,0,0.4487217749497213,10,0.4445288113171352
output,g166_phi_2,1,0,0.5212819526216741,10,0.5071809772602408
output,g167_phi_1,1,0,0.12011307140768386,10,0.07616693934493257
output,g167_Phi,1,0,0.40611419267846394,10,0.3989637361255204
output,g167_phi_2,1,0,0.4836586038374401,10,0.4730049642672709
output,g168_phi_1,1,0,0.34429400589831205,10,0.33055580906299553
output,g168_Phi,1,0,0.33322553626171525,10,0.3204163374561695
output,g168_phi_2,1,0,0.6974385908880263,10,0.6932519544051738
output,g169_phi_1,1,0,0.19755621315353653,10,0.16829118885126632
output,g169_Phi,1,0,0.3265406685165618,10,0.3182094671713806
output,g169_phi_2,1,0,0.6428304001510626,10,0.6383294870707776
output,g171_phi_1,1,0,0.2007957976083673,10,0.18338374205269517
output,g171_Phi,1,0,0.21502917809430117,10,0.2056373594794291
output,g171_phi_2,1,0,0.5291864444226145,10,0.5167072068158731
output,g172_phi_1,1,0,0.18926566893454835,10,0.13893394025692368
output,g172_Phi,1,0,0.46839164391476223,10,0.4593472463943372
output,g172_phi_2,1,0,0.5299177636834026,10,0.5165353738957996
output,g173_phi_1,1,0,-0.19502278565137374,10,-0.3494982051216331
output,g173_Phi,1,0,0.38932559181749277,10,0.37467504117713324
output,g173_phi_2,1,0,0.45695784945760437,10,0.43351382066454314
output,g175_phi_1,1,0,-0.030719243223622884,10,-0.06566822862034483
output,g175_Phi,1,0,0.3901576247082597,10,0.38304299930574365
output,g175_phi_2,1,0,0.48201557645071164,10,0.47575832897587467
output,g176_phi_1,1,0,-0.6132157601263194,10,-0.7533783373040119
output,g176_Phi,1,0,0.4229507812270188,10,0.41782031745014275
output,g176_phi_2,1,0,0.5272689127399659,10,0.5219222448835005
output,g177_phi_1,1,0,0.24092347879425507,10,0.20723030984835328
output,g177_Phi,1,0,0.3757001845879882,10,0.35303097576528114
output,g177_phi_2,1,0,0.6266174881854043,10,0.6153291873878256
output,g178_phi_1,1,0,-0.1861655801631977,10,-0.3550692920864126
output,g178_Phi,1,0,0.38891784515691447,10,0.37311438120345825
output,g178_phi_2,1,0,0.4467079932474125,10,0.43277694076486
output,g179_phi_1,1,0,0.0359497795366741,10,0.006037954997317176
output,g179_Phi,1,0,0.35677136166960005,10,0.3359791423403533
output,g179_phi_2,1,0,0.5681782480551022,10,0.5559645847414221
output,g180_phi_1,1,0,0.14479207849771467,10,0.12034356243802466
output,g180_Phi,1,0,0.2594027281425884,10,0.2473102774556557
output,g180_phi_2,1,0,0.6349606700606385,10,0.6320622994499898
output,g181_phi_1,1,0,-0.4860769116755058,10,-0.6102493411624936
output,g181_Phi,1,0,0.3697722885969627,10,0.36142561298389103
output,g181_phi_2,1,0,0.5367603930433873,10,0.5323976270656924
output,g183_phi_1,1,0,0.2088979854933661,10,0.18437908065859643
output,g183_Phi,1,0,0.20994373568495225,10,0.19989224352631932
output,g183_phi_2,1,0,0.5171826973091761,10,0.5148000217377154
output,g185_phi_1,1,0,-0.15410235385151386,10,-0.35321410597523606
output,g185_Phi,1,0,0.3893964652184747,10,0.3692900894386806
output,g185_phi_2,1,0,0.44963265047007456,10,0.4332576563973488
output,g186_phi_1,1,0,0.4810267680761098,10,0.46998392610869005
output,g186_Phi,1,0,0.4587435774200478,10,0.453303047718583
output,g186_phi_2,1,0,0.7773180538913759,10,0.7702627381705932
output,g187_phi_1,1,0,0.3035200369072801,10,0.2715163445116314
output,g187_Phi,1,0,0.4153239826996919,10,0.4035666025380517
output,g187_phi_2,1,0,0.606359864851589,10,0.6009075833350342
output,g188_phi_1,1,0,0.31378288315519703,10,0.29428982710071805
output,g188_Phi,1,0,0.34844116727836116,10,0.33781852877170127
output,g188_phi_2,1,0,0.6656185094389434,10,0.6612635568218135
output,g189_phi_1,1,0,0.42201499597946385,10,0.37403309554568753
output,g189_Phi,1,0,0.4434194617828172,10,0.429558499461421
output,g189_phi_2,1,0,0.7227161674884948,10,0.7097108174744489
output,g190_phi_1,1,0,0.2767144946302915,10,0.2325895627547864
output,g190_Phi,1,0,0.30094312808055257,10,0.29019048397030417
output,g190_phi_2,1,0,0.5919767803982873,10,0.5833574949025073
output,g191_phi_1,1,0,0.13981614061057576,10,0.11186714680446952
output,g191_Phi,1,0,0.2660669817434102,10,0.24684312225131963
output,g191_phi_2,1,0,0.5730573569004477,10,0.5666849165210194
output,g192_phi_1,1,0,0.3551257249876876,10,0.3309005596679337
output,g192_Phi,1,0,0.3336890417039052,10,0.3258439282932918
output,g192_phi_2,1,0,0.6988570730890256,10,0.6970723404749793
output,g193_phi_1,1,0,0.1738270356535796,10,0.14263970783241667
output,g193_Phi,1,0,0.42499590961736056,10,0.41356797127328904
output,g193_phi_2,1,0,0.6070366122240847,10,0.5930866002854497
output,g194_phi_1,1,0,0.05111391677760137,10,-0.3802911592489151
output,g194_Phi,1,0,0.48955069775056975,10,0.47960409904390633
output,g194_phi_2,1,0,0.4724053624089221,10,0.3337696008734745
output,g195_phi_1,1,0,0.6717743266725964,10,0.6567879234101605
output,g195_Phi,1,0,0.47532245076668905,10,0.46244292259067443
output,g195_phi_2,1,0,-0.3774647801124541,10,-0.5564710397249383
output,g196_phi_1,1,0,0.11693964655075575,10,0.07346172927983498
output,g196_Phi,1,0,0.44412289941291905,10,0.42857210926186884
output,g196_phi_2,1,0,0.6367987118700661,10,0.6275604260947116
output,g197_phi_1,1,0,0.28266742031975023,10,0.26667846546456847
output,g197_Phi,1,0,0.2979136358078661,10,0.28941056088598976
output,g197_phi_2,1,0,0.5914541837007063,10,0.589290402721322
output,g198_phi_1,1,0,0.10095610305949272,10,0.06367105393071758
output,g198_Phi,1,0,0.42512647050877367,10,0.41742186688640526
output,g198_phi_2,1,0,0.457230723687269,10,0.4457131523799558
output,g199_phi_1,1,0,-0.39198772178465463,10,-0.8789985650103596
output,g199_Phi,1,0,0.4483042955758238,10,0.4428872189023486
output,g199_phi_2,1,0,0.4768171421305017,10,0.4504184809368111
output,g200_phi_1,1,0,0.032175376961362856,10,-0.028394843363794907
output,g200_Phi,1,0,0.46505551995182104,10,0.4576094314685549
output,g200_phi_2,1,0,0.6291546566346387,10,0.6158659186685549
output,g201_phi_1,1,0,-0.2294867229014969,10,-0.3179903796178792
output,g201_Phi,1,0,0.40243334621931187,10,0.39091745249731136
output,g201_phi_2,1,0,0.4187320568732961,10,0.4104397862103465
output,g202_phi_1,1,0,-0.12230046536011231,10,-0.169571735557456
output,g202_Phi,1,0,0.30233092868439926,10,0.2855573090077737
output,g202_phi_2,1,0,0.4763678244560013,10,0.458033192496506
output,g203_phi_1,1,0,-0.19473028334612,10,-0.2833874012773612
output,g203_Phi,1,0,0.39583292010198357,10,0.379178565528129
output,g203_phi_2,1,0,0.5425391213442771,10,0.525135545657717
output,g204_phi_1,1,0,0.2313931234031216,10,0.19517984243190323
output,g204_Phi,1,0,0.34338889746235396,10,0.334835601526356
output,g204_phi_2,1,0,0.6361768582331498,10,0.6260116987513503
output,g205_phi_1,1,0,0.11397675828984645,10,0.05373131588760733
output,g205_Phi,1,0,0.4429028824185497,10,0.42821581156132543
output,g205_phi_2,1,0,0.6427315440817329,10,0.6350009291088159
output,g206_phi_1,1,0,-0.17851267416435623,10,-0.2401056259745007
output,g206_Phi,1,0,0.3032392686519959,10,0.28929902887841635
output,g206_phi_2,1,0,0.4943076836773299,10,0.47683162851226063
output,g207_phi_1,1,0,0.31468865104611643,10,0.2963141033532408
output,g207_Phi,1,0,0.28064665029619484,10,0.2600713879850748
output,g207_phi_2,1,0,0.5820861002474853,10,0.5746330722545173
output,g208_phi_1,1,0,0.12381898601899693,10,0.07569291820180345
output,g208_Phi,1,0,0.27072540678245444,10,0.2665139199091199
output,g208_phi_2,1,0,0.5670028265248149,10,0.5615426126181953
output,g209_phi_1,1,0,0.3957281698646443,10,0.36385631929506845
output,g209_Phi,1,0,0.43536650661266124,10,0.41733881031939746
output,g209_phi_2,1,0,0.6987093494425868,10,0.6834523107382815
output,g210_phi_1,1,0,0.16010822041095052,10,0.11849619991178799
output,g210_Phi,1,0,0.21104040573205332,10,0.18207210385738667
output,g210_phi_2,1,0,0.6237763280606363,10,0.6203026587858719
output,g211_phi_1,1,0,0.15044940946088056,10,0.11620912580339977
output,g211_Phi,1,0,0.3362595520141932,10,0.3269499941659988
output,g211_phi_2,1,0,0.5073565507319071,10,0.5017847633884995
output,g212_phi_1,1,0,-0.14551177495556958,10,-0.1950908376872871
output,g212_Phi,1,0,0.3137617962924363,10,0.28927671903935953
output,g212_phi_2,1,0,0.49518343182908,10,0.47565666318247257
output,g213_phi_1,1,0,-0.17581556958181982,10,-0.33925781085377776
output,g213_Phi,1,0,0.38941418176168413,10,0.36379994547910927
output,g213_phi_2,1,0,0.42180128860097277,10,0.40655721125617267
output,g215_phi_1,1,0,0.2445492428978945,10,0.20758051476543124
output,g215_Phi,1,0,0.37099393351474386,10,0.3525683861793086
output,g215_phi_2,1,0,0.6212905547613288,10,0.61559237384182
output,g216_phi_1,1,0,0.39607723911295356,10,0.35983548233988794
output,g216_Phi,1,0,0.4353505689080446,10,0.4200052849590513
output,g216_phi_2,1,0,0.7012224842565571,10,0.6864217498793674
output,g217_phi_1,1,0,-0.19559475444698496,10,-0.24696110742373467
output,g217_Phi,1,0,0.30905498518640784,10,0.2894551656702844
output,g217_phi_2,1,0,0.4944328987263986,10,0.4735161653509162
output,g218_phi_1,1,0,0.2165089781866004,10,0.19318027356534526
output,g218_Phi,1,0,0.2460059040760291,10,0.2299121083301472
output,g218_phi_2,1,0,0.5230046724215364,10,0.5199067107167377
output,g219_phi_1,1,0,-0.033299912359901505,10,-0.2983629477553292
output,g219_Phi,1,0,0.4829450077486899,10,0.47523522260412826
output,g219_phi_2,1,0,0.43857399021863375,10,0.383546091724474
output,g220_phi_1,1,0,-0.2114710453902493,10,-0.28064384954011207
output,g220_Phi,1,0,0.4059436805121969,10,0.3953613449410774
output,g220_phi_2,1,0,0.42140647540841514,10,0.40820603473002026
output,g221_phi_1,1,0,0.4969987977400918,10,0.4630564280851582
output,g221_Phi,1,0,0.44012160318780386,10,0.43671907822757594
output,g221_phi_2,1,0,0.783639207772745,10,0.7696136125247871
output,g222_phi_1,1,0,0.7957827244829215,10,0.7845958982890741
output,g222_Phi,1,0,0.45863784902564925,10,0.45587983718472547
output,g222_phi_2,1,0,0.4126788998126764,10,0.38989225544206274
output,g223_phi_1,1,0,0.6704221334289548,10,0.6369790833695268
output,g223_Phi,1,0,0.4756711883244296,10,0.4626076067128518
output,g223_phi_2,1,0,-0.3935218968935458,10,-1.7021082358453452
output,g224_phi_1,1,0,0.39056420957905813,10,0.3708645279003641
output,g224_Phi,1,0,0.3822512461465842,10,0.3660865990199997
output,g224_phi_2,1,0,0.5804687839510015,10,0.5732198271144219
output,g225_phi_1,1,0,0.16799631208688018,10,-0.09095237136869408
output,g225_Phi,1,0,0.4925369002881331,10,0.4833875754285138
output,g225_phi_2,1,0,0.6417912874266534,10,0.5562301123210986
output,g226_phi_1,1,0,0.1586639808139893,10,0.11065703755803093
output,g226_Phi,1,0,0.3849444982162442,10,0.35264551866897115
output,g226_phi_2,1,0,0.5529114502165088,10,0.5431239795478644
output,g227_phi_1,1,0,0.7980426220163206,10,-1.6724163125188207
output,g227_Phi,1,0,0.49278831703442905,10,0.4885648167417371
output,g227_phi_2,1,0,0.5884397883055262,10,0.43100975033369093
output,g228_phi_1,1,0,0.3803017103051845,10,0.3736842129970154
output,g228_Phi,1,0,0.3502092403099481,10,0.3406820192459049
output,g228_phi_2,1,0,0.5814831582758551,10,0.5741933740763268
output,g229_phi_1,1,0,0.11564378966994095,10,0.07591176148277752
output,g229_Phi,1,0,0.2711908387012949,10,0.2652188880999597
output,g229_phi_2,1,0,0.5672734553170501,10,0.5613757138308916
output,g230_phi_1,1,0,0.38756777941718856,10,0.37759762610891934
output,g230_Phi,1,0,0.3690487889403375,10,0.36398782974849136
output,g230_phi_2,1,0,0.6658341774828822,10,0.6587457353611534
output,g231_phi_1,1,0,0.4187320568732961,10,0.4036180439928828
output,g231_Phi,1,0,0.43293723843836746,10,0.41480627950101256
output,g231_phi_2,1,0,0.6213736435061769,10,0.6028518564001409
output,g232_phi_1,1,0,0.10411137969896841,10,0.07048117506601878
output,g232_Phi,1,0,0.4345210012657728,10,0.42602301568987605
output,g232_phi_2,1,0,0.6399742984549512,10,0.6358153728975237
output,g233_phi_1,1,0,0.27731117917403,10,0.2429635918214831
output,g233_Phi,1,0,0.2961384534087218,10,0.28865157778946493
output,g233_phi_2,1,0,0.5919434419444202,10,0.5850883174674697
output,g234_phi_1,1,0,0.10503305039359384,10,0.049334335972283816
output,g234_Phi,1,0,0.4488144936695234,10,0.4383524517643255
output,g234_phi_2,1,0,0.5761685196078086,10,0.5616737023990063
output,g235_phi_1,1,0,0.3906348811518764,10,0.37395966987546686
output,g235_Phi,1,0,0.39585037601878104,10,0.3745100600495502
output,g235_phi_2,1,0,0.7076553235311869,10,0.6957880262155343
output,g236_phi_1,1,0,0.20593479368468165,10,0.1692628640864461
output,g236_Phi,1,0,0.4218506150229582,10,0.415874408809005
output,g236_phi_2,1,0,0.5275783495053924,10,0.5167468509135046
output,g237_phi_1,1,0,0.3432707006508007,10,0.3299467572402383
output,g237_Phi,1,0,0.3515257545478363,10,0.33919297409965665
output,g237_phi_2,1,0,0.6132602600019678,10,0.6077123066830362
output,g238_phi_1,1,0,-0.0733489229111111,10,-0.11030060984906521
output,g238_Phi,1,0,0.29804484260097985,10,0.27861643366783234
output,g238_phi_2,1,0,0.5322701446090565,10,0.524863272900304
output,g239_phi_1,1,0,0.39385586858796107,10,0.3709199921709195
output,g239_Phi,1,0,0.3825573219087858,10,0.37269111910576896
output,g239_phi_2,1,0,0.5812668052736706,10,0.5746215069513488
output,g240_phi_1,1,0,0.38483708820368434,10,0.3663855969539463
output,g240_Phi,1,0,0.38279123438164747,10,0.37309598707872704
output,g240_phi_2,1,0,0.5756149990440086,10,0.5712428505602237
output,g241_phi_1,1,0,0.3545309980503963,10,0.33913330596987895
output,g241_Phi,1,0,0.2968406273400239,10,0.27491950640375373
output,g241_phi_2,1,0,0.7020857214358248,10,0.6901783533613586
output,g242_phi_1,1,0,0.4276483711869326,10,0.4172391214673809
output,g242_Phi,1,0,0.3605934135652489,10,0.3586010159430194
output,g242_phi_2,1,0,0.6827495978606493,10,0.6806255506450797
output,g243_phi_1,1,0,0.3867664157173134,10,0.37344534229797893
output,g243_Phi,1,0,0.3513323996263827,10,0.34500103817804195
output,g243_phi_2,1,0,0.5814831582758551,10,0.5767098257666844
output,g244_phi_1,1,0,0.1587845177234234,10,0.140225125266448
output,g244_Phi,1,0,0.20736503746907184,10,0.19752865552277102
output,g244_phi_2,1,0,0.5922211842264413,10,0.5836634358455981
output,g245_phi_1,1,0,0.3956583223341326,10,0.37787061278074197
output,g245_Phi,1,0,0.43507953840449376,10,0.419707981354444
output,g245_phi_2,1,0,0.6992218221154238,10,0.6923004039951806
output,g246_phi_1,1,0,0.2782962080912738,10,0.24684312225131963
output,g246_Phi,1,0,0.2957429810955514,10,0.28589471248083914
output,g246_phi_2,1,0,0.5920434496293614,10,0.5868235146235762
output,g247_phi_1,1,0,-0.09079711227427995,10,-0.12314158567978054
output,g247_Phi,1,0,0.33497619865434175,10,0.32778790759305043
output,g247_phi_2,1,0,0.6139580408572138,10,0.5973221466588428
output,g248_phi_1,1,0,0.21989873904496574,10,0.1952906601109693
output,g248_Phi,1,0,0.2673125578314445,10,0.2619524328441316
output,g248_phi_2,1,0,0.635373148490432,10,0.6292974428542011
output,g249_phi_1,1,0,0.3989290729854347,10,0.36453223492795966
output,g249_Phi,1,0,0.43536650661266124,10,0.4153072922255674
output,g249_phi_2,1,0,0.7021978163460546,10,0.6914705023115069
output,g250_phi_1,1,0,0.17831493483215977,10,0.153814864344529
output,g250_Phi,1,0,0.3799035074515027,10,0.3766499415927568
output,g250_phi_2,1,0,0.5152776037679586,10,0.5124842758779019
output,g251_phi_1,1,0,0.7763088345393647,10,0.7598415277480953
output,g251_Phi,1,0,0.4593774078279145,10,0.44958638083756775
output,g251_phi_2,1,0,0.3486941902655411,10,0.3150882730883171
output,g252_phi_1,1,0,0.2775175329691711,10,0.2559957267224019
output,g252_Phi,1,0,0.2586133408027438,10,0.24474704283614013
output,g252_phi_2,1,0,0.5488191999412767,10,0.5408798163541726
output,g253_phi_1,1,0,0.3261104609708298,10,0.28506197593516164
output,g253_Phi,1,0,0.48149995732317935,10,0.46530847958730615
output,g253_phi_2,1,0,0.6416624622379814,10,0.6225248624035681
output,g254_phi_1,1,0,0.3253309052436955,10,0.30369272719511775
output,g254_Phi,1,0,0.29563306373476034,10,0.28499438672299454
output,g254_phi_2,1,0,0.6842078090231144,10,0.6762087578669049
output,g255_phi_1,1,0,0.07261747654523654,10,0.040523226445596194
output,g255_Phi,1,0,0.41816866206786624,10,0.4108784164200866
output,g255_phi_2,1,0,0.6384792730586862,10,0.629929218138726
output,g256_phi_1,1,0,0.30178934676871855,10,0.2742733377584179
output,g256_Phi,1,0,0.3338098748552258,10,0.33120452427584646
output,g256_phi_2,1,0,0.6943770247304603,10,0.6864753896598227
output,g257_phi_1,1,0,0.21989873904496574,10,0.19766642619356542
output,g257_Phi,1,0,0.261786086565754,10,0.24583333509732605
output,g257_phi_2,1,0,0.5984840952830535,10,0.5949668095512749
output,g258_phi_1,1,0,0.22768107275287006,10,0.20504187926136938
output,g258_Phi,1,0,0.3050502689172228,10,0.29824157849648614
output,g258_phi_2,1,0,0.5324740985814121,10,0.5233692209782801
output,g259_phi_1,1,0,0.076130494543006,10,0.0019067040408848016
output,g259_Phi,1,0,0.4445912256429572,10,0.4334818083929845
output,g259_phi_2,1,0,0.5723487407451598,10,0.550619653436924
output,g261_phi_1,1,0,0.026492407052839652,10,-0.0488422599732894
output,g261_Phi,1,0,0.4562597242664723,10,0.45061856345172563
output,g261_phi_2,1,0,0.5886302020239325,10,0.5791660023794589
output,g262_phi_1,1,0,0.1830419572906398,10,0.13754399455465258
output,g262_Phi,1,0,0.39642602801810267,10,0.3781070625097422
output,g262_phi_2,1,0,0.5920323388015539,10,0.5844895320409749
output,g264_phi_1,1,0,0.08008508504586932,10,0.04875245769948963
output,g264_Phi,1,0,0.4483507019959036,10,0.4280537613796306
output,g264_phi_2,1,0,0.5688936961393452,10,0.5615187738608117
output,g265_phi_1,1,0,0.2646053443916627,10,0.24711364177086428
output,g265_Phi,1,0,0.25875697253657526,10,0.24306286480480654
output,g265_phi_2,1,0,0.6125295611243544,10,0.6105111149000845
output,g268_phi_1,1,0,-0.03295306171483705,10,-0.10594437049720574
output,g268_Phi,1,0,0.39218675328706326,10,0.3877634436215564
output,g268_phi_2,1,0,0.44958638083756775,10,0.44021617608011016
output,g269_phi_1,1,0,0.2872417111783479,10,0.26752371638546135
output,g269_Phi,1,0,0.3261104609708298,10,0.31424653528842167
output,g269_phi_2,1,0,0.6444090446205939,10,0.6414146140341246
output,g270_phi_1,1,0,-0.7700878916698527,10,-1.5069325016227713
output,g270_Phi,1,0,0.448010273039476,10,0.44368533881697275
output,g270_phi_2,1,0,0.4765418090274288,10,0.44628857262959026
output,g271_phi_1,1,0,0.04363730959257051,10,0.023417089841104848
output,g271_Phi,1,0,0.29998643613446735,10,0.2865687340572638
output,g271_phi_2,1,0,0.6358555527964216,10,0.6293892092117832
output,g272_phi_1,1,0,0.00800367184015935,10,-0.025562000807480563
output,g272_Phi,1,0,0.3692900894386806,10,0.3559110505267529
output,g272_phi_2,1,0,0.4922713579491338,10,0.4777577533081702
output,g273_phi_1,1,0,0.22323627310299757,10,0.2016428818382251
output,g273_Phi,1,0,0.3816745176964352,10,0.37843424206207904
output,g273_phi_2,1,0,0.6619167523554811,10,0.6586123115561399
output,g274_phi_1,1,0,0.0033312585613267387,10,-0.015832872853011853
output,g274_Phi,1,0,0.32062395505353747,10,0.3153824963149901
output,g274_phi_2,1,0,0.455910240382743,10,0.450787792072898
output,g275_phi_1,1,0,-0.11023343099717314,10,-0.15384233433925715
output,g275_Phi,1,0,0.3037790465955318,10,0.2992457280349395
output,g275_phi_2,1,0,0.43839993380470554,10,0.4306232240319145
output,g276_phi_1,1,0,0.221048911692896,10,0.19678393773770905
output,g276_Phi,1,0,0.25968942271691436,10,0.24072392931884573
output,g276_phi_2,1,0,0.5986373280462209,10,0.5961350684737893
output,g277_phi_1,1,0,-0.021572950504505393,10,-0.04376912016231794
output,g277_Phi,1,0,0.39176406508444106,10,0.38747881199254003
output,g277_phi_2,1,0,0.4590002392686942,10,0.4423229557455745
output,g278_phi_1,1,0,0.14547610488495935,10,0.12421068343621729
output,g278_Phi,1,0,0.20414712521284767,10,0.1947362887286947
output,g278_phi_2,1,0,0.5860243823869757,10,0.5836294530485775
output,g279_phi_1,1,0,0.4514026135974929,10,0.43359384102146686
output,g279_Phi,1,0,0.41795305310944636,10,0.41309849993217823
output,g279_phi_2,1,0,0.6674342731556814,10,0.6621342660642856
output,g280_phi_1,1,0,0.055225383853819573,10,0.016281024542830452
output,g280_Phi,1,0,0.34348737023830206,10,0.3297841990642316
output,g280_phi_2,1,0,0.5642161530776864,10,0.5572424542291428
output,g281_phi_1,1,0,0.07928980609865957,10,0.04653418275096951
output,g281_Phi,1,0,0.44898442659480176,10,0.4334497937615961
output,g281_phi_2,1,0,0.5703093854358797,10,0.5559766576994297
output,g282_phi_1,1,0,0.3052223519236954,10,0.2932741397107526
output,g282_Phi,1,0,0.31092685537169323,10,0.2965335659289875
output,g282_phi_2,1,0,0.6533283101983475,10,0.6492277325121585
output,g283_phi_1,1,0,0.03578983312775703,10,0.0010410579860935674
output,g283_Phi,1,0,0.29876577226187956,10,0.29059104254933793
output,g283_phi_2,1,0,0.6296134453781831,10,0.6267713678177775
output,g284_phi_1,1,0,0.28566980596006797,10,0.26100102333519665
output,g284_Phi,1,0,0.220343485097047,10,0.21399561636808492
output,g284_phi_2,1,0,0.5378442708352534,10,0.5351168208029521
output,g285_phi_1,1,0,0.23959975188504234,10,0.1969219448194587
output,g285_Phi,1,0,0.40152116138554217,10,0.3932065545633652
output,g285_phi_2,1,0,0.6019622640748058,10,0.5973111700635281
output,g286_phi_1,1,0,0.34748613807657297,10,0.31977209142636315
output,g286_Phi,1,0,0.4088163799799345,10,0.40375519142445815
output,g286_phi_2,1,0,0.692979037459632,10,0.688143850548826
output,g287_phi_1,1,0,0.35289610469331045,10,0.3164735836150836
output,g287_Phi,1,0,0.38064531919092465,10,0.3714188521101121
output,g287_phi_2,1,0,0.5701691924561602,10,0.5560973688242002
output,g288_phi_1,1,0,0.11357571680056797,10,0.06009318382446841
output,g288_Phi,1,0,0.48863531108212976,10,0.48318776199876246
output,g288_phi_2,1,0,0.5499713704437279,10,0.5318491868018603
output,g289_phi_1,1,0,0.17225255242368825,10,0.1501728963931313
output,g289_Phi,1,0,0.1676126727275301,10,0.15842280658488248
output,g289_phi_2,1,0,0.6307938706772975,10,0.6266790465812413
output,g291_phi_1,1,0,-0.11648051434328369,10,-0.44267329036620773
output,g291_Phi,1,0,0.4783933204143427,10,0.47297573459422826
output,g291_phi_2,1,0,0.5701808769331213,10,0.538774749539166
output,g292_phi_1,1,0,0.21919144021797882,10,0.20319612493503245
output,g292_Phi,1,0,0.24553734293599408,10,0.23014225231864183
output,g292_phi_2,1,0,0.628756647306122,10,0.6263814334695273
output,g293_phi_1,1,0,-0.10536830222681043,10,-0.1423780703811424
output,g293_Phi,1,0,0.3022226663176656,10,0.29944192080209225
output,g293_phi_2,1,0,0.4384157599979513,10,0.43468065661714195
output,g294_phi_1,1,0,-0.12925675185993543,10,-0.2262062437254349
output,g294_Phi,1,0,0.3460594330525737,10,0.3407216573130071
output,g294_phi_2,1,0,0.6044636616701854,10,0.5957276369138312
output,g295_phi_1,1,0,0.44739062680358715,10,0.41680687182294446
output,g295_Phi,1,0,0.41965841096058,10,0.4143046881283316
output,g295_phi_2,1,0,0.6601252193165588,10,0.6546192772434656
output,g299_phi_1,1,0,0.3148779915358124,10,0.29587484521737917
output,g299_Phi,1,0,0.32868533698315094,10,0.3221158789739584
output,g299_phi_2,1,0,0.5387370661758051,10,0.5344195864921936
output,g300_phi_1,1,0,0.1435768321589961,10,0.11501107130045295
output,g300_Phi,1,0,0.4665117384861453,10,0.4551038356266988
output,g300_phi_2,1,0,0.5504240473163317,10,0.5361163482450788
output,g302_phi_1,1,0,0.0534242040693444,10,0.03096384237827522
output,g302_Phi,1,0,0.3549915029784812,10,0.3406820192459049
output,g302_phi_2,1,0,0.5626615607566102,10,0.5572665288699041
output,g303_phi_1,1,0,0.4108784164200866,10,0.4027942486409029
output,g303_Phi,1,0,0.3115843472043034,10,0.3007693407705492
output,g303_phi_2,1,0,0.6530291062720085,10,0.6461585698621123
output,g304_phi_1,1,0,0.17866045853816892,10,0.17117043490162082
output,g304_Phi,1,0,0.2431869241314716,10,0.23474500062805148
output,g304_phi_2,1,0,0.6471970836010158,10,0.6454320949049548
output,g306_phi_1,1,0,0.20701465868290023,10,0.1924001703601293
output,g306_Phi,1,0,0.41674033367636054,10,0.4111649737551878
output,g306_phi_2,1,0,0.5552516855222266,10,0.5510106015735105
output,g309_phi_1,1,0,0.324447085505086,10,0.2986566173911455
output,g309_Phi,1,0,0.36756090437285227,10,0.35694321958012987
output,g309_phi_2,1,0,0.6098504287739409,10,0.6071332043915666
output,g312_phi_1,1,0,0.4472820977569762,10,0.41710616739259293
output,g312_Phi,1,0,0.37604745204146633,10,0.3623693625010485
output,g312_phi_2,1,0,0.7007642719146717,10,0.6938148538894168
output,g313_phi_1,1,0,-0.2932224956131245,10,-0.4713017868077978
output,g313_Phi,1,0,0.40387515990939943,10,0.3980442268420141
output,g313_phi_2,1,0,0.47722257827815107,10,0.4653382298600882
