time,strain,temperature,stress,type,title,youngs,poissons
0,0,900,28,creep,G45,149000,0.3
0.00,0.0,,,,,,
0.00,-0.0,,,,,,
0.00,0.0,,,,,,
0.00,-0.0,,,,,,
0.00,-0.0,,,,,,
0.00,-0.0,,,,,,
0.00,-0.0,,,,,,
0.00,0.0,,,,,,
0.00,1e-06,,,,,,
0.00,1e-06,,,,,,
0.00,1e-06,,,,,,
0.00,1e-06,,,,,,
0.00,1e-06,,,,,,
0.00,2e-06,,,,,,
0.01,2e-06,,,,,,
0.01,2.9999999999999997e-06,,,,,,
0.01,2e-06,,,,,,
0.01,2e-06,,,,,,
0.01,2e-06,,,,,,
0.01,2e-06,,,,,,
0.01,1e-06,,,,,,
0.01,2e-06,,,,,,
0.01,2e-06,,,,,,
0.01,2e-06,,,,,,
0.01,2e-06,,,,,,
0.01,1e-06,,,,,,
0.01,1e-06,,,,,,
0.01,0.0,,,,,,
0.01,1e-06,,,,,,
0.01,2.9999999999999997e-06,,,,,,
0.01,4e-06,,,,,,
0.01,8e-06,,,,,,
0.01,3.4e-05,,,,,,
0.01,3.6e-05,,,,,,
0.01,4.7000000000000004e-05,,,,,,
0.01,4.7000000000000004e-05,,,,,,
0.01,4.6e-05,,,,,,
0.01,5.3e-05,,,,,,
0.01,5.6e-05,,,,,,
0.01,5.9e-05,,,,,,
0.02,6.1000000000000005e-05,,,,,,
0.02,6.2e-05,,,,,,
0.02,6.4e-05,,,,,,
0.02,6.4e-05,,,,,,
0.02,6.4e-05,,,,,,
0.02,6.4e-05,,,,,,
0.02,6.4e-05,,,,,,
0.02,6.3e-05,,,,,,
0.02,6.4e-05,,,,,,
0.02,6.4e-05,,,,,,
0.02,6.5e-05,,,,,,
0.02,6.6e-05,,,,,,
0.02,6.3e-05,,,,,,
0.02,6.4e-05,,,,,,
0.02,6.3e-05,,,,,,
0.02,6.4e-05,,,,,,
0.02,6.4e-05,,,,,,
0.02,6.3e-05,,,,,,
0.02,6.3e-05,,,,,,
0.02,6.4e-05,,,,,,
0.02,6.5e-05,,,,,,
0.02,6.8e-05,,,,,,
0.02,7.1e-05,,,,,,
0.02,7.400000000000001e-05,,,,,,
0.02,7.400000000000001e-05,,,,,,
0.02,7.400000000000001e-05,,,,,,
0.03,7.400000000000001e-05,,,,,,
0.03,7.3e-05,,,,,,
0.03,7.3e-05,,,,,,
0.03,7.3e-05,,,,,,
0.03,7.3e-05,,,,,,
0.03,7.3e-05,,,,,,
0.03,7.2e-05,,,,,,
0.03,7.2e-05,,,,,,
0.03,7.1e-05,,,,,,
0.03,7.1e-05,,,,,,
0.03,7.1e-05,,,,,,
0.03,7.1e-05,,,,,,
0.03,7.1e-05,,,,,,
0.03,7.1e-05,,,,,,
0.03,7.1e-05,,,,,,
0.03,7.000000000000001e-05,,,,,,
0.03,7.000000000000001e-05,,,,,,
0.03,6.9e-05,,,,,,
0.03,6.9e-05,,,,,,
0.03,6.9e-05,,,,,,
0.03,6.8e-05,,,,,,
0.03,6.8e-05,,,,,,
0.03,6.8e-05,,,,,,
0.03,6.8e-05,,,,,,
0.03,6.8e-05,,,,,,
0.03,6.7e-05,,,,,,
0.03,6.7e-05,,,,,,
0.04,6.8e-05,,,,,,
0.04,6.9e-05,,,,,,
0.04,7.1e-05,,,,,,
0.04,7.000000000000001e-05,,,,,,
0.04,7.1e-05,,,,,,
0.04,7.1e-05,,,,,,
0.04,7.2e-05,,,,,,
0.04,7.1e-05,,,,,,
0.04,7.2e-05,,,,,,
0.04,7.2e-05,,,,,,
0.04,8.099999999999999e-05,,,,,,
0.04,8.2e-05,,,,,,
0.04,8.3e-05,,,,,,
0.04,8.2e-05,,,,,,
0.04,8.2e-05,,,,,,
0.04,8.2e-05,,,,,,
0.04,8.2e-05,,,,,,
0.04,8.3e-05,,,,,,
0.04,8.4e-05,,,,,,
0.04,8.4e-05,,,,,,
0.04,8.4e-05,,,,,,
0.04,8.4e-05,,,,,,
0.04,8.4e-05,,,,,,
0.04,8.4e-05,,,,,,
0.04,8.4e-05,,,,,,
0.04,8.4e-05,,,,,,
0.05,8.4e-05,,,,,,
0.05,8.4e-05,,,,,,
0.05,8.3e-05,,,,,,
0.05,8.3e-05,,,,,,
0.05,8.2e-05,,,,,,
0.05,8.2e-05,,,,,,
0.05,8.3e-05,,,,,,
0.05,8.3e-05,,,,,,
0.05,8.4e-05,,,,,,
0.05,8.4e-05,,,,,,
0.05,8.4e-05,,,,,,
0.05,8.3e-05,,,,,,
0.05,8.3e-05,,,,,,
0.05,8.2e-05,,,,,,
0.05,8.2e-05,,,,,,
0.06,8.2e-05,,,,,,
0.06,8.2e-05,,,,,,
0.06,8.2e-05,,,,,,
0.06,8.099999999999999e-05,,,,,,
0.06,8.2e-05,,,,,,
0.06,8.2e-05,,,,,,
0.06,8.099999999999999e-05,,,,,,
0.06,8.2e-05,,,,,,
0.06,8.2e-05,,,,,,
0.06,8.2e-05,,,,,,
0.06,8.3e-05,,,,,,
0.06,8.3e-05,,,,,,
0.06,8.3e-05,,,,,,
0.06,8.3e-05,,,,,,
0.06,8.2e-05,,,,,,
0.07,8.3e-05,,,,,,
0.07,8.4e-05,,,,,,
0.07,8.3e-05,,,,,,
0.07,8.3e-05,,,,,,
0.07,8.3e-05,,,,,,
0.07,8.3e-05,,,,,,
0.07,8.3e-05,,,,,,
0.07,8.3e-05,,,,,,
0.07,8.3e-05,,,,,,
0.08,8.6e-05,,,,,,
0.08,8.6e-05,,,,,,
0.08,8.7e-05,,,,,,
0.08,8.7e-05,,,,,,
0.08,8.7e-05,,,,,,
0.08,8.800000000000001e-05,,,,,,
0.08,8.7e-05,,,,,,
0.09,8.7e-05,,,,,,
0.09,8.800000000000001e-05,,,,,,
0.09,8.9e-05,,,,,,
0.09,8.9e-05,,,,,,
0.09,8.800000000000001e-05,,,,,,
0.09,8.800000000000001e-05,,,,,,
0.10,8.800000000000001e-05,,,,,,
0.10,8.9e-05,,,,,,
0.10,8.9e-05,,,,,,
0.10,8.9e-05,,,,,,
0.10,8.999999999999999e-05,,,,,,
0.10,8.9e-05,,,,,,
0.10,8.999999999999999e-05,,,,,,
0.11,9.1e-05,,,,,,
0.11,9.1e-05,,,,,,
0.11,8.999999999999999e-05,,,,,,
0.11,8.999999999999999e-05,,,,,,
0.11,8.999999999999999e-05,,,,,,
0.11,8.9e-05,,,,,,
0.12,8.999999999999999e-05,,,,,,
0.12,9.2e-05,,,,,,
0.12,9.400000000000001e-05,,,,,,
0.12,9.3e-05,,,,,,
0.12,9.2e-05,,,,,,
0.12,9.3e-05,,,,,,
0.12,9.2e-05,,,,,,
0.13,9.3e-05,,,,,,
0.13,9.2e-05,,,,,,
0.13,9.2e-05,,,,,,
0.13,9.2e-05,,,,,,
0.13,9.3e-05,,,,,,
0.13,8.9e-05,,,,,,
0.13,9.1e-05,,,,,,
0.14,8.999999999999999e-05,,,,,,
0.14,9.1e-05,,,,,,
0.14,9.3e-05,,,,,,
0.14,9.400000000000001e-05,,,,,,
0.14,9.400000000000001e-05,,,,,,
0.14,9.3e-05,,,,,,
0.15,9.3e-05,,,,,,
0.15,9.400000000000001e-05,,,,,,
0.15,9.2e-05,,,,,,
0.15,9.2e-05,,,,,,
0.15,9.2e-05,,,,,,
0.15,9.1e-05,,,,,,
0.15,9.2e-05,,,,,,
0.16,9.1e-05,,,,,,
0.16,9.2e-05,,,,,,
0.16,9.2e-05,,,,,,
0.16,9.2e-05,,,,,,
0.16,9.3e-05,,,,,,
0.16,9.3e-05,,,,,,
0.16,9.2e-05,,,,,,
0.17,9.1e-05,,,,,,
0.17,8.999999999999999e-05,,,,,,
0.17,8.999999999999999e-05,,,,,,
0.17,9.1e-05,,,,,,
0.17,8.999999999999999e-05,,,,,,
0.17,9.1e-05,,,,,,
0.18,9.2e-05,,,,,,
0.18,9.1e-05,,,,,,
0.18,9.1e-05,,,,,,
0.18,9.3e-05,,,,,,
0.19,9.3e-05,,,,,,
0.19,9.499999999999999e-05,,,,,,
0.20,9.499999999999999e-05,,,,,,
0.20,9.499999999999999e-05,,,,,,
0.20,9.599999999999999e-05,,,,,,
0.21,9.599999999999999e-05,,,,,,
0.21,9.8e-05,,,,,,
0.22,9.8e-05,,,,,,
0.22,9.8e-05,,,,,,
0.23,9.900000000000001e-05,,,,,,
0.23,9.900000000000001e-05,,,,,,
0.23,0.000101,,,,,,
0.24,0.000115,,,,,,
0.24,0.00013,,,,,,
0.25,0.00013,,,,,,
0.25,0.000131,,,,,,
0.26,0.000129,,,,,,
0.26,0.000129,,,,,,
0.26,0.00013,,,,,,
0.26,0.000129,,,,,,
0.27,0.000129,,,,,,
0.27,0.000129,,,,,,
0.27,0.000129,,,,,,
0.28,0.000129,,,,,,
0.28,0.000129,,,,,,
0.29,0.000131,,,,,,
0.29,0.000131,,,,,,
0.29,0.00013,,,,,,
0.30,0.000129,,,,,,
0.30,0.00013,,,,,,
0.31,0.000129,,,,,,
0.31,0.00013,,,,,,
0.32,0.00013,,,,,,
0.32,0.000129,,,,,,
0.32,0.000129,,,,,,
0.33,0.00013,,,,,,
0.33,0.000128,,,,,,
0.34,0.00013,,,,,,
0.34,0.000128,,,,,,
0.35,0.000129,,,,,,
0.35,0.000128,,,,,,
0.35,0.000128,,,,,,
0.36,0.000128,,,,,,
0.37,0.000128,,,,,,
0.38,0.000129,,,,,,
0.38,0.000128,,,,,,
0.39,0.000127,,,,,,
0.40,0.000127,,,,,,
0.41,0.000128,,,,,,
0.42,0.000128,,,,,,
0.43,0.000128,,,,,,
0.43,0.000126,,,,,,
0.44,0.000127,,,,,,
0.45,0.000127,,,,,,
0.46,0.000125,,,,,,
0.47,0.000124,,,,,,
0.48,0.000124,,,,,,
0.48,0.000123,,,,,,
0.49,0.000124,,,,,,
0.50,0.000124,,,,,,
0.51,0.000124,,,,,,
0.52,0.000123,,,,,,
0.53,0.000123,,,,,,
0.53,0.00012200000000000001,,,,,,
0.54,0.00012200000000000001,,,,,,
0.55,0.000121,,,,,,
0.56,0.00012,,,,,,
0.57,0.00012,,,,,,
0.58,0.000119,,,,,,
0.59,0.00012,,,,,,
0.59,0.000119,,,,,,
0.60,0.000119,,,,,,
0.61,0.000117,,,,,,
0.62,0.000117,,,,,,
0.63,0.00011599999999999999,,,,,,
0.64,0.00011599999999999999,,,,,,
0.64,0.000117,,,,,,
0.65,0.000118,,,,,,
0.66,0.00012,,,,,,
0.67,0.000118,,,,,,
0.68,0.00012,,,,,,
0.69,0.000121,,,,,,
0.69,0.00012,,,,,,
0.70,0.000121,,,,,,
0.71,0.000119,,,,,,
0.72,0.00012200000000000001,,,,,,
0.73,0.000123,,,,,,
0.74,0.000123,,,,,,
0.74,0.00012200000000000001,,,,,,
0.75,0.000121,,,,,,
0.76,0.000123,,,,,,
0.77,0.000123,,,,,,
0.78,0.000123,,,,,,
0.79,0.000124,,,,,,
0.79,0.000124,,,,,,
0.80,0.00012200000000000001,,,,,,
0.81,0.000121,,,,,,
0.82,0.00012200000000000001,,,,,,
0.83,0.000125,,,,,,
0.84,0.000127,,,,,,
0.85,0.000127,,,,,,
0.85,0.000126,,,,,,
0.86,0.000127,,,,,,
0.87,0.000132,,,,,,
0.88,0.000134,,,,,,
0.89,0.000136,,,,,,
0.90,0.000136,,,,,,
0.90,0.000136,,,,,,
0.91,0.000138,,,,,,
0.92,0.000139,,,,,,
0.93,0.000142,,,,,,
0.94,0.000142,,,,,,
0.95,0.000142,,,,,,
0.95,0.000143,,,,,,
0.96,0.000143,,,,,,
0.97,0.000142,,,,,,
0.98,0.000143,,,,,,
0.99,0.00014800000000000002,,,,,,
1.00,0.00015,,,,,,
1.00,0.00015,,,,,,
1.01,0.000152,,,,,,
1.02,0.000152,,,,,,
1.03,0.000152,,,,,,
1.04,0.000151,,,,,,
1.05,0.000151,,,,,,
1.05,0.000152,,,,,,
1.06,0.000153,,,,,,
1.07,0.000153,,,,,,
1.08,0.000152,,,,,,
1.09,0.000151,,,,,,
1.10,0.000152,,,,,,
1.11,0.000153,,,,,,
1.11,0.000152,,,,,,
1.12,0.000151,,,,,,
1.13,0.00015,,,,,,
1.14,0.00015,,,,,,
1.15,0.00015,,,,,,
1.16,0.000151,,,,,,
1.16,0.000152,,,,,,
1.17,0.000156,,,,,,
1.18,0.000156,,,,,,
1.19,0.00015800000000000002,,,,,,
1.20,0.00016199999999999998,,,,,,
1.21,0.00016299999999999998,,,,,,
1.21,0.00016199999999999998,,,,,,
1.22,0.000161,,,,,,
1.23,0.00016199999999999998,,,,,,
1.24,0.00015900000000000002,,,,,,
1.25,0.00015900000000000002,,,,,,
1.26,0.00015900000000000002,,,,,,
1.26,0.00015900000000000002,,,,,,
1.27,0.000161,,,,,,
1.28,0.00016199999999999998,,,,,,
1.29,0.000168,,,,,,
1.30,0.000169,,,,,,
1.31,0.000169,,,,,,
1.31,0.000169,,,,,,
1.32,0.00017,,,,,,
1.33,0.000169,,,,,,
1.34,0.00017,,,,,,
1.35,0.000168,,,,,,
1.36,0.000168,,,,,,
1.37,0.00017600000000000002,,,,,,
1.37,0.000177,,,,,,
1.38,0.000177,,,,,,
1.39,0.000178,,,,,,
1.40,0.000179,,,,,,
1.41,0.000178,,,,,,
1.42,0.00017999999999999998,,,,,,
1.42,0.000179,,,,,,
1.43,0.000178,,,,,,
1.44,0.000178,,,,,,
1.45,0.000179,,,,,,
1.46,0.000177,,,,,,
1.47,0.000177,,,,,,
1.47,0.00017600000000000002,,,,,,
1.48,0.00017600000000000002,,,,,,
1.49,0.00017600000000000002,,,,,,
1.50,0.000179,,,,,,
1.51,0.000178,,,,,,
1.52,0.000179,,,,,,
1.52,0.00017600000000000002,,,,,,
1.53,0.000177,,,,,,
1.54,0.000179,,,,,,
1.55,0.000181,,,,,,
1.56,0.000185,,,,,,
1.57,0.000186,,,,,,
1.57,0.000189,,,,,,
1.58,0.00018800000000000002,,,,,,
1.59,0.00019099999999999998,,,,,,
1.60,0.00019099999999999998,,,,,,
1.61,0.00019099999999999998,,,,,,
1.62,0.00019099999999999998,,,,,,
1.63,0.00019099999999999998,,,,,,
1.63,0.000193,,,,,,
1.64,0.000193,,,,,,
1.65,0.000193,,,,,,
1.66,0.00018999999999999998,,,,,,
1.67,0.000189,,,,,,
1.68,0.00018999999999999998,,,,,,
1.68,0.00018700000000000002,,,,,,
1.69,0.00019199999999999998,,,,,,
1.70,0.00019099999999999998,,,,,,
1.71,0.00019099999999999998,,,,,,
1.72,0.00019199999999999998,,,,,,
1.73,0.00019199999999999998,,,,,,
1.73,0.000196,,,,,,
1.74,0.00019800000000000002,,,,,,
1.75,0.00020299999999999997,,,,,,
1.76,0.000205,,,,,,
1.77,0.000205,,,,,,
1.78,0.00020400000000000003,,,,,,
1.78,0.00020400000000000003,,,,,,
1.79,0.000208,,,,,,
1.79,0.000212,,,,,,
1.80,0.000213,,,,,,
1.81,0.000213,,,,,,
1.82,0.00021600000000000002,,,,,,
1.83,0.00021799999999999999,,,,,,
1.84,0.00021999999999999998,,,,,,
1.85,0.00021899999999999998,,,,,,
1.85,0.000222,,,,,,
1.86,0.000224,,,,,,
1.87,0.000225,,,,,,
1.88,0.000224,,,,,,
1.89,0.000225,,,,,,
1.90,0.000226,,,,,,
1.90,0.000224,,,,,,
1.91,0.000224,,,,,,
1.92,0.000224,,,,,,
1.93,0.000225,,,,,,
1.94,0.000226,,,,,,
1.95,0.000225,,,,,,
1.95,0.00022700000000000002,,,,,,
1.96,0.000226,,,,,,
1.97,0.000226,,,,,,
1.98,0.00023,,,,,,
1.99,0.00023,,,,,,
2.00,0.00023199999999999997,,,,,,
2.01,0.00023199999999999997,,,,,,
2.01,0.00023300000000000003,,,,,,
2.02,0.000234,,,,,,
2.03,0.000234,,,,,,
2.04,0.000235,,,,,,
2.05,0.000236,,,,,,
2.06,0.000235,,,,,,
2.06,0.000235,,,,,,
2.07,0.00023199999999999997,,,,,,
2.08,0.00023300000000000003,,,,,,
2.09,0.000234,,,,,,
2.10,0.000235,,,,,,
2.11,0.000237,,,,,,
2.11,0.00024,,,,,,
2.12,0.000239,,,,,,
2.13,0.000239,,,,,,
2.14,0.000242,,,,,,
2.15,0.000246,,,,,,
2.16,0.000249,,,,,,
2.16,0.00025,,,,,,
2.17,0.000252,,,,,,
2.18,0.00025499999999999996,,,,,,
2.19,0.00025499999999999996,,,,,,
2.20,0.00025499999999999996,,,,,,
2.21,0.000256,,,,,,
2.22,0.00025499999999999996,,,,,,
2.22,0.000257,,,,,,
2.23,0.000259,,,,,,
2.24,0.000259,,,,,,
2.25,0.000262,,,,,,
2.26,0.000261,,,,,,
2.27,0.000263,,,,,,
2.27,0.000261,,,,,,
2.28,0.000262,,,,,,
2.29,0.000263,,,,,,
2.30,0.000262,,,,,,
2.55,0.000281,,,,,,
2.80,0.000303,,,,,,
3.05,0.000338,,,,,,
3.30,0.000363,,,,,,
3.55,0.000386,,,,,,
3.80,0.000417,,,,,,
4.05,0.00044699999999999997,,,,,,
4.30,0.00046300000000000003,,,,,,
4.55,0.000481,,,,,,
4.80,0.000511,,,,,,
5.05,0.000521,,,,,,
5.30,0.000547,,,,,,
5.55,0.000565,,,,,,
5.80,0.000593,,,,,,
6.05,0.000608,,,,,,
6.30,0.000629,,,,,,
6.55,0.00065,,,,,,
6.80,0.00067,,,,,,
7.05,0.000689,,,,,,
7.30,0.0007109999999999999,,,,,,
7.55,0.000728,,,,,,
7.80,0.000749,,,,,,
8.05,0.00077,,,,,,
8.30,0.0008,,,,,,
8.55,0.0008169999999999999,,,,,,
8.80,0.000837,,,,,,
9.05,0.000861,,,,,,
9.30,0.000877,,,,,,
9.55,0.000897,,,,,,
9.80,0.0009130000000000001,,,,,,
10.05,0.0009299999999999999,,,,,,
10.30,0.000962,,,,,,
10.55,0.000978,,,,,,
10.80,0.001002,,,,,,
11.05,0.001008,,,,,,
11.30,0.001036,,,,,,
11.55,0.001059,,,,,,
11.80,0.001086,,,,,,
12.05,0.0011070000000000001,,,,,,
12.30,0.001131,,,,,,
12.55,0.001154,,,,,,
12.80,0.001181,,,,,,
13.05,0.001199,,,,,,
13.30,0.0012280000000000001,,,,,,
13.55,0.0012330000000000002,,,,,,
13.80,0.0012590000000000001,,,,,,
14.05,0.0012820000000000002,,,,,,
14.30,0.001308,,,,,,
14.55,0.00133,,,,,,
14.80,0.001358,,,,,,
15.05,0.001376,,,,,,
15.30,0.0014010000000000001,,,,,,
15.55,0.001416,,,,,,
15.80,0.001434,,,,,,
16.05,0.001454,,,,,,
16.30,0.001473,,,,,,
16.55,0.0015,,,,,,
16.80,0.0015149999999999999,,,,,,
17.05,0.001547,,,,,,
17.30,0.001579,,,,,,
17.55,0.001604,,,,,,
17.80,0.0016239999999999998,,,,,,
18.05,0.001653,,,,,,
18.30,0.001668,,,,,,
18.80,0.0017310000000000001,,,,,,
19.30,0.0017519999999999999,,,,,,
19.80,0.001803,,,,,,
20.30,0.0018470000000000001,,,,,,
20.80,0.001879,,,,,,
21.30,0.001925,,,,,,
21.80,0.001963,,,,,,
22.30,0.00202,,,,,,
22.80,0.002058,,,,,,
23.30,0.002107,,,,,,
23.80,0.002142,,,,,,
24.30,0.002196,,,,,,
24.80,0.002225,,,,,,
25.30,0.002272,,,,,,
25.80,0.002307,,,,,,
26.30,0.002363,,,,,,
26.80,0.002409,,,,,,
27.30,0.00246,,,,,,
27.80,0.002523,,,,,,
28.30,0.0025740000000000003,,,,,,
28.80,0.002605,,,,,,
29.30,0.0026479999999999997,,,,,,
29.80,0.0026939999999999998,,,,,,
30.30,0.002742,,,,,,
30.80,0.002785,,,,,,
31.30,0.002828,,,,,,
31.80,0.002879,,,,,,
32.30,0.0029270000000000003,,,,,,
32.80,0.0029720000000000002,,,,,,
33.30,0.0030120000000000004,,,,,,
33.80,0.0030570000000000003,,,,,,
34.30,0.003101,,,,,,
34.80,0.0031530000000000004,,,,,,
35.30,0.0031969999999999998,,,,,,
35.80,0.003242,,,,,,
36.30,0.003293,,,,,,
36.80,0.003346,,,,,,
37.30,0.003394,,,,,,
37.80,0.0034449999999999997,,,,,,
38.30,0.0034820000000000003,,,,,,
38.80,0.003533,,,,,,
39.30,0.0035809999999999995,,,,,,
39.80,0.003634,,,,,,
40.30,0.003667,,,,,,
40.80,0.0037140000000000003,,,,,,
41.30,0.003764,,,,,,
41.80,0.0038229999999999996,,,,,,
42.30,0.0038729999999999997,,,,,,
42.80,0.003926,,,,,,
43.30,0.003964,,,,,,
43.80,0.004014,,,,,,
44.30,0.004058,,,,,,
44.80,0.004106,,,,,,
45.30,0.00415,,,,,,
45.80,0.0041860000000000005,,,,,,
46.30,0.004234,,,,,,
46.80,0.004285,,,,,,
47.30,0.004333,,,,,,
47.80,0.004384,,,,,,
48.30,0.004426,,,,,,
48.80,0.00447,,,,,,
49.30,0.004516,,,,,,
49.80,0.004557,,,,,,
50.30,0.004616,,,,,,
50.80,0.004663,,,,,,
51.30,0.004709,,,,,,
51.80,0.004767,,,,,,
52.30,0.004821,,,,,,
52.80,0.004861,,,,,,
53.30,0.004909,,,,,,
53.80,0.004952,,,,,,
54.30,0.004998,,,,,,
54.80,0.00504,,,,,,
55.30,0.005089,,,,,,
55.80,0.005132,,,,,,
56.30,0.005175999999999999,,,,,,
56.80,0.005223,,,,,,
57.30,0.005269,,,,,,
57.80,0.005311,,,,,,
58.30,0.005356,,,,,,
58.80,0.005397999999999999,,,,,,
59.30,0.005447,,,,,,
59.81,0.005496,,,,,,
60.31,0.005543,,,,,,
60.81,0.005588999999999999,,,,,,
61.31,0.005639999999999999,,,,,,
61.81,0.005687,,,,,,
62.31,0.005733,,,,,,
62.81,0.005788,,,,,,
63.31,0.005835,,,,,,
63.81,0.0058779999999999995,,,,,,
64.31,0.005928,,,,,,
64.81,0.0059830000000000005,,,,,,
65.31,0.006015,,,,,,
65.81,0.006074,,,,,,
66.31,0.00612,,,,,,
66.81,0.006165,,,,,,
67.31,0.006222,,,,,,
67.81,0.00626,,,,,,
68.31,0.006313,,,,,,
68.81,0.006341,,,,,,
69.31,0.006389000000000001,,,,,,
69.81,0.006444999999999999,,,,,,
70.31,0.006497,,,,,,
70.81,0.0065390000000000005,,,,,,
71.31,0.006588,,,,,,
71.81,0.006634999999999999,,,,,,
72.31,0.006679000000000001,,,,,,
72.81,0.006724,,,,,,
73.31,0.006771,,,,,,
73.81,0.006814,,,,,,
74.31,0.006871,,,,,,
74.81,0.006915,,,,,,
75.31,0.006961,,,,,,
75.81,0.007017,,,,,,
76.31,0.007068,,,,,,
76.81,0.007113,,,,,,
77.31,0.0071530000000000005,,,,,,
77.81,0.007194000000000001,,,,,,
78.31,0.007243,,,,,,
78.81,0.007286,,,,,,
79.31,0.00733,,,,,,
79.81,0.007371,,,,,,
80.31,0.007416000000000001,,,,,,
80.81,0.00746,,,,,,
81.31,0.007507000000000001,,,,,,
81.81,0.007548,,,,,,
82.31,0.007588,,,,,,
82.81,0.00764,,,,,,
83.31,0.007678000000000001,,,,,,
83.81,0.007724999999999999,,,,,,
84.31,0.007764999999999999,,,,,,
84.81,0.007825,,,,,,
85.31,0.007873,,,,,,
85.81,0.007915,,,,,,
86.31,0.007961000000000001,,,,,,
86.81,0.008014,,,,,,
87.31,0.008058,,,,,,
87.81,0.008106,,,,,,
88.31,0.008155,,,,,,
88.81,0.008192,,,,,,
89.31,0.008243,,,,,,
89.81,0.008276,,,,,,
90.31,0.008324,,,,,,
90.81,0.008381,,,,,,
91.31,0.008421999999999999,,,,,,
91.81,0.008461,,,,,,
92.31,0.008502,,,,,,
92.81,0.008557,,,,,,
93.31,0.008594000000000001,,,,,,
93.81,0.008635,,,,,,
94.31,0.008679,,,,,,
94.81,0.008732,,,,,,
95.31,0.008776,,,,,,
95.81,0.008827,,,,,,
96.31,0.008864,,,,,,
96.81,0.008916,,,,,,
97.31,0.008957,,,,,,
97.81,0.008998,,,,,,
98.31,0.00905,,,,,,
98.81,0.009079,,,,,,
99.31,0.009134,,,,,,
99.81,0.009189000000000001,,,,,,
100.31,0.009237,,,,,,
100.81,0.009267,,,,,,
101.31,0.009315,,,,,,
101.81,0.00937,,,,,,
102.31,0.009407,,,,,,
102.81,0.009453,,,,,,
103.31,0.009496,,,,,,
103.81,0.009541,,,,,,
104.31,0.009571,,,,,,
104.81,0.009623,,,,,,
105.31,0.009651,,,,,,
105.81,0.009708,,,,,,
106.31,0.009760999999999999,,,,,,
106.81,0.0098,,,,,,
107.31,0.009848,,,,,,
107.81,0.009888000000000001,,,,,,
108.31,0.009938,,,,,,
108.81,0.009978,,,,,,
109.31,0.010034000000000001,,,,,,
109.81,0.010064,,,,,,
110.31,0.010114000000000001,,,,,,
110.81,0.010148999999999998,,,,,,
111.31,0.010188999999999998,,,,,,
111.81,0.010228999999999999,,,,,,
112.31,0.010284,,,,,,
112.81,0.010324,,,,,,
113.31,0.010374000000000001,,,,,,
113.81,0.010419000000000001,,,,,,
114.31,0.010464,,,,,,
114.81,0.010499000000000001,,,,,,
115.31,0.010539,,,,,,
115.81,0.010564,,,,,,
116.31,0.010619,,,,,,
116.81,0.010648999999999999,,,,,,
117.31,0.010688999999999999,,,,,,
117.81,0.010739,,,,,,
118.31,0.010779,,,,,,
118.81,0.010813999999999999,,,,,,
119.31,0.010859,,,,,,
119.81,0.010899,,,,,,
120.31,0.010939,,,,,,
120.81,0.010974,,,,,,
121.31,0.011019000000000001,,,,,,
121.81,0.011059000000000001,,,,,,
122.31,0.011099000000000001,,,,,,
122.81,0.011139,,,,,,
123.31,0.011184000000000001,,,,,,
123.81,0.011229,,,,,,
124.31,0.011278999999999999,,,,,,
124.81,0.011319,,,,,,
125.31,0.011359,,,,,,
125.81,0.011394,,,,,,
126.31,0.011444000000000001,,,,,,
126.81,0.011484000000000001,,,,,,
127.31,0.011519,,,,,,
127.81,0.011564000000000001,,,,,,
128.31,0.011609000000000001,,,,,,
128.81,0.011639,,,,,,
129.31,0.011684000000000002,,,,,,
129.81,0.011724000000000002,,,,,,
130.31,0.011769,,,,,,
130.81,0.011798999999999999,,,,,,
131.31,0.011843999999999999,,,,,,
131.81,0.011883999999999999,,,,,,
132.31,0.011929,,,,,,
132.81,0.011969,,,,,,
133.31,0.012009,,,,,,
133.81,0.012049,,,,,,
134.31,0.012094,,,,,,
134.81,0.012124,,,,,,
135.31,0.012164,,,,,,
135.81,0.012194,,,,,,
136.31,0.012244,,,,,,
136.81,0.012279,,,,,,
137.26,0.012314,,,,,,
138.26,0.012388999999999999,,,,,,
139.26,0.012474,,,,,,
140.26,0.012544,,,,,,
141.26,0.012624,,,,,,
142.26,0.012699,,,,,,
143.26,0.012774,,,,,,
144.26,0.012859,,,,,,
145.26,0.012939,,,,,,
146.26,0.012999,,,,,,
147.26,0.013084,,,,,,
148.26,0.013164,,,,,,
149.26,0.013224,,,,,,
150.26,0.013299,,,,,,
151.26,0.013379,,,,,,
152.26,0.013459,,,,,,
153.26,0.013529,,,,,,
154.26,0.013599000000000002,,,,,,
155.26,0.013673999999999999,,,,,,
156.26,0.013749,,,,,,
157.26,0.013829000000000001,,,,,,
158.26,0.013909,,,,,,
159.26,0.013984000000000002,,,,,,
160.26,0.014069,,,,,,
161.26,0.014149,,,,,,
162.26,0.014214,,,,,,
163.26,0.014294,,,,,,
164.26,0.014363999999999998,,,,,,
165.26,0.014443999999999999,,,,,,
166.26,0.014514,,,,,,
167.26,0.014594000000000001,,,,,,
168.26,0.014664,,,,,,
169.26,0.014739,,,,,,
170.26,0.014814,,,,,,
171.26,0.014879,,,,,,
172.26,0.014969,,,,,,
173.26,0.015028999999999999,,,,,,
174.26,0.015104,,,,,,
175.26,0.015174,,,,,,
176.26,0.015234000000000001,,,,,,
177.26,0.015319000000000001,,,,,,
178.26,0.015394000000000001,,,,,,
179.26,0.015459,,,,,,
180.26,0.015524,,,,,,
181.26,0.015599,,,,,,
182.26,0.015674,,,,,,
183.26,0.015733999999999998,,,,,,
184.26,0.015809,,,,,,
185.26,0.015909,,,,,,
185.75,0.015944,,,,,,
185.75,0.015944,,,,,,
185.75,0.015944,,,,,,
185.75,0.015944,,,,,,
186.75,0.016004,,,,,,
187.75,0.016089,,,,,,
188.75,0.016149,,,,,,
189.75,0.016229,,,,,,
190.75,0.016298999999999998,,,,,,
191.75,0.016359,,,,,,
192.75,0.016419,,,,,,
193.75,0.016484000000000002,,,,,,
194.75,0.016554,,,,,,
195.75,0.016619,,,,,,
196.75,0.016699,,,,,,
197.75,0.016754,,,,,,
198.75,0.016824,,,,,,
199.75,0.016894,,,,,,
200.75,0.016964,,,,,,
201.75,0.017039,,,,,,
202.75,0.017103999999999998,,,,,,
203.75,0.017169,,,,,,
204.75,0.017239,,,,,,
205.75,0.017299,,,,,,
206.75,0.017369000000000002,,,,,,
207.75,0.017424,,,,,,
208.75,0.017504,,,,,,
209.75,0.017559,,,,,,
210.75,0.017634,,,,,,
211.75,0.017689,,,,,,
212.75,0.017759,,,,,,
213.75,0.017814,,,,,,
214.75,0.017884,,,,,,
215.75,0.017939,,,,,,
216.75,0.018009,,,,,,
217.75,0.018064,,,,,,
218.75,0.018139000000000002,,,,,,
219.75,0.018194,,,,,,
220.75,0.018259,,,,,,
221.75,0.018314,,,,,,
222.75,0.018373999999999998,,,,,,
223.75,0.018429,,,,,,
224.75,0.018494,,,,,,
225.75,0.018559000000000003,,,,,,
226.75,0.018633999999999998,,,,,,
227.75,0.018689,,,,,,
228.75,0.018774,,,,,,
229.75,0.018834,,,,,,
230.75,0.018894,,,,,,
231.75,0.018944000000000003,,,,,,
232.75,0.019024,,,,,,
233.75,0.019094,,,,,,
234.75,0.019144,,,,,,
235.75,0.019199,,,,,,
236.75,0.019269,,,,,,
237.75,0.019339,,,,,,
238.75,0.019384,,,,,,
239.75,0.019459,,,,,,
240.75,0.019529,,,,,,
241.75,0.019584,,,,,,
242.75,0.019649,,,,,,
243.75,0.019719,,,,,,
244.75,0.019774,,,,,,
245.75,0.019829,,,,,,
246.75,0.019889,,,,,,
247.75,0.019944,,,,,,
248.75,0.020004,,,,,,
249.75,0.020074,,,,,,
250.75,0.020129,,,,,,
251.75,0.020189,,,,,,
252.75,0.020259,,,,,,
253.75,0.020314000000000002,,,,,,
254.75,0.020374,,,,,,
255.75,0.020434,,,,,,
256.75,0.020489,,,,,,
257.75,0.020554000000000003,,,,,,
258.75,0.020604,,,,,,
259.75,0.020669,,,,,,
260.75,0.020724,,,,,,
261.75,0.020794,,,,,,
262.75,0.020863999999999997,,,,,,
263.75,0.020914000000000002,,,,,,
264.75,0.020994000000000002,,,,,,
265.75,0.021039,,,,,,
266.75,0.021114,,,,,,
267.75,0.021174,,,,,,
268.75,0.021238999999999997,,,,,,
269.75,0.021309,,,,,,
270.75,0.021359,,,,,,
271.75,0.021414,,,,,,
272.75,0.021459000000000002,,,,,,
273.75,0.021529,,,,,,
274.75,0.021584,,,,,,
275.75,0.021644,,,,,,
276.75,0.021714,,,,,,
277.75,0.021774,,,,,,
278.75,0.021824,,,,,,
279.76,0.021884,,,,,,
280.76,0.021939,,,,,,
282.76,0.022054,,,,,,
284.76,0.022184,,,,,,
286.76,0.022269,,,,,,
288.76,0.022414,,,,,,
290.76,0.022509,,,,,,
292.76,0.022624,,,,,,
294.76,0.022734,,,,,,
296.76,0.022854,,,,,,
298.76,0.022974,,,,,,
300.76,0.023094,,,,,,
302.76,0.023204,,,,,,
304.76,0.023339,,,,,,
306.76,0.023469000000000004,,,,,,
308.76,0.023538999999999997,,,,,,
310.76,0.023664,,,,,,
312.76,0.023784,,,,,,
314.76,0.023909,,,,,,
316.76,0.024024,,,,,,
318.76,0.024119,,,,,,
320.76,0.024234,,,,,,
322.76,0.024349,,,,,,
324.76,0.024439000000000002,,,,,,
326.76,0.024579,,,,,,
328.58,0.024664000000000002,,,,,,
330.58,0.024773999999999997,,,,,,
332.58,0.024879,,,,,,
334.58,0.024979,,,,,,
336.58,0.025104,,,,,,
338.58,0.025219000000000002,,,,,,
340.58,0.025304000000000004,,,,,,
342.58,0.025414,,,,,,
344.58,0.025514000000000002,,,,,,
346.58,0.025629,,,,,,
348.58,0.025739,,,,,,
350.58,0.025859,,,,,,
352.58,0.025969000000000002,,,,,,
354.58,0.026069,,,,,,
356.58,0.026168999999999998,,,,,,
358.58,0.026284000000000002,,,,,,
360.58,0.026379,,,,,,
362.58,0.026489,,,,,,
364.58,0.026594000000000003,,,,,,
366.58,0.026699,,,,,,
368.58,0.026799,,,,,,
370.58,0.026909000000000002,,,,,,
372.58,0.027009,,,,,,
374.58,0.027109,,,,,,
376.58,0.027214000000000002,,,,,,
378.58,0.027319,,,,,,
380.58,0.027409,,,,,,
382.58,0.027504,,,,,,
384.58,0.027614,,,,,,
386.58,0.027724000000000002,,,,,,
388.58,0.027844,,,,,,
390.58,0.027929,,,,,,
392.58,0.028034,,,,,,
394.58,0.028114,,,,,,
396.58,0.028224,,,,,,
398.58,0.028349000000000003,,,,,,
400.58,0.028439000000000002,,,,,,
402.58,0.028534,,,,,,
404.58,0.028644,,,,,,
406.58,0.028739,,,,,,
408.58,0.028854,,,,,,
410.58,0.028939,,,,,,
412.58,0.029049000000000002,,,,,,
414.58,0.029154,,,,,,
416.58,0.029249,,,,,,
418.58,0.029369,,,,,,
420.58,0.029443999999999998,,,,,,
422.58,0.029549,,,,,,
424.58,0.029664000000000003,,,,,,
424.89,0.029679,,,,,,
426.89,0.029799000000000003,,,,,,
428.89,0.029893999999999997,,,,,,
430.89,0.029973999999999997,,,,,,
432.89,0.030069,,,,,,
433.74,0.030123999999999998,,,,,,
435.74,0.030224,,,,,,
437.74,0.030319,,,,,,
439.74,0.030404,,,,,,
441.74,0.030508999999999998,,,,,,
443.74,0.030609,,,,,,
445.74,0.030699,,,,,,
447.74,0.030799,,,,,,
449.74,0.030899,,,,,,
450.41,0.030939,,,,,,
452.41,0.031029,,,,,,
454.41,0.031128999999999997,,,,,,
456.41,0.031204,,,,,,
458.41,0.031314,,,,,,
460.41,0.031419,,,,,,
462.41,0.031514,,,,,,
464.41,0.031609,,,,,,
466.41,0.031709,,,,,,
468.41,0.031809,,,,,,
470.41,0.031894,,,,,,
472.41,0.031993999999999995,,,,,,
474.41,0.032089,,,,,,
476.41,0.032194,,,,,,
478.41,0.032284,,,,,,
480.41,0.032364000000000004,,,,,,
482.41,0.032458999999999995,,,,,,
484.41,0.032564,,,,,,
486.41,0.032649,,,,,,
488.41,0.032744,,,,,,
490.41,0.032824,,,,,,
492.41,0.032914,,,,,,
494.41,0.033029,,,,,,
496.41,0.033098999999999996,,,,,,
498.41,0.033189,,,,,,
500.41,0.033279,,,,,,
502.41,0.033384,,,,,,
504.41,0.033469,,,,,,
506.41,0.033564,,,,,,
508.41,0.033679,,,,,,
510.41,0.033759000000000004,,,,,,
512.41,0.033849,,,,,,
514.41,0.033949,,,,,,
516.41,0.034059,,,,,,
518.41,0.034154,,,,,,
520.41,0.034244,,,,,,
522.41,0.034354,,,,,,
524.41,0.034409,,,,,,
526.41,0.034524,,,,,,
528.41,0.034603999999999996,,,,,,
530.41,0.034729,,,,,,
532.41,0.034794,,,,,,
534.41,0.034899,,,,,,
536.41,0.034994,,,,,,
538.41,0.035068999999999996,,,,,,
540.41,0.035149,,,,,,
542.41,0.035269,,,,,,
544.41,0.035354000000000003,,,,,,
546.41,0.035434,,,,,,
548.41,0.035529000000000005,,,,,,
550.41,0.035629,,,,,,
552.41,0.035734,,,,,,
554.41,0.035799,,,,,,
556.41,0.035894,,,,,,
558.41,0.036004,,,,,,
560.41,0.036079,,,,,,
562.41,0.036164,,,,,,
564.41,0.036264,,,,,,
566.41,0.036354000000000004,,,,,,
568.41,0.036434,,,,,,
570.41,0.036529,,,,,,
572.41,0.036639,,,,,,
574.41,0.036724,,,,,,
576.41,0.036794,,,,,,
578.41,0.036904,,,,,,
580.41,0.037024,,,,,,
582.41,0.037094,,,,,,
584.41,0.037169,,,,,,
586.41,0.037274,,,,,,
588.41,0.037369,,,,,,
590.41,0.037448999999999996,,,,,,
592.41,0.037554,,,,,,
594.41,0.037649,,,,,,
596.41,0.037724,,,,,,
598.41,0.037784,,,,,,
600.41,0.037898999999999995,,,,,,
602.41,0.037989,,,,,,
604.41,0.038069,,,,,,
606.41,0.038144,,,,,,
608.41,0.038259,,,,,,
610.41,0.038349,,,,,,
612.42,0.038429000000000005,,,,,,
614.42,0.038519,,,,,,
616.42,0.038624,,,,,,
618.42,0.038724,,,,,,
620.42,0.038794,,,,,,
622.42,0.038898999999999996,,,,,,
624.42,0.038984,,,,,,
626.42,0.039054000000000005,,,,,,
626.73,0.039069,,,,,,
628.73,0.039079,,,,,,
630.73,0.039319,,,,,,
632.73,0.039369,,,,,,
634.73,0.039439,,,,,,
636.73,0.039534,,,,,,
638.73,0.039624,,,,,,
640.73,0.039704,,,,,,
641.29,0.039729,,,,,,
643.29,0.039824,,,,,,
645.29,0.039904,,,,,,
647.29,0.039984,,,,,,
649.29,0.040069,,,,,,
651.29,0.040164,,,,,,
653.29,0.040239000000000004,,,,,,
655.29,0.040324,,,,,,
657.29,0.040423999999999995,,,,,,
659.29,0.040489,,,,,,
661.29,0.040583999999999995,,,,,,
663.29,0.040664,,,,,,
665.29,0.040769,,,,,,
667.29,0.040834,,,,,,
669.29,0.040919,,,,,,
671.29,0.040999,,,,,,
673.29,0.041094,,,,,,
675.29,0.041169000000000004,,,,,,
677.29,0.041254,,,,,,
679.29,0.041329000000000005,,,,,,
681.29,0.041424,,,,,,
683.29,0.041504000000000006,,,,,,
685.29,0.041609,,,,,,
687.29,0.041694,,,,,,
689.29,0.041774,,,,,,
691.29,0.041859,,,,,,
693.29,0.041934,,,,,,
695.29,0.042019,,,,,,
697.29,0.042119,,,,,,
699.29,0.042204,,,,,,
701.29,0.042304,,,,,,
703.29,0.042359,,,,,,
705.29,0.042454,,,,,,
707.29,0.042529000000000004,,,,,,
709.29,0.042629,,,,,,
711.29,0.04271899999999999,,,,,,
713.29,0.042799,,,,,,
715.29,0.042878999999999994,,,,,,
717.29,0.042959,,,,,,
719.29,0.043049,,,,,,
721.29,0.043109,,,,,,
723.29,0.043198999999999994,,,,,,
725.29,0.043289,,,,,,
727.29,0.043354,,,,,,
729.29,0.043449,,,,,,
731.29,0.043549,,,,,,
733.29,0.043639000000000004,,,,,,
735.29,0.043729,,,,,,
737.29,0.043823999999999995,,,,,,
739.29,0.043909000000000004,,,,,,
741.29,0.043989,,,,,,
743.29,0.044079,,,,,,
745.29,0.044143999999999996,,,,,,
747.29,0.044244000000000006,,,,,,
749.29,0.044334,,,,,,
751.29,0.044409000000000004,,,,,,
753.29,0.044484,,,,,,
755.29,0.044558999999999994,,,,,,
757.29,0.044654,,,,,,
759.29,0.044744,,,,,,
761.29,0.044834,,,,,,
763.29,0.044898999999999994,,,,,,
765.29,0.044979,,,,,,
767.29,0.045054,,,,,,
769.29,0.045144000000000004,,,,,,
771.29,0.045244,,,,,,
773.29,0.045319000000000005,,,,,,
775.29,0.045394,,,,,,
777.29,0.045473999999999994,,,,,,
779.29,0.045559,,,,,,
781.29,0.045654,,,,,,
783.29,0.045744,,,,,,
785.29,0.045829,,,,,,
787.29,0.045899,,,,,,
789.29,0.045984,,,,,,
791.29,0.046054000000000005,,,,,,
793.29,0.046144,,,,,,
795.29,0.046209,,,,,,
797.29,0.046258999999999995,,,,,,
799.29,0.046349,,,,,,
801.29,0.046424,,,,,,
803.29,0.046509,,,,,,
805.29,0.046584,,,,,,
807.29,0.046669,,,,,,
809.29,0.046738999999999996,,,,,,
811.29,0.046804,,,,,,
813.29,0.046894,,,,,,
815.29,0.046979,,,,,,
817.29,0.047059,,,,,,
819.29,0.047134,,,,,,
821.29,0.047234,,,,,,
823.29,0.047299,,,,,,
825.29,0.047389,,,,,,
827.29,0.047488999999999996,,,,,,
829.29,0.047559,,,,,,
831.29,0.047653999999999995,,,,,,
833.29,0.047724,,,,,,
835.29,0.047834,,,,,,
837.29,0.047899000000000004,,,,,,
839.29,0.048004,,,,,,
841.29,0.048079000000000004,,,,,,
843.29,0.048159,,,,,,
845.29,0.048263999999999994,,,,,,
847.29,0.048324,,,,,,
849.29,0.048399,,,,,,
851.29,0.048484,,,,,,
853.29,0.048574,,,,,,
855.29,0.048664,,,,,,
857.29,0.048739,,,,,,
859.29,0.048834,,,,,,
861.29,0.048888999999999995,,,,,,
863.29,0.048974000000000004,,,,,,
865.29,0.049054,,,,,,
867.29,0.049134000000000004,,,,,,
869.29,0.049234,,,,,,
871.29,0.049303999999999994,,,,,,
873.29,0.049384,,,,,,
875.29,0.04944899999999999,,,,,,
877.29,0.049539,,,,,,
879.29,0.049623999999999995,,,,,,
881.29,0.049699,,,,,,
883.29,0.049783999999999995,,,,,,
885.29,0.049859,,,,,,
887.29,0.049934000000000006,,,,,,
889.29,0.050019,,,,,,
891.29,0.050094,,,,,,
893.29,0.050184,,,,,,
895.29,0.050259,,,,,,
897.29,0.050344,,,,,,
899.29,0.050424,,,,,,
901.29,0.050499,,,,,,
903.29,0.050594,,,,,,
905.29,0.050654000000000005,,,,,,
907.29,0.050749,,,,,,
909.29,0.050819,,,,,,
909.87,0.050838999999999995,,,,,,
911.87,0.050914,,,,,,
913.87,0.051003999999999994,,,,,,
915.87,0.051074,,,,,,
917.87,0.051154000000000005,,,,,,
919.87,0.051219,,,,,,
921.87,0.051308999999999994,,,,,,
923.87,0.051384,,,,,,
925.87,0.051474,,,,,,
927.87,0.051559,,,,,,
929.87,0.051639,,,,,,
931.87,0.051734,,,,,,
933.87,0.051788999999999995,,,,,,
935.87,0.051864,,,,,,
937.87,0.051933999999999994,,,,,,
939.87,0.052034000000000004,,,,,,
941.87,0.052119,,,,,,
943.87,0.052189,,,,,,
945.87,0.052268999999999996,,,,,,
947.87,0.052339000000000004,,,,,,
949.87,0.052428999999999996,,,,,,
951.87,0.052509,,,,,,
953.87,0.052594,,,,,,
955.87,0.052694,,,,,,
957.87,0.052739,,,,,,
959.87,0.052828999999999994,,,,,,
961.19,0.052878999999999995,,,,,,
963.19,0.052959,,,,,,
965.19,0.053074,,,,,,
967.19,0.053133999999999994,,,,,,
969.19,0.053209,,,,,,
971.19,0.053284000000000005,,,,,,
973.19,0.053364,,,,,,
975.19,0.053453999999999995,,,,,,
977.19,0.053529,,,,,,
979.19,0.053609,,,,,,
981.19,0.053663999999999996,,,,,,
982.81,0.053734000000000004,,,,,,
984.81,0.053834,,,,,,
986.81,0.053929,,,,,,
988.81,0.054004,,,,,,
990.81,0.054063999999999994,,,,,,
992.81,0.054144,,,,,,
994.81,0.054223999999999994,,,,,,
996.81,0.054294,,,,,,
998.81,0.054383999999999995,,,,,,
1000.81,0.054449,,,,,,
1002.81,0.054523999999999996,,,,,,
1004.81,0.054609,,,,,,
1006.81,0.054668999999999995,,,,,,
1008.81,0.054754,,,,,,
1010.81,0.054844,,,,,,
1012.81,0.054939,,,,,,
1014.81,0.055004,,,,,,
1016.81,0.055064,,,,,,
1018.81,0.055149,,,,,,
1020.81,0.055234,,,,,,
1022.81,0.055309,,,,,,
1024.81,0.055394,,,,,,
1026.81,0.055473999999999996,,,,,,
1028.81,0.055559000000000004,,,,,,
1030.82,0.055618999999999995,,,,,,
1032.82,0.055699,,,,,,
1034.82,0.055769,,,,,,
1036.82,0.055864000000000004,,,,,,
1038.82,0.055934,,,,,,
1040.82,0.056019,,,,,,
1042.82,0.056089,,,,,,
1044.82,0.056174,,,,,,
1046.82,0.056258999999999997,,,,,,
1048.82,0.056334,,,,,,
1050.82,0.056419,,,,,,
1052.82,0.056494,,,,,,
1054.82,0.056559,,,,,,
1056.82,0.056644,,,,,,
1058.82,0.056719,,,,,,
1060.82,0.056814,,,,,,
1062.82,0.056874,,,,,,
1064.82,0.056959,,,,,,
1066.82,0.057034,,,,,,
1068.82,0.057104,,,,,,
1070.82,0.057189,,,,,,
1072.82,0.057264,,,,,,
1074.82,0.057344,,,,,,
1076.82,0.057419000000000005,,,,,,
1078.82,0.057493999999999996,,,,,,
1080.82,0.057583999999999996,,,,,,
1082.82,0.057654,,,,,,
1084.82,0.057744,,,,,,
1086.82,0.057804,,,,,,
1088.82,0.057869000000000004,,,,,,
1090.82,0.057949,,,,,,
1092.82,0.058034,,,,,,
1094.82,0.058114,,,,,,
1096.82,0.058189000000000005,,,,,,
1098.82,0.058269,,,,,,
1100.82,0.058309,,,,,,
1102.82,0.058419,,,,,,
1104.82,0.058454,,,,,,
1104.92,0.058439,,,,,,
1106.92,0.058564,,,,,,
1108.92,0.058654000000000005,,,,,,
1110.92,0.058699,,,,,,
1112.92,0.058794000000000006,,,,,,
1114.92,0.058869,,,,,,
1116.92,0.058954000000000006,,,,,,
1118.92,0.059049,,,,,,
1120.92,0.059119000000000005,,,,,,
1121.68,0.059149,,,,,,
1123.68,0.059214,,,,,,
1125.68,0.059299,,,,,,
1127.68,0.059374,,,,,,
1129.68,0.059444,,,,,,
1131.68,0.059539,,,,,,
1133.68,0.059614,,,,,,
1135.68,0.059684,,,,,,
1137.68,0.059753999999999995,,,,,,
1139.68,0.059844,,,,,,
1141.68,0.059939,,,,,,
1143.68,0.060004,,,,,,
1145.68,0.060094,,,,,,
1147.68,0.060149,,,,,,
1149.68,0.060224,,,,,,
1151.68,0.060294,,,,,,
1153.68,0.060364,,,,,,
1155.68,0.060444000000000005,,,,,,
1157.68,0.060534,,,,,,
1159.68,0.060604,,,,,,
1161.68,0.060689,,,,,,
1163.68,0.060759,,,,,,
1165.68,0.060849,,,,,,
1167.68,0.060909000000000005,,,,,,
1169.68,0.061009,,,,,,
1169.83,0.061019,,,,,,
1171.83,0.061084,,,,,,
1173.83,0.061154,,,,,,
1175.10,0.061199,,,,,,
1177.10,0.061269,,,,,,
1179.10,0.061354,,,,,,
1181.10,0.061433999999999996,,,,,,
1183.10,0.061499,,,,,,
1185.10,0.061578999999999995,,,,,,
1187.10,0.061659,,,,,,
1189.10,0.061738999999999995,,,,,,
1191.10,0.061834,,,,,,
1193.10,0.061883999999999995,,,,,,
1195.10,0.061979,,,,,,
1197.10,0.062034000000000006,,,,,,
1199.10,0.062119,,,,,,
1201.10,0.062188999999999994,,,,,,
1203.10,0.062274,,,,,,
1205.10,0.062359,,,,,,
1207.10,0.062439,,,,,,
1209.10,0.062504,,,,,,
1211.10,0.062579,,,,,,
1213.10,0.062654,,,,,,
1215.10,0.062739,,,,,,
1217.10,0.062829,,,,,,
1219.10,0.062904,,,,,,
1221.10,0.062969,,,,,,
1223.10,0.06303399999999999,,,,,,
1225.10,0.063099,,,,,,
1227.10,0.06318399999999999,,,,,,
1229.10,0.063259,,,,,,
1231.10,0.063344,,,,,,
1233.10,0.063434,,,,,,
1235.10,0.063499,,,,,,
1237.10,0.063564,,,,,,
1239.10,0.063659,,,,,,
1241.10,0.063729,,,,,,
1243.10,0.063819,,,,,,
1245.10,0.063879,,,,,,
1247.10,0.06394899999999999,,,,,,
1249.10,0.064024,,,,,,
1251.10,0.064084,,,,,,
1253.10,0.064189,,,,,,
1255.10,0.06424400000000001,,,,,,
1257.10,0.064329,,,,,,
1259.10,0.064409,,,,,,
1261.10,0.064494,,,,,,
1263.10,0.06457399999999999,,,,,,
1265.10,0.064584,,,,,,
1265.10,0.064584,,,,,,
1267.10,0.064664,,,,,,
1269.10,0.064734,,,,,,
1271.10,0.064809,,,,,,
1273.10,0.06486399999999999,,,,,,
1275.10,0.064959,,,,,,
1277.10,0.065029,,,,,,
1279.10,0.065109,,,,,,
1281.10,0.065199,,,,,,
1283.10,0.065279,,,,,,
1285.10,0.065324,,,,,,
1287.10,0.065434,,,,,,
1289.10,0.065514,,,,,,
1291.10,0.06558900000000001,,,,,,
1293.10,0.065654,,,,,,
1295.02,0.065709,,,,,,
1297.02,0.065799,,,,,,
1299.02,0.065834,,,,,,
1301.02,0.065949,,,,,,
1303.02,0.066034,,,,,,
1305.02,0.066079,,,,,,
1307.02,0.066189,,,,,,
1309.02,0.066244,,,,,,
1311.02,0.066349,,,,,,
1313.02,0.066399,,,,,,
1315.02,0.066484,,,,,,
1317.02,0.066559,,,,,,
1319.02,0.066624,,,,,,
1321.02,0.066689,,,,,,
1323.02,0.066774,,,,,,
1325.02,0.066869,,,,,,
1327.02,0.066934,,,,,,
1329.02,0.06700400000000001,,,,,,
1331.02,0.067064,,,,,,
1333.02,0.06715900000000001,,,,,,
1335.02,0.067214,,,,,,
1336.26,0.067264,,,,,,
1336.26,0.067264,,,,,,
1336.26,0.067264,,,,,,
1336.26,0.067264,,,,,,
1336.32,0.067264,,,,,,
1338.26,0.067295,,,,,,
1340.26,0.067374,,,,,,
1342.26,0.06743400000000001,,,,,,
1344.26,0.06749,,,,,,
1345.90,0.067525,,,,,,
1345.90,0.067526,,,,,,
1347.90,0.06761199999999999,,,,,,
1349.90,0.06769599999999999,,,,,,
1351.90,0.06777999999999999,,,,,,
1353.90,0.06781799999999999,,,,,,
1355.90,0.067913,,,,,,
1357.90,0.067985,,,,,,
1359.90,0.06804400000000001,,,,,,
1361.90,0.06812800000000001,,,,,,
1363.90,0.068198,,,,,,
1365.90,0.068266,,,,,,
1367.90,0.068339,,,,,,
1369.90,0.068424,,,,,,
1371.90,0.06851,,,,,,
1373.90,0.068589,,,,,,
1375.90,0.068662,,,,,,
1377.90,0.068743,,,,,,
1379.90,0.068803,,,,,,
1381.90,0.068879,,,,,,
1383.90,0.06894499999999999,,,,,,
1385.90,0.069034,,,,,,
1387.90,0.069106,,,,,,
1389.90,0.06916699999999999,,,,,,
1391.90,0.06925200000000001,,,,,,
1393.90,0.069323,,,,,,
1395.90,0.0694,,,,,,
1397.91,0.06947199999999999,,,,,,
1399.91,0.069533,,,,,,
1401.91,0.069615,,,,,,
1403.91,0.06969299999999999,,,,,,
1405.91,0.069776,,,,,,
1407.91,0.069856,,,,,,
1409.91,0.06993100000000001,,,,,,
1411.91,0.070001,,,,,,
1413.91,0.070077,,,,,,
1415.91,0.07015500000000001,,,,,,
1417.91,0.070227,,,,,,
1419.91,0.070297,,,,,,
1421.91,0.070386,,,,,,
1423.91,0.070462,,,,,,
1425.91,0.07052800000000001,,,,,,
1427.91,0.070606,,,,,,
1429.91,0.07070800000000001,,,,,,
1431.91,0.070761,,,,,,
1433.91,0.07081,,,,,,
1435.91,0.07090099999999999,,,,,,
1437.91,0.070956,,,,,,
1439.91,0.071023,,,,,,
1441.91,0.071115,,,,,,
1443.91,0.07121000000000001,,,,,,
1445.91,0.071287,,,,,,
1447.91,0.07135799999999999,,,,,,
1449.91,0.071435,,,,,,
1451.91,0.07152,,,,,,
1453.91,0.071593,,,,,,
1455.91,0.071681,,,,,,
1457.91,0.071765,,,,,,
1459.91,0.071841,,,,,,
1461.91,0.071908,,,,,,
1463.91,0.071963,,,,,,
1465.91,0.072013,,,,,,
1467.91,0.072102,,,,,,
1469.91,0.072195,,,,,,
1471.91,0.07227,,,,,,
1473.91,0.07235699999999999,,,,,,
1475.91,0.072434,,,,,,
1477.91,0.072515,,,,,,
1479.91,0.072595,,,,,,
1481.91,0.07267,,,,,,
1483.91,0.072724,,,,,,
1485.91,0.072796,,,,,,
1487.91,0.072866,,,,,,
1489.91,0.072937,,,,,,
1491.91,0.073057,,,,,,
1493.91,0.07311,,,,,,
1495.91,0.073194,,,,,,
1497.91,0.073263,,,,,,
1499.91,0.073347,,,,,,
1501.91,0.073422,,,,,,
1503.91,0.073521,,,,,,
1505.91,0.073584,,,,,,
1506.59,0.073591,,,,,,
1508.59,0.073688,,,,,,
1510.59,0.073741,,,,,,
1512.59,0.073812,,,,,,
1514.59,0.073893,,,,,,
1516.59,0.07397999999999999,,,,,,
1518.59,0.07409099999999999,,,,,,
1520.59,0.074173,,,,,,
1522.59,0.074218,,,,,,
1524.59,0.074308,,,,,,
1526.59,0.074395,,,,,,
1528.59,0.074472,,,,,,
1530.59,0.074543,,,,,,
1532.59,0.074628,,,,,,
1534.59,0.074701,,,,,,
1536.59,0.074776,,,,,,
1538.59,0.07486799999999999,,,,,,
1540.59,0.074944,,,,,,
1542.59,0.075022,,,,,,
1544.59,0.075089,,,,,,
1546.59,0.075158,,,,,,
1548.59,0.075241,,,,,,
1550.59,0.075337,,,,,,
1552.59,0.075411,,,,,,
1554.59,0.075499,,,,,,
1556.59,0.075561,,,,,,
1558.59,0.075632,,,,,,
1560.59,0.07571,,,,,,
1562.59,0.07578299999999999,,,,,,
1564.59,0.075858,,,,,,
1566.59,0.075935,,,,,,
1568.59,0.07600900000000001,,,,,,
1570.59,0.076084,,,,,,
1572.59,0.076148,,,,,,
1574.59,0.07624500000000001,,,,,,
1576.59,0.076331,,,,,,
1578.59,0.076405,,,,,,
1580.59,0.076485,,,,,,
1582.59,0.076569,,,,,,
1584.59,0.07662200000000001,,,,,,
1586.59,0.076722,,,,,,
1588.59,0.076792,,,,,,
1590.59,0.076852,,,,,,
1592.59,0.076945,,,,,,
1594.59,0.077019,,,,,,
1596.59,0.077104,,,,,,
1598.59,0.077181,,,,,,
1600.59,0.077268,,,,,,
1602.59,0.07735299999999999,,,,,,
1604.59,0.077413,,,,,,
1606.59,0.077503,,,,,,
1608.59,0.077578,,,,,,
1610.59,0.077638,,,,,,
1612.59,0.077733,,,,,,
1614.59,0.077823,,,,,,
1616.59,0.077893,,,,,,
1618.59,0.077973,,,,,,
1620.59,0.078043,,,,,,
1622.59,0.078143,,,,,,
1624.59,0.078223,,,,,,
1626.59,0.078308,,,,,,
1628.59,0.078378,,,,,,
1630.59,0.078453,,,,,,
1632.59,0.078533,,,,,,
1634.59,0.07860299999999999,,,,,,
1636.59,0.07868800000000001,,,,,,
1638.59,0.078793,,,,,,
1640.59,0.078853,,,,,,
1642.59,0.078938,,,,,,
1644.59,0.07900800000000001,,,,,,
1646.59,0.079103,,,,,,
1648.59,0.079178,,,,,,
1650.59,0.079253,,,,,,
1652.59,0.07932299999999999,,,,,,
1654.59,0.079398,,,,,,
1656.59,0.079478,,,,,,
1658.59,0.079568,,,,,,
1660.59,0.07963300000000001,,,,,,
1662.59,0.079713,,,,,,
1664.59,0.079803,,,,,,
1666.59,0.079868,,,,,,
1668.59,0.079943,,,,,,
1670.59,0.080023,,,,,,
1672.59,0.080098,,,,,,
1674.59,0.08017300000000001,,,,,,
1676.59,0.08025299999999999,,,,,,
1678.59,0.080328,,,,,,
1680.59,0.080403,,,,,,
1682.59,0.08047800000000001,,,,,,
1684.59,0.080578,,,,,,
1686.59,0.080648,,,,,,
1688.59,0.080723,,,,,,
1690.60,0.08079800000000001,,,,,,
1692.60,0.08087300000000001,,,,,,
1694.60,0.080958,,,,,,
1696.60,0.08103300000000001,,,,,,
1698.60,0.081128,,,,,,
1700.60,0.08119300000000002,,,,,,
1702.60,0.08126799999999999,,,,,,
1704.60,0.081348,,,,,,
1706.60,0.081403,,,,,,
1708.60,0.081493,,,,,,
1710.60,0.081588,,,,,,
1712.60,0.081648,,,,,,
1714.60,0.081723,,,,,,
1716.60,0.08178800000000001,,,,,,
1718.60,0.081883,,,,,,
1720.60,0.081973,,,,,,
1722.60,0.082043,,,,,,
1724.60,0.082118,,,,,,
1726.60,0.082193,,,,,,
1728.60,0.082273,,,,,,
1730.60,0.08235300000000001,,,,,,
1732.60,0.082453,,,,,,
1734.60,0.082538,,,,,,
1736.60,0.082608,,,,,,
1738.60,0.082683,,,,,,
1740.60,0.082758,,,,,,
1742.60,0.082838,,,,,,
1744.60,0.082928,,,,,,
1746.60,0.08299799999999999,,,,,,
1748.60,0.083073,,,,,,
1750.60,0.083148,,,,,,
1752.60,0.08322800000000001,,,,,,
1754.60,0.08330299999999999,,,,,,
1756.60,0.083383,,,,,,
1758.60,0.083468,,,,,,
1760.60,0.083543,,,,,,
1762.60,0.08362299999999999,,,,,,
1764.60,0.083698,,,,,,
1766.60,0.083778,,,,,,
1768.60,0.083858,,,,,,
1770.60,0.08392799999999999,,,,,,
1772.60,0.084008,,,,,,
1774.60,0.084078,,,,,,
1776.60,0.084168,,,,,,
1778.60,0.084238,,,,,,
1780.60,0.084313,,,,,,
1782.60,0.084393,,,,,,
1784.60,0.084468,,,,,,
1786.60,0.084543,,,,,,
1788.60,0.084628,,,,,,
1790.60,0.084698,,,,,,
1792.60,0.08479300000000001,,,,,,
1794.60,0.08485799999999999,,,,,,
1796.60,0.084928,,,,,,
1798.60,0.085003,,,,,,
1800.60,0.08509800000000001,,,,,,
1802.60,0.08517799999999999,,,,,,
1804.60,0.085258,,,,,,
1806.60,0.085343,,,,,,
1808.60,0.085428,,,,,,
1810.60,0.085503,,,,,,
1812.60,0.085588,,,,,,
1814.60,0.085673,,,,,,
1816.60,0.08576299999999999,,,,,,
1818.60,0.08583299999999999,,,,,,
1820.60,0.085878,,,,,,
1822.60,0.085953,,,,,,
1824.60,0.08605800000000001,,,,,,
1826.60,0.08613799999999999,,,,,,
1828.60,0.086213,,,,,,
1830.60,0.08629300000000001,,,,,,
1832.60,0.08638299999999999,,,,,,
1834.60,0.086448,,,,,,
1836.60,0.086543,,,,,,
1838.60,0.086618,,,,,,
1840.60,0.08670299999999999,,,,,,
1842.60,0.08676299999999999,,,,,,
1844.60,0.086853,,,,,,
1846.60,0.08694800000000001,,,,,,
1848.60,0.08700799999999999,,,,,,
1850.60,0.087078,,,,,,
1852.60,0.087158,,,,,,
1854.60,0.08723800000000001,,,,,,
1856.60,0.087323,,,,,,
1858.60,0.087413,,,,,,
1860.60,0.087468,,,,,,
1862.60,0.08757300000000001,,,,,,
1864.60,0.08764799999999999,,,,,,
1866.60,0.087723,,,,,,
1868.60,0.08781800000000001,,,,,,
1870.60,0.08789799999999999,,,,,,
1872.60,0.08796799999999999,,,,,,
1872.76,0.087973,,,,,,
1874.76,0.088053,,,,,,
1876.76,0.088143,,,,,,
1878.76,0.08822800000000001,,,,,,
1880.76,0.088283,,,,,,
1882.76,0.088353,,,,,,
1884.76,0.088468,,,,,,
1886.76,0.08853799999999999,,,,,,
1888.76,0.088633,,,,,,
1890.76,0.088698,,,,,,
1892.76,0.088773,,,,,,
1894.76,0.08885799999999999,,,,,,
1896.76,0.088948,,,,,,
1898.76,0.089028,,,,,,
1900.76,0.089108,,,,,,
1902.76,0.08918799999999999,,,,,,
1904.76,0.089268,,,,,,
1906.76,0.089368,,,,,,
1908.76,0.089443,,,,,,
1910.76,0.089533,,,,,,
1912.76,0.08960800000000001,,,,,,
1914.76,0.089683,,,,,,
1916.76,0.089763,,,,,,
1918.76,0.089848,,,,,,
1920.76,0.08992800000000001,,,,,,
1922.76,0.090003,,,,,,
1924.76,0.09009299999999999,,,,,,
1926.76,0.090178,,,,,,
1928.76,0.090243,,,,,,
1930.76,0.09033799999999999,,,,,,
1932.76,0.090408,,,,,,
1934.76,0.090503,,,,,,
1936.76,0.090613,,,,,,
1938.06,0.09065799999999999,,,,,,
1940.06,0.090728,,,,,,
1942.06,0.090803,,,,,,
1944.06,0.090883,,,,,,
1945.84,0.090938,,,,,,
1947.84,0.091028,,,,,,
1949.84,0.091123,,,,,,
1951.84,0.091188,,,,,,
1953.84,0.09127800000000001,,,,,,
1955.84,0.091348,,,,,,
1957.84,0.091428,,,,,,
1959.84,0.091508,,,,,,
1961.84,0.09158799999999999,,,,,,
1963.84,0.091678,,,,,,
1965.84,0.091768,,,,,,
1967.84,0.091813,,,,,,
1969.84,0.091918,,,,,,
1971.84,0.09199299999999999,,,,,,
1973.84,0.092088,,,,,,
1975.84,0.092158,,,,,,
1977.84,0.09224299999999999,,,,,,
1979.84,0.092318,,,,,,
1981.84,0.092418,,,,,,
1983.84,0.09251300000000001,,,,,,
1985.84,0.092598,,,,,,
1986.65,0.092608,,,,,,
1988.65,0.092678,,,,,,
1990.65,0.09277799999999999,,,,,,
1991.92,0.09281299999999999,,,,,,
1993.92,0.092908,,,,,,
1995.92,0.092983,,,,,,
1997.92,0.09305300000000001,,,,,,
1999.92,0.093138,,,,,,
2001.92,0.093238,,,,,,
2003.92,0.093323,,,,,,
2005.92,0.09341300000000001,,,,,,
2007.92,0.093498,,,,,,
2009.92,0.09354799999999999,,,,,,
2011.92,0.093618,,,,,,
2013.92,0.093698,,,,,,
2015.92,0.093788,,,,,,
2017.92,0.093863,,,,,,
2019.92,0.09395300000000001,,,,,,
2021.92,0.09402799999999999,,,,,,
2023.92,0.094128,,,,,,
2025.92,0.094198,,,,,,
2027.92,0.09427300000000001,,,,,,
2029.92,0.09434799999999999,,,,,,
2031.92,0.094438,,,,,,
2033.92,0.094523,,,,,,
2035.92,0.09461800000000001,,,,,,
2037.92,0.09469799999999999,,,,,,
2039.92,0.094778,,,,,,
2041.92,0.094853,,,,,,
2043.92,0.09492800000000001,,,,,,
2045.92,0.095023,,,,,,
2047.92,0.095098,,,,,,
2049.92,0.09518800000000001,,,,,,
2051.92,0.09526300000000001,,,,,,
2053.92,0.095348,,,,,,
2055.92,0.095428,,,,,,
2057.92,0.09550800000000001,,,,,,
2059.92,0.09559799999999999,,,,,,
2061.92,0.095663,,,,,,
2063.92,0.095763,,,,,,
2065.92,0.09582800000000001,,,,,,
2067.92,0.095913,,,,,,
2069.92,0.096003,,,,,,
2071.92,0.096068,,,,,,
2073.92,0.09614800000000001,,,,,,
2075.92,0.096233,,,,,,
2077.92,0.096308,,,,,,
2079.92,0.096383,,,,,,
2081.92,0.09648799999999999,,,,,,
2083.92,0.096563,,,,,,
2085.92,0.096648,,,,,,
2087.92,0.09672800000000001,,,,,,
2089.92,0.096798,,,,,,
2091.92,0.096888,,,,,,
2093.92,0.096983,,,,,,
2095.92,0.097053,,,,,,
2097.92,0.097138,,,,,,
2099.92,0.097218,,,,,,
2101.92,0.097293,,,,,,
2103.92,0.09738799999999999,,,,,,
2105.92,0.097483,,,,,,
2107.92,0.097633,,,,,,
2109.92,0.09768800000000001,,,,,,
2111.22,0.097728,,,,,,
2113.22,0.09780799999999999,,,,,,
2114.23,0.097848,,,,,,
2116.23,0.097923,,,,,,
2118.23,0.09800800000000001,,,,,,
2120.23,0.098078,,,,,,
2122.23,0.098158,,,,,,
2124.23,0.098238,,,,,,
2126.23,0.09833299999999999,,,,,,
2128.23,0.098423,,,,,,
2130.23,0.09850300000000001,,,,,,
2130.42,0.09850300000000001,,,,,,
2132.42,0.09858800000000001,,,,,,
2134.42,0.09868299999999999,,,,,,
2135.19,0.098698,,,,,,
2137.19,0.098778,,,,,,
2139.19,0.098873,,,,,,
2141.19,0.09895300000000001,,,,,,
2143.19,0.099033,,,,,,
2145.19,0.099118,,,,,,
2147.19,0.09921799999999999,,,,,,
2149.19,0.09929299999999999,,,,,,
2151.19,0.099378,,,,,,
2153.09,0.09946300000000001,,,,,,
2155.09,0.09955299999999999,,,,,,
2157.09,0.099623,,,,,,
2158.61,0.099683,,,,,,
2160.61,0.099793,,,,,,
2161.98,0.099833,,,,,,
2163.98,0.099913,,,,,,
2165.98,0.100018,,,,,,
2167.98,0.10010300000000001,,,,,,
2169.98,0.100168,,,,,,
2171.98,0.100253,,,,,,
2173.98,0.100333,,,,,,
2175.98,0.10043300000000001,,,,,,
2176.40,0.100443,,,,,,
2178.40,0.10051299999999999,,,,,,
2178.71,0.100538,,,,,,
2180.71,0.100643,,,,,,
2182.71,0.10074299999999999,,,,,,
2183.87,0.10078300000000001,,,,,,
2185.87,0.100848,,,,,,
2187.87,0.100928,,,,,,
2189.87,0.101013,,,,,,
2191.87,0.10108299999999999,,,,,,
2193.87,0.101173,,,,,,
2195.87,0.101253,,,,,,
2197.87,0.10135300000000001,,,,,,
2199.87,0.10144299999999999,,,,,,
2201.87,0.101523,,,,,,
2203.87,0.101608,,,,,,
2205.88,0.10169299999999999,,,,,,
2207.88,0.101788,,,,,,
2209.88,0.101863,,,,,,
2211.88,0.101943,,,,,,
2213.88,0.10203799999999999,,,,,,
2215.88,0.102113,,,,,,
2217.88,0.102193,,,,,,
2219.88,0.10227800000000001,,,,,,
2221.88,0.102363,,,,,,
2223.88,0.102438,,,,,,
2225.88,0.102533,,,,,,
2227.88,0.10262299999999999,,,,,,
2229.88,0.102698,,,,,,
2231.88,0.102793,,,,,,
2233.88,0.102868,,,,,,
2235.88,0.102948,,,,,,
2237.88,0.103033,,,,,,
2239.88,0.103113,,,,,,
2241.88,0.10320299999999999,,,,,,
2243.88,0.103283,,,,,,
2245.88,0.103368,,,,,,
2247.88,0.103448,,,,,,
2249.88,0.10353300000000001,,,,,,
2251.88,0.10360799999999999,,,,,,
2253.88,0.103698,,,,,,
2255.88,0.10377800000000001,,,,,,
2257.88,0.103863,,,,,,
2259.88,0.103948,,,,,,
2261.88,0.104033,,,,,,
2263.88,0.104108,,,,,,
2265.88,0.104208,,,,,,
2267.88,0.104283,,,,,,
2269.88,0.10440300000000001,,,,,,
2271.88,0.10449299999999999,,,,,,
2273.88,0.104603,,,,,,
2275.88,0.10469300000000001,,,,,,
2277.88,0.10474299999999999,,,,,,
2279.88,0.10482799999999999,,,,,,
2281.88,0.104898,,,,,,
2283.88,0.105003,,,,,,
2285.88,0.10509299999999999,,,,,,
2287.88,0.105173,,,,,,
2289.88,0.10524800000000001,,,,,,
2291.88,0.10535800000000001,,,,,,
2293.88,0.10543799999999999,,,,,,
2295.88,0.105538,,,,,,
2297.88,0.105603,,,,,,
2299.88,0.10568300000000001,,,,,,
2301.88,0.105778,,,,,,
2303.88,0.10587300000000001,,,,,,
2305.88,0.105968,,,,,,
2307.88,0.106053,,,,,,
2309.88,0.106138,,,,,,
2311.88,0.106213,,,,,,
2313.88,0.106303,,,,,,
2315.88,0.106378,,,,,,
2317.88,0.10648300000000001,,,,,,
2319.88,0.10657299999999999,,,,,,
2321.24,0.106628,,,,,,
2323.39,0.106743,,,,,,
2323.39,0.106743,,,,,,
2325.39,0.10681800000000001,,,,,,
2327.39,0.10689299999999999,,,,,,
2329.39,0.106978,,,,,,
2331.39,0.107073,,,,,,
2333.39,0.107158,,,,,,
2335.39,0.107248,,,,,,
2337.39,0.107333,,,,,,
2339.39,0.10742800000000001,,,,,,
2341.39,0.107523,,,,,,
2343.39,0.107613,,,,,,
2344.76,0.107683,,,,,,
2346.76,0.107758,,,,,,
2348.76,0.107843,,,,,,
2350.76,0.107928,,,,,,
2352.76,0.10802300000000001,,,,,,
2354.76,0.10811799999999999,,,,,,
2356.76,0.108208,,,,,,
2358.76,0.108298,,,,,,
2360.76,0.10838300000000001,,,,,,
2362.76,0.10846299999999999,,,,,,
2364.76,0.108543,,,,,,
2366.76,0.108658,,,,,,
2368.76,0.108758,,,,,,
2370.76,0.108848,,,,,,
2372.76,0.108933,,,,,,
2374.76,0.10901300000000001,,,,,,
2376.76,0.109098,,,,,,
2378.76,0.109178,,,,,,
2380.76,0.10927300000000001,,,,,,
2382.76,0.10937799999999999,,,,,,
2384.76,0.109458,,,,,,
2386.76,0.109543,,,,,,
2388.76,0.10963300000000001,,,,,,
2390.76,0.109733,,,,,,
2392.76,0.109818,,,,,,
2394.76,0.109908,,,,,,
2396.76,0.109998,,,,,,
2398.76,0.110083,,,,,,
2400.76,0.11018800000000001,,,,,,
2402.76,0.11027300000000001,,,,,,
2404.76,0.110368,,,,,,
2406.76,0.110453,,,,,,
2408.76,0.11052300000000001,,,,,,
2410.76,0.110623,,,,,,
2412.76,0.110723,,,,,,
2414.76,0.11081300000000001,,,,,,
2416.76,0.11090299999999999,,,,,,
2418.76,0.110988,,,,,,
2420.76,0.111093,,,,,,
2422.76,0.11117300000000001,,,,,,
2424.76,0.11125299999999999,,,,,,
2426.76,0.111348,,,,,,
2428.76,0.111433,,,,,,
2430.76,0.111538,,,,,,
2432.76,0.111623,,,,,,
2434.76,0.111708,,,,,,
2436.76,0.11179800000000001,,,,,,
2438.76,0.11189299999999999,,,,,,
2440.76,0.111993,,,,,,
2442.76,0.11208299999999999,,,,,,
2444.76,0.11213800000000002,,,,,,
2446.76,0.112258,,,,,,
2448.76,0.112333,,,,,,
2450.76,0.11241300000000001,,,,,,
2452.76,0.11250299999999999,,,,,,
2454.76,0.11258800000000001,,,,,,
2456.76,0.112678,,,,,,
2458.76,0.112788,,,,,,
2460.76,0.112883,,,,,,
2462.76,0.112968,,,,,,
2464.76,0.11307299999999999,,,,,,
2466.76,0.113163,,,,,,
2468.76,0.113253,,,,,,
2470.76,0.11334300000000001,,,,,,
2472.76,0.113428,,,,,,
2474.76,0.113523,,,,,,
2476.76,0.113613,,,,,,
2478.76,0.113713,,,,,,
2480.76,0.113808,,,,,,
2482.76,0.113898,,,,,,
2484.76,0.113983,,,,,,
2486.76,0.114093,,,,,,
2488.76,0.114183,,,,,,
2489.15,0.114193,,,,,,
2489.15,0.114193,,,,,,
2491.15,0.114323,,,,,,
2493.15,0.114433,,,,,,
2495.15,0.11453300000000001,,,,,,
2497.15,0.114623,,,,,,
2499.15,0.114703,,,,,,
2501.15,0.114793,,,,,,
2503.15,0.11488799999999999,,,,,,
2505.15,0.114978,,,,,,
2507.15,0.115068,,,,,,
2509.15,0.11516799999999999,,,,,,
2511.15,0.115268,,,,,,
2513.15,0.11536300000000001,,,,,,
2515.15,0.115443,,,,,,
2517.15,0.11552799999999999,,,,,,
2519.15,0.115633,,,,,,
2521.15,0.115723,,,,,,
2523.15,0.115813,,,,,,
2525.15,0.11590299999999999,,,,,,
2527.15,0.115998,,,,,,
2529.15,0.11608800000000001,,,,,,
2531.15,0.116183,,,,,,
2533.15,0.116268,,,,,,
2535.15,0.116373,,,,,,
2537.15,0.116468,,,,,,
2539.15,0.116573,,,,,,
2541.15,0.11665800000000001,,,,,,
2543.15,0.116758,,,,,,
2545.15,0.116823,,,,,,
2547.15,0.116923,,,,,,
2549.15,0.11701800000000001,,,,,,
2551.15,0.117118,,,,,,
2553.15,0.117198,,,,,,
2555.15,0.117288,,,,,,
2557.15,0.117383,,,,,,
2559.15,0.117483,,,,,,
2561.15,0.117578,,,,,,
2563.15,0.117673,,,,,,
2565.15,0.117768,,,,,,
2567.15,0.117853,,,,,,
2569.15,0.117958,,,,,,
2571.15,0.118053,,,,,,
2573.15,0.118143,,,,,,
2575.16,0.11822300000000001,,,,,,
2577.16,0.11830299999999999,,,,,,
2579.16,0.118413,,,,,,
2581.16,0.118508,,,,,,
2583.16,0.118603,,,,,,
2585.16,0.118703,,,,,,
2587.16,0.118798,,,,,,
2589.16,0.118888,,,,,,
2591.16,0.118983,,,,,,
2593.16,0.11906800000000001,,,,,,
2595.16,0.11915300000000001,,,,,,
2597.16,0.119258,,,,,,
2599.16,0.119358,,,,,,
2601.16,0.11945299999999999,,,,,,
2603.16,0.11953799999999999,,,,,,
2605.16,0.119653,,,,,,
2607.16,0.11975300000000001,,,,,,
2609.16,0.11984299999999999,,,,,,
2611.16,0.119923,,,,,,
2613.16,0.12002800000000001,,,,,,
2615.16,0.120128,,,,,,
2617.16,0.120223,,,,,,
2619.16,0.120308,,,,,,
2621.16,0.120418,,,,,,
2623.16,0.120508,,,,,,
2625.16,0.120598,,,,,,
2627.16,0.12068300000000001,,,,,,
2629.16,0.120783,,,,,,
2631.16,0.120893,,,,,,
2632.65,0.12097300000000001,,,,,,
2634.65,0.12103799999999999,,,,,,
2636.65,0.121153,,,,,,
2638.65,0.121243,,,,,,
2640.65,0.12136799999999999,,,,,,
2642.65,0.121473,,,,,,
2644.65,0.12156800000000001,,,,,,
2646.65,0.121653,,,,,,
2648.65,0.121748,,,,,,
2650.65,0.121848,,,,,,
2652.65,0.12195299999999999,,,,,,
2654.65,0.122043,,,,,,
2656.65,0.122143,,,,,,
2658.65,0.122233,,,,,,
2660.65,0.122338,,,,,,
2662.65,0.122433,,,,,,
2664.65,0.12251799999999999,,,,,,
2666.04,0.12257799999999999,,,,,,
2668.04,0.122673,,,,,,
2670.04,0.122778,,,,,,
2672.04,0.12285299999999999,,,,,,
2674.04,0.12295299999999999,,,,,,
2676.04,0.12305300000000001,,,,,,
2678.04,0.12315300000000001,,,,,,
2680.04,0.123268,,,,,,
2680.08,0.123273,,,,,,
2682.08,0.123378,,,,,,
2684.08,0.123468,,,,,,
2686.08,0.12356299999999999,,,,,,
2686.54,0.123583,,,,,,
2688.54,0.123688,,,,,,
2689.65,0.12373300000000001,,,,,,
2691.65,0.123838,,,,,,
2693.65,0.12396800000000001,,,,,,
2695.65,0.12405799999999999,,,,,,
2697.65,0.124163,,,,,,
2699.65,0.124268,,,,,,
2701.65,0.12436799999999999,,,,,,
2703.65,0.124478,,,,,,
2705.02,0.124533,,,,,,
2707.02,0.124628,,,,,,
2709.02,0.124733,,,,,,
2711.02,0.124838,,,,,,
2713.02,0.124933,,,,,,
2715.02,0.125038,,,,,,
2717.02,0.12512299999999998,,,,,,
2719.02,0.125203,,,,,,
2721.02,0.125293,,,,,,
2723.02,0.125393,,,,,,
2725.02,0.125503,,,,,,
2727.02,0.125603,,,,,,
2729.02,0.12570800000000001,,,,,,
2731.02,0.125813,,,,,,
2733.02,0.125903,,,,,,
2735.02,0.126008,,,,,,
2737.02,0.126108,,,,,,
2739.02,0.126213,,,,,,
2741.02,0.126308,,,,,,
2743.02,0.126403,,,,,,
2745.02,0.126488,,,,,,
2747.02,0.126578,,,,,,
2749.02,0.126688,,,,,,
2751.02,0.126793,,,,,,
2753.02,0.126898,,,,,,
2755.02,0.127003,,,,,,
2757.02,0.127098,,,,,,
2759.02,0.127198,,,,,,
2761.02,0.127303,,,,,,
2763.02,0.127403,,,,,,
2765.02,0.127508,,,,,,
2767.02,0.127613,,,,,,
2769.02,0.127688,,,,,,
2771.02,0.127793,,,,,,
2773.02,0.127893,,,,,,
2775.02,0.128008,,,,,,
2777.02,0.128113,,,,,,
2777.05,0.128118,,,,,,
2779.05,0.12820299999999998,,,,,,
2781.05,0.128298,,,,,,
2783.05,0.128418,,,,,,
2785.05,0.128513,,,,,,
2787.05,0.128603,,,,,,
2789.05,0.128693,,,,,,
2791.05,0.128798,,,,,,
2793.05,0.12889799999999998,,,,,,
2795.05,0.129008,,,,,,
2797.05,0.129103,,,,,,
2799.05,0.129218,,,,,,
2801.05,0.129333,,,,,,
2803.05,0.129428,,,,,,
2805.05,0.129523,,,,,,
2807.05,0.129638,,,,,,
2809.05,0.12973800000000002,,,,,,
2811.05,0.129843,,,,,,
2813.05,0.129953,,,,,,
2815.05,0.130068,,,,,,
2817.05,0.130168,,,,,,
2819.05,0.13026300000000002,,,,,,
2821.05,0.130388,,,,,,
2823.05,0.130483,,,,,,
2825.05,0.13059300000000001,,,,,,
2827.05,0.130713,,,,,,
2829.05,0.130803,,,,,,
2831.05,0.13089800000000001,,,,,,
2833.05,0.13100799999999999,,,,,,
2835.05,0.131103,,,,,,
2837.05,0.13122299999999998,,,,,,
2839.05,0.131328,,,,,,
2841.05,0.131433,,,,,,
2843.05,0.13153800000000002,,,,,,
2845.05,0.131648,,,,,,
2847.05,0.131768,,,,,,
2849.05,0.131878,,,,,,
2851.05,0.131973,,,,,,
2853.05,0.132078,,,,,,
2855.05,0.132188,,,,,,
2857.05,0.132293,,,,,,
2859.05,0.13239800000000002,,,,,,
2861.05,0.132498,,,,,,
2863.05,0.132633,,,,,,
2865.05,0.132723,,,,,,
2867.05,0.132833,,,,,,
2869.05,0.132928,,,,,,
2871.05,0.13303800000000002,,,,,,
2873.05,0.133158,,,,,,
2875.05,0.133258,,,,,,
2877.05,0.133383,,,,,,
2879.05,0.133488,,,,,,
2881.05,0.133588,,,,,,
2881.28,0.13361800000000001,,,,,,
2881.28,0.13361800000000001,,,,,,
2881.28,0.13361800000000001,,,,,,
2881.28,0.13361800000000001,,,,,,
2881.36,0.13361800000000001,,,,,,
2881.39,0.13361800000000001,,,,,,
2883.28,0.133696,,,,,,
2885.28,0.133794,,,,,,
2887.28,0.133903,,,,,,
2889.28,0.133992,,,,,,
2891.28,0.134092,,,,,,
2893.28,0.13419499999999998,,,,,,
2895.28,0.134304,,,,,,
2897.28,0.134406,,,,,,
2899.28,0.134504,,,,,,
2901.28,0.134628,,,,,,
2903.28,0.134734,,,,,,
2905.28,0.134842,,,,,,
2907.28,0.134956,,,,,,
2909.28,0.135051,,,,,,
2911.28,0.135154,,,,,,
2913.28,0.135234,,,,,,
2915.28,0.135343,,,,,,
2917.28,0.135482,,,,,,
2919.28,0.13557,,,,,,
2921.28,0.135673,,,,,,
2923.28,0.135776,,,,,,
2925.28,0.135885,,,,,,
2927.28,0.135984,,,,,,
2929.28,0.136108,,,,,,
2931.28,0.13623200000000002,,,,,,
2933.28,0.136342,,,,,,
2935.28,0.136458,,,,,,
2937.28,0.136539,,,,,,
2939.28,0.13663999999999998,,,,,,
2941.28,0.13675,,,,,,
2943.28,0.136861,,,,,,
2945.28,0.136995,,,,,,
2947.28,0.1371,,,,,,
2949.28,0.137188,,,,,,
2951.28,0.137298,,,,,,
2953.28,0.137414,,,,,,
2955.28,0.137516,,,,,,
2957.28,0.137629,,,,,,
2959.28,0.13775199999999999,,,,,,
2961.28,0.13785,,,,,,
2963.28,0.137959,,,,,,
2965.28,0.13808299999999998,,,,,,
2967.28,0.138193,,,,,,
2969.28,0.138297,,,,,,
2970.05,0.13833299999999998,,,,,,
2972.05,0.13844599999999999,,,,,,
2974.05,0.13857,,,,,,
2976.05,0.138686,,,,,,
2978.05,0.138787,,,,,,
2980.05,0.138899,,,,,,
2982.05,0.139019,,,,,,
2984.05,0.13913999999999999,,,,,,
2986.05,0.139241,,,,,,
2988.05,0.139354,,,,,,
2990.05,0.139467,,,,,,
2992.05,0.13958399999999999,,,,,,
2992.49,0.139614,,,,,,
2994.49,0.139741,,,,,,
2996.50,0.139849,,,,,,
2998.50,0.139977,,,,,,
3000.50,0.13997400000000002,,,,,,
3002.50,0.140117,,,,,,
3004.50,0.140297,,,,,,
3006.50,0.140435,,,,,,
3008.50,0.140557,,,,,,
3010.50,0.140678,,,,,,
3012.50,0.140786,,,,,,
3014.50,0.140912,,,,,,
3016.50,0.14104,,,,,,
3018.50,0.141165,,,,,,
3020.50,0.141286,,,,,,
3022.50,0.141397,,,,,,
3024.50,0.141516,,,,,,
3026.50,0.141657,,,,,,
3028.50,0.141793,,,,,,
3030.50,0.141923,,,,,,
3032.50,0.142039,,,,,,
3034.50,0.142167,,,,,,
3036.50,0.142291,,,,,,
3038.50,0.14241,,,,,,
3040.50,0.142545,,,,,,
3042.50,0.142667,,,,,,
3044.50,0.142776,,,,,,
3046.50,0.1429,,,,,,
3048.50,0.14303100000000002,,,,,,
3050.50,0.143151,,,,,,
3052.50,0.143268,,,,,,
3054.50,0.143405,,,,,,
3056.50,0.143522,,,,,,
3058.50,0.143643,,,,,,
3060.50,0.14376,,,,,,
3062.50,0.143878,,,,,,
3064.50,0.144023,,,,,,
3066.50,0.14416299999999999,,,,,,
3068.50,0.144278,,,,,,
3070.50,0.144403,,,,,,
3072.50,0.144518,,,,,,
3074.50,0.144643,,,,,,
3076.50,0.144768,,,,,,
3078.50,0.144883,,,,,,
3080.50,0.145008,,,,,,
3082.50,0.145128,,,,,,
3084.50,0.145268,,,,,,
3086.50,0.145388,,,,,,
3088.50,0.145518,,,,,,
3090.50,0.145643,,,,,,
3092.50,0.14577299999999999,,,,,,
3094.50,0.145903,,,,,,
3096.50,0.146028,,,,,,
3098.50,0.146158,,,,,,
3100.50,0.146293,,,,,,
3102.50,0.146418,,,,,,
3104.50,0.146533,,,,,,
3106.50,0.146658,,,,,,
3108.50,0.146778,,,,,,
3110.50,0.146903,,,,,,
3112.50,0.147038,,,,,,
3114.50,0.147168,,,,,,
3116.50,0.147303,,,,,,
3118.50,0.14741300000000002,,,,,,
3120.50,0.14754799999999998,,,,,,
3122.50,0.147673,,,,,,
3124.50,0.14780300000000002,,,,,,
3126.50,0.147933,,,,,,
3128.50,0.148058,,,,,,
3130.50,0.148183,,,,,,
3132.50,0.148308,,,,,,
3134.50,0.148428,,,,,,
3136.50,0.148563,,,,,,
3138.50,0.148698,,,,,,
3140.50,0.148868,,,,,,
3142.50,0.14899800000000002,,,,,,
3144.50,0.149133,,,,,,
3146.50,0.14927300000000002,,,,,,
3148.50,0.149403,,,,,,
3150.50,0.149528,,,,,,
3152.50,0.14965299999999998,,,,,,
3154.50,0.149773,,,,,,
3156.50,0.149918,,,,,,
3158.50,0.150043,,,,,,
3160.50,0.150178,,,,,,
3162.50,0.150313,,,,,,
3164.50,0.150428,,,,,,
3166.50,0.15054299999999998,,,,,,
3168.50,0.150683,,,,,,
3170.50,0.15079800000000002,,,,,,
3172.50,0.15093299999999998,,,,,,
3174.50,0.151058,,,,,,
3176.50,0.15119300000000002,,,,,,
3178.50,0.151328,,,,,,
3180.50,0.15146300000000001,,,,,,
3182.50,0.151608,,,,,,
3184.50,0.151748,,,,,,
3186.50,0.151883,,,,,,
3188.50,0.152023,,,,,,
3190.50,0.152158,,,,,,
3192.50,0.152303,,,,,,
3194.50,0.15243299999999999,,,,,,
3196.50,0.152583,,,,,,
3198.50,0.152728,,,,,,
3200.50,0.152853,,,,,,
3202.50,0.15299300000000002,,,,,,
3204.50,0.153128,,,,,,
3206.50,0.153263,,,,,,
3208.50,0.15340299999999998,,,,,,
3210.50,0.153543,,,,,,
3212.50,0.153688,,,,,,
3214.50,0.153843,,,,,,
3216.50,0.153983,,,,,,
3218.50,0.154123,,,,,,
3220.50,0.15426299999999998,,,,,,
3222.50,0.154408,,,,,,
3224.50,0.154558,,,,,,
3226.50,0.154693,,,,,,
3228.50,0.154838,,,,,,
3230.50,0.154983,,,,,,
3232.50,0.155133,,,,,,
3234.50,0.155278,,,,,,
3236.50,0.155413,,,,,,
3238.50,0.155553,,,,,,
3240.50,0.155703,,,,,,
3242.50,0.155858,,,,,,
3244.50,0.155998,,,,,,
3246.50,0.156138,,,,,,
3248.50,0.156288,,,,,,
3250.50,0.15642799999999998,,,,,,
3252.50,0.156588,,,,,,
3254.50,0.156728,,,,,,
3256.50,0.156868,,,,,,
3258.50,0.157023,,,,,,
3260.50,0.157173,,,,,,
3262.50,0.157323,,,,,,
3264.50,0.157468,,,,,,
3266.50,0.157628,,,,,,
3268.50,0.157768,,,,,,
3270.50,0.157918,,,,,,
3272.50,0.158073,,,,,,
3274.50,0.158218,,,,,,
3276.50,0.158373,,,,,,
3278.50,0.158533,,,,,,
3280.50,0.158683,,,,,,
3281.80,0.158783,,,,,,
3283.80,0.158943,,,,,,
3285.80,0.159083,,,,,,
3287.80,0.159243,,,,,,
3289.80,0.159383,,,,,,
3291.80,0.159543,,,,,,
3293.80,0.159703,,,,,,
3295.80,0.159853,,,,,,
3297.80,0.16001300000000002,,,,,,
3299.80,0.160158,,,,,,
3301.80,0.160308,,,,,,
3303.80,0.16048300000000001,,,,,,
3305.80,0.160638,,,,,,
3307.80,0.160803,,,,,,
3309.80,0.16095800000000002,,,,,,
3311.80,0.161133,,,,,,
3313.80,0.161288,,,,,,
3315.80,0.161443,,,,,,
3317.80,0.161603,,,,,,
3319.80,0.16176300000000002,,,,,,
3321.80,0.16192299999999998,,,,,,
3323.80,0.162078,,,,,,
3325.80,0.162233,,,,,,
3327.80,0.162388,,,,,,
3329.80,0.162548,,,,,,
3331.80,0.162718,,,,,,
3333.80,0.162878,,,,,,
3335.80,0.163053,,,,,,
3337.80,0.163203,,,,,,
3339.80,0.16337800000000002,,,,,,
3341.80,0.163543,,,,,,
3343.80,0.16370300000000002,,,,,,
3345.80,0.163878,,,,,,
3347.80,0.16405799999999998,,,,,,
3349.80,0.164223,,,,,,
3351.80,0.164403,,,,,,
3353.80,0.16456800000000002,,,,,,
3355.80,0.164738,,,,,,
3357.80,0.164918,,,,,,
3359.80,0.165103,,,,,,
3361.80,0.16526800000000003,,,,,,
3363.80,0.165443,,,,,,
3365.80,0.16561800000000002,,,,,,
3367.80,0.165803,,,,,,
3369.80,0.165973,,,,,,
3371.80,0.16615300000000002,,,,,,
3373.80,0.166328,,,,,,
3375.80,0.166508,,,,,,
3377.80,0.166693,,,,,,
3379.80,0.166888,,,,,,
3381.80,0.167058,,,,,,
3383.80,0.167238,,,,,,
3385.80,0.167418,,,,,,
3387.80,0.16758800000000001,,,,,,
3389.80,0.167793,,,,,,
3391.80,0.167973,,,,,,
3393.80,0.168153,,,,,,
3395.80,0.168333,,,,,,
3397.80,0.16852799999999998,,,,,,
3399.80,0.168733,,,,,,
3401.80,0.168923,,,,,,
3403.80,0.16910799999999998,,,,,,
3405.80,0.169298,,,,,,
3407.80,0.169493,,,,,,
3409.80,0.169693,,,,,,
3411.80,0.16988299999999998,,,,,,
3413.80,0.170073,,,,,,
3415.80,0.17027799999999998,,,,,,
3417.80,0.170468,,,,,,
3419.80,0.17066299999999998,,,,,,
3421.80,0.170868,,,,,,
3423.80,0.171058,,,,,,
3425.80,0.171273,,,,,,
3427.80,0.171488,,,,,,
3429.80,0.171698,,,,,,
3431.80,0.171903,,,,,,
3433.80,0.17210799999999998,,,,,,
3435.80,0.17232299999999998,,,,,,
3437.80,0.17253799999999997,,,,,,
3439.80,0.17274799999999998,,,,,,
3441.80,0.172958,,,,,,
3443.80,0.173173,,,,,,
3445.80,0.173388,,,,,,
3447.80,0.173618,,,,,,
3449.80,0.173843,,,,,,
3451.80,0.17408300000000002,,,,,,
3453.80,0.17430800000000002,,,,,,
3455.80,0.174543,,,,,,
3457.80,0.17478300000000002,,,,,,
3459.80,0.17500800000000002,,,,,,
3461.80,0.17521799999999998,,,,,,
3463.80,0.175453,,,,,,
3465.80,0.17565799999999998,,,,,,
3467.80,0.175883,,,,,,
3469.80,0.17610800000000001,,,,,,
3471.80,0.17634799999999998,,,,,,
3473.80,0.176578,,,,,,
3475.80,0.176833,,,,,,
3477.80,0.177063,,,,,,
3479.80,0.177298,,,,,,
3481.80,0.17753799999999997,,,,,,
3483.80,0.177778,,,,,,
3485.80,0.178023,,,,,,
3487.80,0.17826799999999998,,,,,,
3489.80,0.178523,,,,,,
3491.80,0.17877300000000002,,,,,,
3493.80,0.17902300000000002,,,,,,
3495.80,0.179283,,,,,,
3497.80,0.179538,,,,,,
3499.80,0.179803,,,,,,
3501.80,0.18006799999999998,,,,,,
3503.80,0.18035299999999999,,,,,,
3505.80,0.18062799999999998,,,,,,
3507.80,0.180898,,,,,,
3509.80,0.181173,,,,,,
3511.80,0.181463,,,,,,
3513.80,0.181738,,,,,,
3515.80,0.182043,,,,,,
3517.80,0.182343,,,,,,
3517.80,0.182343,,,,,,
3519.11,0.182543,,,,,,
3519.80,0.18265699999999999,,,,,,
3521.80,0.18293700000000002,,,,,,
3523.80,0.183199,,,,,,
3525.80,0.18347000000000002,,,,,,
3527.80,0.183731,,,,,,
3529.80,0.18398299999999998,,,,,,
3531.80,0.184235,,,,,,
3533.80,0.184495,,,,,,
3535.80,0.184754,,,,,,
3537.80,0.185017,,,,,,
3539.80,0.185259,,,,,,
3541.80,0.185502,,,,,,
3543.80,0.185752,,,,,,
3545.80,0.186003,,,,,,
3547.80,0.18624300000000002,,,,,,
3549.80,0.186494,,,,,,
3551.80,0.186762,,,,,,
3553.80,0.187008,,,,,,
3555.80,0.187286,,,,,,
3557.80,0.18755,,,,,,
3559.80,0.18783000000000002,,,,,,
3561.80,0.188088,,,,,,
3563.80,0.188363,,,,,,
3565.80,0.188604,,,,,,
3567.81,0.188867,,,,,,
3569.81,0.189147,,,,,,
3571.81,0.189416,,,,,,
3573.81,0.189693,,,,,,
3575.81,0.189967,,,,,,
3577.81,0.190242,,,,,,
3579.81,0.19050899999999998,,,,,,
3581.81,0.190803,,,,,,
3583.81,0.191099,,,,,,
3585.81,0.19139199999999998,,,,,,
3587.81,0.191681,,,,,,
3589.81,0.19195900000000002,,,,,,
3591.81,0.192273,,,,,,
3593.81,0.19257200000000002,,,,,,
3595.81,0.192867,,,,,,
3597.81,0.19314699999999999,,,,,,
3599.81,0.193432,,,,,,
3601.81,0.19374199999999997,,,,,,
3603.81,0.194052,,,,,,
3605.81,0.19435199999999997,,,,,,
3607.81,0.194652,,,,,,
3609.81,0.19495200000000001,,,,,,
3609.97,0.19497699999999998,,,,,,
3611.97,0.19528199999999998,,,,,,
3613.97,0.195582,,,,,,
3615.97,0.19589700000000002,,,,,,
3617.97,0.196207,,,,,,
3619.97,0.19650700000000001,,,,,,
3621.97,0.19684200000000002,,,,,,
3623.97,0.197152,,,,,,
3625.97,0.19747699999999999,,,,,,
3627.97,0.19777699999999998,,,,,,
3629.97,0.19809200000000002,,,,,,
3631.97,0.19840699999999997,,,,,,
3633.97,0.19874199999999997,,,,,,
3635.97,0.199067,,,,,,
3637.97,0.19938199999999998,,,,,,
3639.97,0.19971699999999998,,,,,,
3641.97,0.200032,,,,,,
3643.97,0.200372,,,,,,
3645.97,0.200702,,,,,,
3647.97,0.201037,,,,,,
3649.97,0.20136700000000002,,,,,,
3651.97,0.20170200000000002,,,,,,
3653.97,0.20203700000000002,,,,,,
3655.97,0.20238199999999998,,,,,,
3657.97,0.202722,,,,,,
3659.97,0.20307200000000003,,,,,,
3661.97,0.20340699999999998,,,,,,
3663.97,0.20374199999999998,,,,,,
3665.97,0.204097,,,,,,
3667.97,0.20444700000000002,,,,,,
3669.97,0.204802,,,,,,
3671.97,0.20515699999999998,,,,,,
3673.97,0.205532,,,,,,
3675.97,0.205912,,,,,,
3677.97,0.20627199999999998,,,,,,
3679.97,0.206627,,,,,,
3681.76,0.206967,,,,,,
3683.76,0.207347,,,,,,
3685.76,0.20772200000000002,,,,,,
3687.76,0.208097,,,,,,
3689.76,0.208487,,,,,,
3691.76,0.208862,,,,,,
3693.76,0.209257,,,,,,
3695.76,0.20966200000000002,,,,,,
3697.76,0.21005700000000002,,,,,,
3699.76,0.21046199999999998,,,,,,
3701.76,0.210867,,,,,,
3703.76,0.211272,,,,,,
3705.76,0.211702,,,,,,
3707.76,0.212122,,,,,,
3709.76,0.21254699999999999,,,,,,
3711.76,0.21299700000000002,,,,,,
3713.76,0.21342199999999997,,,,,,
3715.76,0.21387699999999998,,,,,,
3717.76,0.214332,,,,,,
3719.76,0.21479199999999998,,,,,,
3721.76,0.21526700000000001,,,,,,
3723.76,0.215732,,,,,,
3725.76,0.21620699999999998,,,,,,
3727.76,0.21668700000000002,,,,,,
3729.76,0.217167,,,,,,
3731.76,0.217657,,,,,,
3733.76,0.218142,,,,,,
3735.76,0.21860700000000002,,,,,,
3737.76,0.219087,,,,,,
3739.76,0.219547,,,,,,
3741.76,0.219997,,,,,,
3743.76,0.220462,,,,,,
3745.76,0.22092199999999998,,,,,,
3747.76,0.221377,,,,,,
3749.76,0.221857,,,,,,
3751.76,0.22233699999999998,,,,,,
3753.76,0.222837,,,,,,
3755.76,0.223322,,,,,,
3757.76,0.22382200000000002,,,,,,
3759.76,0.22432200000000002,,,,,,
3761.76,0.22484200000000001,,,,,,
3763.76,0.22536699999999998,,,,,,
3765.76,0.225912,,,,,,
3767.76,0.226462,,,,,,
3769.76,0.22700700000000001,,,,,,
3771.76,0.227592,,,,,,
3773.76,0.228187,,,,,,
3775.76,0.22880199999999998,,,,,,
3777.76,0.229457,,,,,,
3779.76,0.23020700000000002,,,,,,
3781.76,0.231287,,,,,,
