time,strain,temperature,stress,type,title,youngs,poissons
0.0,0.0,900.0,28.0,creep,G45,149000.0,0.3
0.0,0.0,,,,,,
0.0,-0.0,,,,,,
0.0,0.0,,,,,,
0.0,-0.0,,,,,,
0.0,-0.0,,,,,,
0.0,-0.0,,,,,,
0.0,-0.0,,,,,,
0.0,0.0,,,,,,
0.0,1e-06,,,,,,
0.0,1e-06,,,,,,
0.0,1e-06,,,,,,
0.0,1e-06,,,,,,
0.0,1e-06,,,,,,
0.0,2e-06,,,,,,
36.0,2e-06,,,,,,
36.0,2.9999999999999997e-06,,,,,,
36.0,2e-06,,,,,,
36.0,2e-06,,,,,,
36.0,2e-06,,,,,,
36.0,2e-06,,,,,,
36.0,1e-06,,,,,,
36.0,2e-06,,,,,,
36.0,2e-06,,,,,,
36.0,2e-06,,,,,,
36.0,2e-06,,,,,,
36.0,1e-06,,,,,,
36.0,1e-06,,,,,,
36.0,0.0,,,,,,
36.0,1e-06,,,,,,
36.0,2.9999999999999997e-06,,,,,,
36.0,4e-06,,,,,,
36.0,8e-06,,,,,,
36.0,3.4e-05,,,,,,
36.0,3.6e-05,,,,,,
36.0,4.7000000000000004e-05,,,,,,
36.0,4.7000000000000004e-05,,,,,,
36.0,4.6e-05,,,,,,
36.0,5.3e-05,,,,,,
36.0,5.6e-05,,,,,,
36.0,5.9e-05,,,,,,
72.0,6.1000000000000005e-05,,,,,,
72.0,6.2e-05,,,,,,
72.0,6.4e-05,,,,,,
72.0,6.4e-05,,,,,,
72.0,6.4e-05,,,,,,
72.0,6.4e-05,,,,,,
72.0,6.4e-05,,,,,,
72.0,6.3e-05,,,,,,
72.0,6.4e-05,,,,,,
72.0,6.4e-05,,,,,,
72.0,6.5e-05,,,,,,
72.0,6.6e-05,,,,,,
72.0,6.3e-05,,,,,,
72.0,6.4e-05,,,,,,
72.0,6.3e-05,,,,,,
72.0,6.4e-05,,,,,,
72.0,6.4e-05,,,,,,
72.0,6.3e-05,,,,,,
72.0,6.3e-05,,,,,,
72.0,6.4e-05,,,,,,
72.0,6.5e-05,,,,,,
72.0,6.8e-05,,,,,,
72.0,7.1e-05,,,,,,
72.0,7.400000000000001e-05,,,,,,
72.0,7.400000000000001e-05,,,,,,
72.0,7.400000000000001e-05,,,,,,
108.0,7.400000000000001e-05,,,,,,
108.0,7.3e-05,,,,,,
108.0,7.3e-05,,,,,,
108.0,7.3e-05,,,,,,
108.0,7.3e-05,,,,,,
108.0,7.3e-05,,,,,,
108.0,7.2e-05,,,,,,
108.0,7.2e-05,,,,,,
108.0,7.1e-05,,,,,,
108.0,7.1e-05,,,,,,
108.0,7.1e-05,,,,,,
108.0,7.1e-05,,,,,,
108.0,7.1e-05,,,,,,
108.0,7.1e-05,,,,,,
108.0,7.1e-05,,,,,,
108.0,7.000000000000001e-05,,,,,,
108.0,7.000000000000001e-05,,,,,,
108.0,6.9e-05,,,,,,
108.0,6.9e-05,,,,,,
108.0,6.9e-05,,,,,,
108.0,6.8e-05,,,,,,
108.0,6.8e-05,,,,,,
108.0,6.8e-05,,,,,,
108.0,6.8e-05,,,,,,
108.0,6.8e-05,,,,,,
108.0,6.7e-05,,,,,,
108.0,6.7e-05,,,,,,
144.0,6.8e-05,,,,,,
144.0,6.9e-05,,,,,,
144.0,7.1e-05,,,,,,
144.0,7.000000000000001e-05,,,,,,
144.0,7.1e-05,,,,,,
144.0,7.1e-05,,,,,,
144.0,7.2e-05,,,,,,
144.0,7.1e-05,,,,,,
144.0,7.2e-05,,,,,,
144.0,7.2e-05,,,,,,
144.0,8.099999999999999e-05,,,,,,
144.0,8.2e-05,,,,,,
144.0,8.3e-05,,,,,,
144.0,8.2e-05,,,,,,
144.0,8.2e-05,,,,,,
144.0,8.2e-05,,,,,,
144.0,8.2e-05,,,,,,
144.0,8.3e-05,,,,,,
144.0,8.4e-05,,,,,,
144.0,8.4e-05,,,,,,
144.0,8.4e-05,,,,,,
144.0,8.4e-05,,,,,,
144.0,8.4e-05,,,,,,
144.0,8.4e-05,,,,,,
144.0,8.4e-05,,,,,,
144.0,8.4e-05,,,,,,
180.0,8.4e-05,,,,,,
180.0,8.4e-05,,,,,,
180.0,8.3e-05,,,,,,
180.0,8.3e-05,,,,,,
180.0,8.2e-05,,,,,,
180.0,8.2e-05,,,,,,
180.0,8.3e-05,,,,,,
180.0,8.3e-05,,,,,,
180.0,8.4e-05,,,,,,
180.0,8.4e-05,,,,,,
180.0,8.4e-05,,,,,,
180.0,8.3e-05,,,,,,
180.0,8.3e-05,,,,,,
180.0,8.2e-05,,,,,,
180.0,8.2e-05,,,,,,
216.0,8.2e-05,,,,,,
216.0,8.2e-05,,,,,,
216.0,8.2e-05,,,,,,
216.0,8.099999999999999e-05,,,,,,
216.0,8.2e-05,,,,,,
216.0,8.2e-05,,,,,,
216.0,8.099999999999999e-05,,,,,,
216.0,8.2e-05,,,,,,
216.0,8.2e-05,,,,,,
216.0,8.2e-05,,,,,,
216.0,8.3e-05,,,,,,
216.0,8.3e-05,,,,,,
216.0,8.3e-05,,,,,,
216.0,8.3e-05,,,,,,
216.0,8.2e-05,,,,,,
252.0,8.3e-05,,,,,,
252.0,8.4e-05,,,,,,
252.0,8.3e-05,,,,,,
252.0,8.3e-05,,,,,,
252.0,8.3e-05,,,,,,
252.0,8.3e-05,,,,,,
252.0,8.3e-05,,,,,,
252.0,8.3e-05,,,,,,
252.0,8.3e-05,,,,,,
288.0,8.6e-05,,,,,,
288.0,8.6e-05,,,,,,
288.0,8.7e-05,,,,,,
288.0,8.7e-05,,,,,,
288.0,8.7e-05,,,,,,
288.0,8.800000000000001e-05,,,,,,
288.0,8.7e-05,,,,,,
324.0,8.7e-05,,,,,,
324.0,8.800000000000001e-05,,,,,,
324.0,8.9e-05,,,,,,
324.0,8.9e-05,,,,,,
324.0,8.800000000000001e-05,,,,,,
324.0,8.800000000000001e-05,,,,,,
360.0,8.800000000000001e-05,,,,,,
360.0,8.9e-05,,,,,,
360.0,8.9e-05,,,,,,
360.0,8.9e-05,,,,,,
360.0,8.999999999999999e-05,,,,,,
360.0,8.9e-05,,,,,,
360.0,8.999999999999999e-05,,,,,,
396.0,9.1e-05,,,,,,
396.0,9.1e-05,,,,,,
396.0,8.999999999999999e-05,,,,,,
396.0,8.999999999999999e-05,,,,,,
396.0,8.999999999999999e-05,,,,,,
396.0,8.9e-05,,,,,,
432.0,8.999999999999999e-05,,,,,,
432.0,9.2e-05,,,,,,
432.0,9.400000000000001e-05,,,,,,
432.0,9.3e-05,,,,,,
432.0,9.2e-05,,,,,,
432.0,9.3e-05,,,,,,
432.0,9.2e-05,,,,,,
468.0,9.3e-05,,,,,,
468.0,9.2e-05,,,,,,
468.0,9.2e-05,,,,,,
468.0,9.2e-05,,,,,,
468.0,9.3e-05,,,,,,
468.0,8.9e-05,,,,,,
468.0,9.1e-05,,,,,,
504.0,8.999999999999999e-05,,,,,,
504.0,9.1e-05,,,,,,
504.0,9.3e-05,,,,,,
504.0,9.400000000000001e-05,,,,,,
504.0,9.400000000000001e-05,,,,,,
504.0,9.3e-05,,,,,,
540.0,9.3e-05,,,,,,
540.0,9.400000000000001e-05,,,,,,
540.0,9.2e-05,,,,,,
540.0,9.2e-05,,,,,,
540.0,9.2e-05,,,,,,
540.0,9.1e-05,,,,,,
540.0,9.2e-05,,,,,,
576.0,9.1e-05,,,,,,
576.0,9.2e-05,,,,,,
576.0,9.2e-05,,,,,,
576.0,9.2e-05,,,,,,
576.0,9.3e-05,,,,,,
576.0,9.3e-05,,,,,,
576.0,9.2e-05,,,,,,
612.0,9.1e-05,,,,,,
612.0,8.999999999999999e-05,,,,,,
612.0,8.999999999999999e-05,,,,,,
612.0,9.1e-05,,,,,,
612.0,8.999999999999999e-05,,,,,,
612.0,9.1e-05,,,,,,
648.0,9.2e-05,,,,,,
648.0,9.1e-05,,,,,,
648.0,9.1e-05,,,,,,
648.0,9.3e-05,,,,,,
684.0,9.3e-05,,,,,,
684.0,9.499999999999999e-05,,,,,,
720.0,9.499999999999999e-05,,,,,,
720.0,9.499999999999999e-05,,,,,,
720.0,9.599999999999999e-05,,,,,,
756.0,9.599999999999999e-05,,,,,,
756.0,9.8e-05,,,,,,
792.0,9.8e-05,,,,,,
792.0,9.8e-05,,,,,,
828.0,9.900000000000001e-05,,,,,,
828.0,9.900000000000001e-05,,,,,,
828.0,0.000101,,,,,,
864.0,0.000115,,,,,,
864.0,0.00013,,,,,,
900.0,0.00013,,,,,,
900.0,0.000131,,,,,,
936.0,0.000129,,,,,,
936.0,0.000129,,,,,,
936.0,0.00013,,,,,,
936.0,0.000129,,,,,,
972.0,0.000129,,,,,,
972.0,0.000129,,,,,,
972.0,0.000129,,,,,,
1008.0,0.000129,,,,,,
1008.0,0.000129,,,,,,
1044.0,0.000131,,,,,,
1044.0,0.000131,,,,,,
1044.0,0.00013,,,,,,
1080.0,0.000129,,,,,,
1080.0,0.00013,,,,,,
1116.0,0.000129,,,,,,
1116.0,0.00013,,,,,,
1152.0,0.00013,,,,,,
1152.0,0.000129,,,,,,
1152.0,0.000129,,,,,,
1188.0,0.00013,,,,,,
1188.0,0.000128,,,,,,
1224.0,0.00013,,,,,,
1224.0,0.000128,,,,,,
1260.0,0.000129,,,,,,
1260.0,0.000128,,,,,,
1260.0,0.000128,,,,,,
1296.0,0.000128,,,,,,
1332.0,0.000128,,,,,,
1368.0,0.000129,,,,,,
1368.0,0.000128,,,,,,
1404.0,0.000127,,,,,,
1440.0,0.000127,,,,,,
1476.0,0.000128,,,,,,
1512.0,0.000128,,,,,,
1548.0,0.000128,,,,,,
1548.0,0.000126,,,,,,
1584.0,0.000127,,,,,,
1620.0,0.000127,,,,,,
1656.0,0.000125,,,,,,
1692.0,0.000124,,,,,,
1728.0,0.000124,,,,,,
1728.0,0.000123,,,,,,
1764.0,0.000124,,,,,,
1800.0,0.000124,,,,,,
1836.0,0.000124,,,,,,
1872.0,0.000123,,,,,,
1908.0,0.000123,,,,,,
1908.0,0.00012200000000000001,,,,,,
1944.0,0.00012200000000000001,,,,,,
1980.0,0.000121,,,,,,
2016.0,0.00012,,,,,,
2052.0,0.00012,,,,,,
2088.0,0.000119,,,,,,
2124.0,0.00012,,,,,,
2124.0,0.000119,,,,,,
2160.0,0.000119,,,,,,
2196.0,0.000117,,,,,,
2232.0,0.000117,,,,,,
2268.0,0.00011599999999999999,,,,,,
2304.0,0.00011599999999999999,,,,,,
2304.0,0.000117,,,,,,
2340.0,0.000118,,,,,,
2376.0,0.00012,,,,,,
2412.0,0.000118,,,,,,
2448.0,0.00012,,,,,,
2484.0,0.000121,,,,,,
2484.0,0.00012,,,,,,
2520.0,0.000121,,,,,,
2556.0,0.000119,,,,,,
2592.0,0.00012200000000000001,,,,,,
2628.0,0.000123,,,,,,
2664.0,0.000123,,,,,,
2664.0,0.00012200000000000001,,,,,,
2700.0,0.000121,,,,,,
2736.0,0.000123,,,,,,
2772.0,0.000123,,,,,,
2808.0,0.000123,,,,,,
2844.0,0.000124,,,,,,
2844.0,0.000124,,,,,,
2880.0,0.00012200000000000001,,,,,,
2916.0,0.000121,,,,,,
2952.0,0.00012200000000000001,,,,,,
2988.0,0.000125,,,,,,
3024.0,0.000127,,,,,,
3060.0,0.000127,,,,,,
3060.0,0.000126,,,,,,
3096.0,0.000127,,,,,,
3132.0,0.000132,,,,,,
3168.0,0.000134,,,,,,
3204.0,0.000136,,,,,,
3240.0,0.000136,,,,,,
3240.0,0.000136,,,,,,
3276.0,0.000138,,,,,,
3312.0,0.000139,,,,,,
3348.0,0.000142,,,,,,
3384.0,0.000142,,,,,,
3420.0,0.000142,,,,,,
3420.0,0.000143,,,,,,
3456.0,0.000143,,,,,,
3492.0,0.000142,,,,,,
3528.0,0.000143,,,,,,
3564.0,0.00014800000000000002,,,,,,
3600.0,0.00015,,,,,,
3600.0,0.00015,,,,,,
3636.0,0.000152,,,,,,
3672.0,0.000152,,,,,,
3708.0,0.000152,,,,,,
3744.0,0.000151,,,,,,
3780.0,0.000151,,,,,,
3780.0,0.000152,,,,,,
3816.0,0.000153,,,,,,
3852.0,0.000153,,,,,,
3888.0,0.000152,,,,,,
3924.0,0.000151,,,,,,
3960.0,0.000152,,,,,,
3996.0,0.000153,,,,,,
3996.0,0.000152,,,,,,
4032.0,0.000151,,,,,,
4068.0,0.00015,,,,,,
4104.0,0.00015,,,,,,
4140.0,0.00015,,,,,,
4176.0,0.000151,,,,,,
4176.0,0.000152,,,,,,
4212.0,0.000156,,,,,,
4248.0,0.000156,,,,,,
4284.0,0.00015800000000000002,,,,,,
4320.0,0.00016199999999999998,,,,,,
4356.0,0.00016299999999999998,,,,,,
4356.0,0.00016199999999999998,,,,,,
4392.0,0.000161,,,,,,
4428.0,0.00016199999999999998,,,,,,
4464.0,0.00015900000000000002,,,,,,
4500.0,0.00015900000000000002,,,,,,
4536.0,0.00015900000000000002,,,,,,
4536.0,0.00015900000000000002,,,,,,
4572.0,0.000161,,,,,,
4608.0,0.00016199999999999998,,,,,,
4644.0,0.000168,,,,,,
4680.0,0.000169,,,,,,
4716.0,0.000169,,,,,,
4716.0,0.000169,,,,,,
4752.0,0.00017,,,,,,
4788.0,0.000169,,,,,,
4824.0,0.00017,,,,,,
4860.0,0.000168,,,,,,
4896.0,0.000168,,,,,,
4932.0,0.00017600000000000002,,,,,,
4932.0,0.000177,,,,,,
4968.0,0.000177,,,,,,
5004.0,0.000178,,,,,,
5040.0,0.000179,,,,,,
5076.0,0.000178,,,,,,
5112.0,0.00017999999999999998,,,,,,
5112.0,0.000179,,,,,,
5148.0,0.000178,,,,,,
5184.0,0.000178,,,,,,
5220.0,0.000179,,,,,,
5256.0,0.000177,,,,,,
5292.0,0.000177,,,,,,
5292.0,0.00017600000000000002,,,,,,
5328.0,0.00017600000000000002,,,,,,
5364.0,0.00017600000000000002,,,,,,
5400.0,0.000179,,,,,,
5436.0,0.000178,,,,,,
5472.0,0.000179,,,,,,
5472.0,0.00017600000000000002,,,,,,
5508.0,0.000177,,,,,,
5544.0,0.000179,,,,,,
5580.0,0.000181,,,,,,
5616.0,0.000185,,,,,,
5652.0,0.000186,,,,,,
5652.0,0.000189,,,,,,
5688.0,0.00018800000000000002,,,,,,
5724.0,0.00019099999999999998,,,,,,
5760.0,0.00019099999999999998,,,,,,
5796.0,0.00019099999999999998,,,,,,
5832.0,0.00019099999999999998,,,,,,
5868.0,0.00019099999999999998,,,,,,
5868.0,0.000193,,,,,,
5904.0,0.000193,,,,,,
5940.0,0.000193,,,,,,
5976.0,0.00018999999999999998,,,,,,
6012.0,0.000189,,,,,,
6048.0,0.00018999999999999998,,,,,,
6048.0,0.00018700000000000002,,,,,,
6084.0,0.00019199999999999998,,,,,,
6120.0,0.00019099999999999998,,,,,,
6156.0,0.00019099999999999998,,,,,,
6192.0,0.00019199999999999998,,,,,,
6228.0,0.00019199999999999998,,,,,,
6228.0,0.000196,,,,,,
6264.0,0.00019800000000000002,,,,,,
6300.0,0.00020299999999999997,,,,,,
6336.0,0.000205,,,,,,
6372.0,0.000205,,,,,,
6408.0,0.00020400000000000003,,,,,,
6408.0,0.00020400000000000003,,,,,,
6444.0,0.000208,,,,,,
6444.0,0.000212,,,,,,
6480.0,0.000213,,,,,,
6516.0,0.000213,,,,,,
6552.0,0.00021600000000000002,,,,,,
6588.0,0.00021799999999999999,,,,,,
6624.0,0.00021999999999999998,,,,,,
6660.0,0.00021899999999999998,,,,,,
6660.0,0.000222,,,,,,
6696.0,0.000224,,,,,,
6732.0,0.000225,,,,,,
6768.0,0.000224,,,,,,
6804.0,0.000225,,,,,,
6840.0,0.000226,,,,,,
6840.0,0.000224,,,,,,
6876.0,0.000224,,,,,,
6912.0,0.000224,,,,,,
6948.0,0.000225,,,,,,
6984.0,0.000226,,,,,,
7020.0,0.000225,,,,,,
7020.0,0.00022700000000000002,,,,,,
7056.0,0.000226,,,,,,
7092.0,0.000226,,,,,,
7128.0,0.00023,,,,,,
7164.0,0.00023,,,,,,
7200.0,0.00023199999999999997,,,,,,
7236.0,0.00023199999999999997,,,,,,
7236.0,0.00023300000000000003,,,,,,
7272.0,0.000234,,,,,,
7308.0,0.000234,,,,,,
7344.0,0.000235,,,,,,
7380.0,0.000236,,,,,,
7416.0,0.000235,,,,,,
7416.0,0.000235,,,,,,
7452.0,0.00023199999999999997,,,,,,
7488.0,0.00023300000000000003,,,,,,
7524.0,0.000234,,,,,,
7560.0,0.000235,,,,,,
7596.0,0.000237,,,,,,
7596.0,0.00024,,,,,,
7632.0,0.000239,,,,,,
7668.0,0.000239,,,,,,
7704.0,0.000242,,,,,,
7740.0,0.000246,,,,,,
7776.0,0.000249,,,,,,
7776.0,0.00025,,,,,,
7812.0,0.000252,,,,,,
7848.0,0.00025499999999999996,,,,,,
7884.0,0.00025499999999999996,,,,,,
7920.0,0.00025499999999999996,,,,,,
7956.0,0.000256,,,,,,
7992.0,0.00025499999999999996,,,,,,
7992.0,0.000257,,,,,,
8028.0,0.000259,,,,,,
8064.0,0.000259,,,,,,
8100.0,0.000262,,,,,,
8136.0,0.000261,,,,,,
8172.0,0.000263,,,,,,
8172.0,0.000261,,,,,,
8208.0,0.000262,,,,,,
8244.0,0.000263,,,,,,
8280.0,0.000262,,,,,,
9180.0,0.000281,,,,,,
10080.0,0.000303,,,,,,
10980.0,0.000338,,,,,,
11880.0,0.000363,,,,,,
12780.0,0.000386,,,,,,
13680.0,0.000417,,,,,,
14580.0,0.00044699999999999997,,,,,,
15480.0,0.00046300000000000003,,,,,,
16380.0,0.000481,,,,,,
17280.0,0.000511,,,,,,
18180.0,0.000521,,,,,,
19080.0,0.000547,,,,,,
19980.0,0.000565,,,,,,
20880.0,0.000593,,,,,,
21780.0,0.000608,,,,,,
22680.0,0.000629,,,,,,
23580.0,0.00065,,,,,,
24480.0,0.00067,,,,,,
25380.0,0.000689,,,,,,
26280.0,0.0007109999999999999,,,,,,
27180.0,0.000728,,,,,,
28080.0,0.000749,,,,,,
28980.0,0.00077,,,,,,
29880.0,0.0008,,,,,,
30780.0,0.0008169999999999999,,,,,,
31680.0,0.000837,,,,,,
32580.0,0.000861,,,,,,
33480.0,0.000877,,,,,,
34380.0,0.000897,,,,,,
35280.0,0.0009130000000000001,,,,,,
36180.0,0.0009299999999999999,,,,,,
37080.0,0.000962,,,,,,
37980.0,0.000978,,,,,,
38880.0,0.001002,,,,,,
39780.0,0.001008,,,,,,
40680.0,0.001036,,,,,,
41580.0,0.001059,,,,,,
42480.0,0.001086,,,,,,
43380.0,0.0011070000000000001,,,,,,
44280.0,0.001131,,,,,,
45180.0,0.001154,,,,,,
46080.0,0.001181,,,,,,
46980.0,0.001199,,,,,,
47880.0,0.0012280000000000001,,,,,,
48780.0,0.0012330000000000002,,,,,,
49680.0,0.0012590000000000001,,,,,,
50580.0,0.0012820000000000002,,,,,,
51480.0,0.001308,,,,,,
52380.0,0.00133,,,,,,
53280.0,0.001358,,,,,,
54180.0,0.001376,,,,,,
55080.0,0.0014010000000000001,,,,,,
55980.0,0.001416,,,,,,
56880.0,0.001434,,,,,,
57780.0,0.001454,,,,,,
58680.0,0.001473,,,,,,
59580.0,0.0015,,,,,,
60480.0,0.0015149999999999999,,,,,,
61380.0,0.001547,,,,,,
62280.0,0.001579,,,,,,
63180.0,0.001604,,,,,,
64080.0,0.0016239999999999998,,,,,,
64980.0,0.001653,,,,,,
65880.0,0.001668,,,,,,
67680.0,0.0017310000000000001,,,,,,
69480.0,0.0017519999999999999,,,,,,
71280.0,0.001803,,,,,,
73080.0,0.0018470000000000001,,,,,,
74880.0,0.001879,,,,,,
76680.0,0.001925,,,,,,
78480.0,0.001963,,,,,,
80280.0,0.00202,,,,,,
82080.0,0.002058,,,,,,
83880.0,0.002107,,,,,,
85680.0,0.002142,,,,,,
87480.0,0.002196,,,,,,
89280.0,0.002225,,,,,,
91080.0,0.002272,,,,,,
92880.0,0.002307,,,,,,
94680.0,0.002363,,,,,,
96480.0,0.002409,,,,,,
98280.0,0.00246,,,,,,
100080.0,0.002523,,,,,,
101880.0,0.0025740000000000003,,,,,,
103680.0,0.002605,,,,,,
105480.0,0.0026479999999999997,,,,,,
107280.0,0.0026939999999999998,,,,,,
109080.0,0.002742,,,,,,
110880.0,0.002785,,,,,,
112680.0,0.002828,,,,,,
114480.0,0.002879,,,,,,
116280.0,0.0029270000000000003,,,,,,
118080.0,0.0029720000000000002,,,,,,
119880.0,0.0030120000000000004,,,,,,
121680.0,0.0030570000000000003,,,,,,
123480.0,0.003101,,,,,,
125280.0,0.0031530000000000004,,,,,,
127080.0,0.0031969999999999998,,,,,,
128880.0,0.003242,,,,,,
130680.0,0.003293,,,,,,
132480.0,0.003346,,,,,,
134280.0,0.003394,,,,,,
136080.0,0.0034449999999999997,,,,,,
137880.0,0.0034820000000000003,,,,,,
139680.0,0.003533,,,,,,
141480.0,0.0035809999999999995,,,,,,
143280.0,0.003634,,,,,,
145080.0,0.003667,,,,,,
146880.0,0.0037140000000000003,,,,,,
148680.0,0.003764,,,,,,
150480.0,0.0038229999999999996,,,,,,
152280.0,0.0038729999999999997,,,,,,
154080.0,0.003926,,,,,,
155880.0,0.003964,,,,,,
157680.0,0.004014,,,,,,
159480.0,0.004058,,,,,,
161280.0,0.004106,,,,,,
163080.0,0.00415,,,,,,
164880.0,0.0041860000000000005,,,,,,
166680.0,0.004234,,,,,,
168480.0,0.004285,,,,,,
170280.0,0.004333,,,,,,
172080.0,0.004384,,,,,,
173880.0,0.004426,,,,,,
175680.0,0.00447,,,,,,
177480.0,0.004516,,,,,,
179280.0,0.004557,,,,,,
181080.0,0.004616,,,,,,
182880.0,0.004663,,,,,,
184680.0,0.004709,,,,,,
186480.0,0.004767,,,,,,
188280.0,0.004821,,,,,,
190080.0,0.004861,,,,,,
191880.0,0.004909,,,,,,
193680.0,0.004952,,,,,,
195480.0,0.004998,,,,,,
197280.0,0.00504,,,,,,
199080.0,0.005089,,,,,,
200880.0,0.005132,,,,,,
202680.0,0.005175999999999999,,,,,,
204480.0,0.005223,,,,,,
206280.0,0.005269,,,,,,
208080.0,0.005311,,,,,,
209880.0,0.005356,,,,,,
211680.0,0.005397999999999999,,,,,,
213480.0,0.005447,,,,,,
215316.0,0.005496,,,,,,
217116.0,0.005543,,,,,,
218916.0,0.005588999999999999,,,,,,
220716.0,0.005639999999999999,,,,,,
222516.0,0.005687,,,,,,
224316.0,0.005733,,,,,,
226116.0,0.005788,,,,,,
227916.0,0.005835,,,,,,
229716.0,0.0058779999999999995,,,,,,
231516.0,0.005928,,,,,,
233316.0,0.0059830000000000005,,,,,,
235116.0,0.006015,,,,,,
236916.0,0.006074,,,,,,
238716.0,0.00612,,,,,,
240516.0,0.006165,,,,,,
242316.0,0.006222,,,,,,
244116.0,0.00626,,,,,,
245916.0,0.006313,,,,,,
247716.0,0.006341,,,,,,
249516.0,0.006389000000000001,,,,,,
251316.0,0.006444999999999999,,,,,,
253116.0,0.006497,,,,,,
254916.0,0.0065390000000000005,,,,,,
256716.0,0.006588,,,,,,
258516.0,0.006634999999999999,,,,,,
260316.0,0.006679000000000001,,,,,,
262116.0,0.006724,,,,,,
263916.0,0.006771,,,,,,
265716.0,0.006814,,,,,,
267516.0,0.006871,,,,,,
269316.0,0.006915,,,,,,
271116.0,0.006961,,,,,,
272916.0,0.007017,,,,,,
274716.0,0.007068,,,,,,
276516.0,0.007113,,,,,,
278316.0,0.0071530000000000005,,,,,,
280116.0,0.007194000000000001,,,,,,
281916.0,0.007243,,,,,,
283716.0,0.007286,,,,,,
285516.0,0.00733,,,,,,
287316.0,0.007371,,,,,,
289116.0,0.007416000000000001,,,,,,
290916.0,0.00746,,,,,,
292716.0,0.007507000000000001,,,,,,
294516.0,0.007548,,,,,,
296316.0,0.007588,,,,,,
298116.0,0.00764,,,,,,
299916.0,0.007678000000000001,,,,,,
301716.0,0.007724999999999999,,,,,,
303516.0,0.007764999999999999,,,,,,
305316.0,0.007825,,,,,,
307116.0,0.007873,,,,,,
308916.0,0.007915,,,,,,
310716.0,0.007961000000000001,,,,,,
312516.0,0.008014,,,,,,
314316.0,0.008058,,,,,,
316116.0,0.008106,,,,,,
317916.0,0.008155,,,,,,
319716.0,0.008192,,,,,,
321516.0,0.008243,,,,,,
323316.0,0.008276,,,,,,
325116.0,0.008324,,,,,,
326916.0,0.008381,,,,,,
328716.0,0.008421999999999999,,,,,,
330516.0,0.008461,,,,,,
332316.0,0.008502,,,,,,
334116.0,0.008557,,,,,,
335916.0,0.008594000000000001,,,,,,
337716.0,0.008635,,,,,,
339516.0,0.008679,,,,,,
341316.0,0.008732,,,,,,
343116.0,0.008776,,,,,,
344916.0,0.008827,,,,,,
346716.0,0.008864,,,,,,
348516.0,0.008916,,,,,,
350316.0,0.008957,,,,,,
352116.0,0.008998,,,,,,
353916.0,0.00905,,,,,,
355716.0,0.009079,,,,,,
357516.0,0.009134,,,,,,
359316.0,0.009189000000000001,,,,,,
361116.0,0.009237,,,,,,
362916.0,0.009267,,,,,,
364716.0,0.009315,,,,,,
366516.0,0.00937,,,,,,
368316.0,0.009407,,,,,,
370116.0,0.009453,,,,,,
371916.0,0.009496,,,,,,
373716.0,0.009541,,,,,,
375516.0,0.009571,,,,,,
377316.0,0.009623,,,,,,
379116.0,0.009651,,,,,,
380916.0,0.009708,,,,,,
382716.0,0.009760999999999999,,,,,,
384516.0,0.0098,,,,,,
386316.0,0.009848,,,,,,
388116.0,0.009888000000000001,,,,,,
389916.0,0.009938,,,,,,
391716.0,0.009978,,,,,,
393516.0,0.010034000000000001,,,,,,
395316.0,0.010064,,,,,,
397116.0,0.010114000000000001,,,,,,
398916.0,0.010148999999999998,,,,,,
400716.0,0.010188999999999998,,,,,,
402516.0,0.010228999999999999,,,,,,
404316.0,0.010284,,,,,,
406116.0,0.010324,,,,,,
407916.0,0.010374000000000001,,,,,,
409716.0,0.010419000000000001,,,,,,
411516.0,0.010464,,,,,,
413316.0,0.010499000000000001,,,,,,
415116.0,0.010539,,,,,,
416916.0,0.010564,,,,,,
418716.0,0.010619,,,,,,
420516.0,0.010648999999999999,,,,,,
422316.0,0.010688999999999999,,,,,,
424116.0,0.010739,,,,,,
425916.0,0.010779,,,,,,
427716.0,0.010813999999999999,,,,,,
429516.0,0.010859,,,,,,
431316.0,0.010899,,,,,,
433116.0,0.010939,,,,,,
434916.0,0.010974,,,,,,
436716.0,0.011019000000000001,,,,,,
438516.0,0.011059000000000001,,,,,,
440316.0,0.011099000000000001,,,,,,
442116.0,0.011139,,,,,,
443916.0,0.011184000000000001,,,,,,
445716.0,0.011229,,,,,,
447516.0,0.011278999999999999,,,,,,
449316.0,0.011319,,,,,,
451116.0,0.011359,,,,,,
452916.0,0.011394,,,,,,
454716.0,0.011444000000000001,,,,,,
456516.0,0.011484000000000001,,,,,,
458316.0,0.011519,,,,,,
460116.0,0.011564000000000001,,,,,,
461916.0,0.011609000000000001,,,,,,
463716.0,0.011639,,,,,,
465516.0,0.011684000000000002,,,,,,
467316.0,0.011724000000000002,,,,,,
469116.0,0.011769,,,,,,
470916.0,0.011798999999999999,,,,,,
472716.0,0.011843999999999999,,,,,,
474516.0,0.011883999999999999,,,,,,
476316.0,0.011929,,,,,,
478116.0,0.011969,,,,,,
479916.0,0.012009,,,,,,
481716.0,0.012049,,,,,,
483516.0,0.012094,,,,,,
485316.0,0.012124,,,,,,
487116.0,0.012164,,,,,,
488916.0,0.012194,,,,,,
490716.0,0.012244,,,,,,
492516.0,0.012279,,,,,,
494136.0,0.012314,,,,,,
497736.0,0.012388999999999999,,,,,,
501336.0,0.012474,,,,,,
504936.0,0.012544,,,,,,
508536.0,0.012624,,,,,,
512136.0,0.012699,,,,,,
515736.0,0.012774,,,,,,
519336.0,0.012859,,,,,,
522936.0,0.012939,,,,,,
526536.0,0.012999,,,,,,
530136.0,0.013084,,,,,,
533736.0,0.013164,,,,,,
537336.0,0.013224,,,,,,
540936.0,0.013299,,,,,,
544536.0,0.013379,,,,,,
548136.0,0.013459,,,,,,
551736.0,0.013529,,,,,,
555336.0,0.013599000000000002,,,,,,
558936.0,0.013673999999999999,,,,,,
562536.0,0.013749,,,,,,
566136.0,0.013829000000000001,,,,,,
569736.0,0.013909,,,,,,
573336.0,0.013984000000000002,,,,,,
576936.0,0.014069,,,,,,
580536.0,0.014149,,,,,,
584136.0,0.014214,,,,,,
587736.0,0.014294,,,,,,
591336.0,0.014363999999999998,,,,,,
594936.0,0.014443999999999999,,,,,,
598536.0,0.014514,,,,,,
602136.0,0.014594000000000001,,,,,,
605736.0,0.014664,,,,,,
609336.0,0.014739,,,,,,
612936.0,0.014814,,,,,,
616536.0,0.014879,,,,,,
620136.0,0.014969,,,,,,
623736.0,0.015028999999999999,,,,,,
627336.0,0.015104,,,,,,
630936.0,0.015174,,,,,,
634536.0,0.015234000000000001,,,,,,
638136.0,0.015319000000000001,,,,,,
641736.0,0.015394000000000001,,,,,,
645336.0,0.015459,,,,,,
648936.0,0.015524,,,,,,
652536.0,0.015599,,,,,,
656136.0,0.015674,,,,,,
659736.0,0.015733999999999998,,,,,,
663336.0,0.015809,,,,,,
666936.0,0.015909,,,,,,
668700.0,0.015944,,,,,,
668700.0,0.015944,,,,,,
668700.0,0.015944,,,,,,
668700.0,0.015944,,,,,,
672300.0,0.016004,,,,,,
675900.0,0.016089,,,,,,
679500.0,0.016149,,,,,,
683100.0,0.016229,,,,,,
686700.0,0.016298999999999998,,,,,,
690300.0,0.016359,,,,,,
693900.0,0.016419,,,,,,
697500.0,0.016484000000000002,,,,,,
701100.0,0.016554,,,,,,
704700.0,0.016619,,,,,,
708300.0,0.016699,,,,,,
711900.0,0.016754,,,,,,
715500.0,0.016824,,,,,,
719100.0,0.016894,,,,,,
722700.0,0.016964,,,,,,
726300.0,0.017039,,,,,,
729900.0,0.017103999999999998,,,,,,
733500.0,0.017169,,,,,,
737100.0,0.017239,,,,,,
740700.0,0.017299,,,,,,
744300.0,0.017369000000000002,,,,,,
747900.0,0.017424,,,,,,
751500.0,0.017504,,,,,,
755100.0,0.017559,,,,,,
758700.0,0.017634,,,,,,
762300.0,0.017689,,,,,,
765900.0,0.017759,,,,,,
769500.0,0.017814,,,,,,
773100.0,0.017884,,,,,,
776700.0,0.017939,,,,,,
780300.0,0.018009,,,,,,
783900.0,0.018064,,,,,,
787500.0,0.018139000000000002,,,,,,
791100.0,0.018194,,,,,,
794700.0,0.018259,,,,,,
798300.0,0.018314,,,,,,
801900.0,0.018373999999999998,,,,,,
805500.0,0.018429,,,,,,
809100.0,0.018494,,,,,,
812700.0,0.018559000000000003,,,,,,
816300.0,0.018633999999999998,,,,,,
819900.0,0.018689,,,,,,
823500.0,0.018774,,,,,,
827100.0,0.018834,,,,,,
830700.0,0.018894,,,,,,
834300.0,0.018944000000000003,,,,,,
837900.0,0.019024,,,,,,
841500.0,0.019094,,,,,,
845100.0,0.019144,,,,,,
848700.0,0.019199,,,,,,
852300.0,0.019269,,,,,,
855900.0,0.019339,,,,,,
859500.0,0.019384,,,,,,
863100.0,0.019459,,,,,,
866700.0,0.019529,,,,,,
870300.0,0.019584,,,,,,
873900.0,0.019649,,,,,,
877500.0,0.019719,,,,,,
881100.0,0.019774,,,,,,
884700.0,0.019829,,,,,,
888300.0,0.019889,,,,,,
891900.0,0.019944,,,,,,
895500.0,0.020004,,,,,,
899100.0,0.020074,,,,,,
902700.0,0.020129,,,,,,
906300.0,0.020189,,,,,,
909900.0,0.020259,,,,,,
913500.0,0.020314000000000002,,,,,,
917100.0,0.020374,,,,,,
920700.0,0.020434,,,,,,
924300.0,0.020489,,,,,,
927900.0,0.020554000000000003,,,,,,
931500.0,0.020604,,,,,,
935100.0,0.020669,,,,,,
938700.0,0.020724,,,,,,
942300.0,0.020794,,,,,,
945900.0,0.020863999999999997,,,,,,
949500.0,0.020914000000000002,,,,,,
953100.0,0.020994000000000002,,,,,,
956700.0,0.021039,,,,,,
960300.0,0.021114,,,,,,
963900.0,0.021174,,,,,,
967500.0,0.021238999999999997,,,,,,
971100.0,0.021309,,,,,,
974700.0,0.021359,,,,,,
978300.0,0.021414,,,,,,
981900.0,0.021459000000000002,,,,,,
985500.0,0.021529,,,,,,
989100.0,0.021584,,,,,,
992700.0,0.021644,,,,,,
996300.0,0.021714,,,,,,
999900.0,0.021774,,,,,,
1003500.0,0.021824,,,,,,
1007136.0,0.021884,,,,,,
1010736.0,0.021939,,,,,,
1017936.0,0.022054,,,,,,
1025136.0,0.022184,,,,,,
1032336.0,0.022269,,,,,,
1039536.0,0.022414,,,,,,
1046736.0,0.022509,,,,,,
1053936.0,0.022624,,,,,,
1061136.0,0.022734,,,,,,
1068336.0,0.022854,,,,,,
1075536.0,0.022974,,,,,,
1082736.0,0.023094,,,,,,
1089936.0,0.023204,,,,,,
1097136.0,0.023339,,,,,,
1104336.0,0.023469000000000004,,,,,,
1111536.0,0.023538999999999997,,,,,,
1118736.0,0.023664,,,,,,
1125936.0,0.023784,,,,,,
1133136.0,0.023909,,,,,,
1140336.0,0.024024,,,,,,
1147536.0,0.024119,,,,,,
1154736.0,0.024234,,,,,,
1161936.0,0.024349,,,,,,
1169136.0,0.024439000000000002,,,,,,
1176336.0,0.024579,,,,,,
1182888.0,0.024664000000000002,,,,,,
1190088.0,0.024773999999999997,,,,,,
1197288.0,0.024879,,,,,,
1204488.0,0.024979,,,,,,
1211688.0,0.025104,,,,,,
1218888.0,0.025219000000000002,,,,,,
1226088.0,0.025304000000000004,,,,,,
1233288.0,0.025414,,,,,,
1240488.0,0.025514000000000002,,,,,,
1247688.0,0.025629,,,,,,
1254888.0,0.025739,,,,,,
1262088.0,0.025859,,,,,,
1269288.0,0.025969000000000002,,,,,,
1276488.0,0.026069,,,,,,
1283688.0,0.026168999999999998,,,,,,
1290888.0,0.026284000000000002,,,,,,
1298088.0,0.026379,,,,,,
1305288.0,0.026489,,,,,,
1312488.0,0.026594000000000003,,,,,,
1319688.0,0.026699,,,,,,
1326888.0,0.026799,,,,,,
1334088.0,0.026909000000000002,,,,,,
1341288.0,0.027009,,,,,,
1348488.0,0.027109,,,,,,
1355688.0,0.027214000000000002,,,,,,
1362888.0,0.027319,,,,,,
1370088.0,0.027409,,,,,,
1377288.0,0.027504,,,,,,
1384488.0,0.027614,,,,,,
1391688.0,0.027724000000000002,,,,,,
1398888.0,0.027844,,,,,,
1406088.0,0.027929,,,,,,
1413288.0,0.028034,,,,,,
1420488.0,0.028114,,,,,,
1427688.0,0.028224,,,,,,
1434888.0,0.028349000000000003,,,,,,
1442088.0,0.028439000000000002,,,,,,
1449288.0,0.028534,,,,,,
1456488.0,0.028644,,,,,,
1463688.0,0.028739,,,,,,
1470888.0,0.028854,,,,,,
1478088.0,0.028939,,,,,,
1485288.0,0.029049000000000002,,,,,,
1492488.0,0.029154,,,,,,
1499688.0,0.029249,,,,,,
1506888.0,0.029369,,,,,,
1514088.0,0.029443999999999998,,,,,,
1521288.0,0.029549,,,,,,
1528488.0,0.029664000000000003,,,,,,
1529604.0,0.029679,,,,,,
1536804.0,0.029799000000000003,,,,,,
1544004.0,0.029893999999999997,,,,,,
1551204.0,0.029973999999999997,,,,,,
1558404.0,0.030069,,,,,,
1561464.0,0.030123999999999998,,,,,,
1568664.0,0.030224,,,,,,
1575864.0,0.030319,,,,,,
1583064.0,0.030404,,,,,,
1590264.0,0.030508999999999998,,,,,,
1597464.0,0.030609,,,,,,
1604664.0,0.030699,,,,,,
1611864.0,0.030799,,,,,,
1619064.0,0.030899,,,,,,
1621476.0,0.030939,,,,,,
1628676.0,0.031029,,,,,,
1635876.0,0.031128999999999997,,,,,,
1643076.0,0.031204,,,,,,
1650276.0,0.031314,,,,,,
1657476.0,0.031419,,,,,,
1664676.0,0.031514,,,,,,
1671876.0,0.031609,,,,,,
1679076.0,0.031709,,,,,,
1686276.0,0.031809,,,,,,
1693476.0,0.031894,,,,,,
1700676.0,0.031993999999999995,,,,,,
1707876.0,0.032089,,,,,,
1715076.0,0.032194,,,,,,
1722276.0,0.032284,,,,,,
1729476.0,0.032364000000000004,,,,,,
1736676.0,0.032458999999999995,,,,,,
1743876.0,0.032564,,,,,,
1751076.0,0.032649,,,,,,
1758276.0,0.032744,,,,,,
1765476.0,0.032824,,,,,,
1772676.0,0.032914,,,,,,
1779876.0,0.033029,,,,,,
1787076.0,0.033098999999999996,,,,,,
1794276.0,0.033189,,,,,,
1801476.0,0.033279,,,,,,
1808676.0,0.033384,,,,,,
1815876.0,0.033469,,,,,,
1823076.0,0.033564,,,,,,
1830276.0,0.033679,,,,,,
1837476.0,0.033759000000000004,,,,,,
1844676.0,0.033849,,,,,,
1851876.0,0.033949,,,,,,
1859076.0,0.034059,,,,,,
1866276.0,0.034154,,,,,,
1873476.0,0.034244,,,,,,
1880676.0,0.034354,,,,,,
1887876.0,0.034409,,,,,,
1895076.0,0.034524,,,,,,
1902276.0,0.034603999999999996,,,,,,
1909476.0,0.034729,,,,,,
1916676.0,0.034794,,,,,,
1923876.0,0.034899,,,,,,
1931076.0,0.034994,,,,,,
1938276.0,0.035068999999999996,,,,,,
1945476.0,0.035149,,,,,,
1952676.0,0.035269,,,,,,
1959876.0,0.035354000000000003,,,,,,
1967076.0,0.035434,,,,,,
1974276.0,0.035529000000000005,,,,,,
1981476.0,0.035629,,,,,,
1988676.0,0.035734,,,,,,
1995876.0,0.035799,,,,,,
2003076.0,0.035894,,,,,,
2010276.0,0.036004,,,,,,
2017476.0,0.036079,,,,,,
2024676.0,0.036164,,,,,,
2031876.0,0.036264,,,,,,
2039076.0,0.036354000000000004,,,,,,
2046276.0,0.036434,,,,,,
2053476.0,0.036529,,,,,,
2060676.0,0.036639,,,,,,
2067876.0,0.036724,,,,,,
2075076.0,0.036794,,,,,,
2082276.0,0.036904,,,,,,
2089476.0,0.037024,,,,,,
2096676.0,0.037094,,,,,,
2103876.0,0.037169,,,,,,
2111076.0,0.037274,,,,,,
2118276.0,0.037369,,,,,,
2125476.0,0.037448999999999996,,,,,,
2132676.0,0.037554,,,,,,
2139876.0,0.037649,,,,,,
2147076.0,0.037724,,,,,,
2154276.0,0.037784,,,,,,
2161476.0,0.037898999999999995,,,,,,
2168676.0,0.037989,,,,,,
2175876.0,0.038069,,,,,,
2183076.0,0.038144,,,,,,
2190276.0,0.038259,,,,,,
2197476.0,0.038349,,,,,,
2204712.0,0.038429000000000005,,,,,,
2211912.0,0.038519,,,,,,
2219112.0,0.038624,,,,,,
2226312.0,0.038724,,,,,,
2233512.0,0.038794,,,,,,
2240712.0,0.038898999999999996,,,,,,
2247912.0,0.038984,,,,,,
2255112.0,0.039054000000000005,,,,,,
2256228.0,0.039069,,,,,,
2263428.0,0.039079,,,,,,
2270628.0,0.039319,,,,,,
2277828.0,0.039369,,,,,,
2285028.0,0.039439,,,,,,
2292228.0,0.039534,,,,,,
2299428.0,0.039624,,,,,,
2306628.0,0.039704,,,,,,
2308644.0,0.039729,,,,,,
2315844.0,0.039824,,,,,,
2323044.0,0.039904,,,,,,
2330244.0,0.039984,,,,,,
2337444.0,0.040069,,,,,,
2344644.0,0.040164,,,,,,
2351844.0,0.040239000000000004,,,,,,
2359044.0,0.040324,,,,,,
2366244.0,0.040423999999999995,,,,,,
2373444.0,0.040489,,,,,,
2380644.0,0.040583999999999995,,,,,,
2387844.0,0.040664,,,,,,
2395044.0,0.040769,,,,,,
2402244.0,0.040834,,,,,,
2409444.0,0.040919,,,,,,
2416644.0,0.040999,,,,,,
2423844.0,0.041094,,,,,,
2431044.0,0.041169000000000004,,,,,,
2438244.0,0.041254,,,,,,
2445444.0,0.041329000000000005,,,,,,
2452644.0,0.041424,,,,,,
2459844.0,0.041504000000000006,,,,,,
2467044.0,0.041609,,,,,,
2474244.0,0.041694,,,,,,
2481444.0,0.041774,,,,,,
2488644.0,0.041859,,,,,,
2495844.0,0.041934,,,,,,
2503044.0,0.042019,,,,,,
2510244.0,0.042119,,,,,,
2517444.0,0.042204,,,,,,
2524644.0,0.042304,,,,,,
2531844.0,0.042359,,,,,,
2539044.0,0.042454,,,,,,
2546244.0,0.042529000000000004,,,,,,
2553444.0,0.042629,,,,,,
2560644.0,0.04271899999999999,,,,,,
2567844.0,0.042799,,,,,,
2575044.0,0.042878999999999994,,,,,,
2582244.0,0.042959,,,,,,
2589444.0,0.043049,,,,,,
2596644.0,0.043109,,,,,,
2603844.0,0.043198999999999994,,,,,,
2611044.0,0.043289,,,,,,
2618244.0,0.043354,,,,,,
2625444.0,0.043449,,,,,,
2632644.0,0.043549,,,,,,
2639844.0,0.043639000000000004,,,,,,
2647044.0,0.043729,,,,,,
2654244.0,0.043823999999999995,,,,,,
2661444.0,0.043909000000000004,,,,,,
2668644.0,0.043989,,,,,,
2675844.0,0.044079,,,,,,
2683044.0,0.044143999999999996,,,,,,
2690244.0,0.044244000000000006,,,,,,
2697444.0,0.044334,,,,,,
2704644.0,0.044409000000000004,,,,,,
2711844.0,0.044484,,,,,,
2719044.0,0.044558999999999994,,,,,,
2726244.0,0.044654,,,,,,
2733444.0,0.044744,,,,,,
2740644.0,0.044834,,,,,,
2747844.0,0.044898999999999994,,,,,,
2755044.0,0.044979,,,,,,
2762244.0,0.045054,,,,,,
2769444.0,0.045144000000000004,,,,,,
2776644.0,0.045244,,,,,,
2783844.0,0.045319000000000005,,,,,,
2791044.0,0.045394,,,,,,
2798244.0,0.045473999999999994,,,,,,
2805444.0,0.045559,,,,,,
2812644.0,0.045654,,,,,,
2819844.0,0.045744,,,,,,
2827044.0,0.045829,,,,,,
2834244.0,0.045899,,,,,,
2841444.0,0.045984,,,,,,
2848644.0,0.046054000000000005,,,,,,
2855844.0,0.046144,,,,,,
2863044.0,0.046209,,,,,,
2870244.0,0.046258999999999995,,,,,,
2877444.0,0.046349,,,,,,
2884644.0,0.046424,,,,,,
2891844.0,0.046509,,,,,,
2899044.0,0.046584,,,,,,
2906244.0,0.046669,,,,,,
2913444.0,0.046738999999999996,,,,,,
2920644.0,0.046804,,,,,,
2927844.0,0.046894,,,,,,
2935044.0,0.046979,,,,,,
2942244.0,0.047059,,,,,,
2949444.0,0.047134,,,,,,
2956644.0,0.047234,,,,,,
2963844.0,0.047299,,,,,,
2971044.0,0.047389,,,,,,
2978244.0,0.047488999999999996,,,,,,
2985444.0,0.047559,,,,,,
2992644.0,0.047653999999999995,,,,,,
2999844.0,0.047724,,,,,,
3007044.0,0.047834,,,,,,
3014244.0,0.047899000000000004,,,,,,
3021444.0,0.048004,,,,,,
3028644.0,0.048079000000000004,,,,,,
3035844.0,0.048159,,,,,,
3043044.0,0.048263999999999994,,,,,,
3050244.0,0.048324,,,,,,
3057444.0,0.048399,,,,,,
3064644.0,0.048484,,,,,,
3071844.0,0.048574,,,,,,
3079044.0,0.048664,,,,,,
3086244.0,0.048739,,,,,,
3093444.0,0.048834,,,,,,
3100644.0,0.048888999999999995,,,,,,
3107844.0,0.048974000000000004,,,,,,
3115044.0,0.049054,,,,,,
3122244.0,0.049134000000000004,,,,,,
3129444.0,0.049234,,,,,,
3136644.0,0.049303999999999994,,,,,,
3143844.0,0.049384,,,,,,
3151044.0,0.04944899999999999,,,,,,
3158244.0,0.049539,,,,,,
3165444.0,0.049623999999999995,,,,,,
3172644.0,0.049699,,,,,,
3179844.0,0.049783999999999995,,,,,,
3187044.0,0.049859,,,,,,
3194244.0,0.049934000000000006,,,,,,
3201444.0,0.050019,,,,,,
3208644.0,0.050094,,,,,,
3215844.0,0.050184,,,,,,
3223044.0,0.050259,,,,,,
3230244.0,0.050344,,,,,,
3237444.0,0.050424,,,,,,
3244644.0,0.050499,,,,,,
3251844.0,0.050594,,,,,,
3259044.0,0.050654000000000005,,,,,,
3266244.0,0.050749,,,,,,
3273444.0,0.050819,,,,,,
3275532.0,0.050838999999999995,,,,,,
3282732.0,0.050914,,,,,,
3289932.0,0.051003999999999994,,,,,,
3297132.0,0.051074,,,,,,
3304332.0,0.051154000000000005,,,,,,
3311532.0,0.051219,,,,,,
3318732.0,0.051308999999999994,,,,,,
3325932.0,0.051384,,,,,,
3333132.0,0.051474,,,,,,
3340332.0,0.051559,,,,,,
3347532.0,0.051639,,,,,,
3354732.0,0.051734,,,,,,
3361932.0,0.051788999999999995,,,,,,
3369132.0,0.051864,,,,,,
3376332.0,0.051933999999999994,,,,,,
3383532.0,0.052034000000000004,,,,,,
3390732.0,0.052119,,,,,,
3397932.0,0.052189,,,,,,
3405132.0,0.052268999999999996,,,,,,
3412332.0,0.052339000000000004,,,,,,
3419532.0,0.052428999999999996,,,,,,
3426732.0,0.052509,,,,,,
3433932.0,0.052594,,,,,,
3441132.0,0.052694,,,,,,
3448332.0,0.052739,,,,,,
3455532.0,0.052828999999999994,,,,,,
3460284.0,0.052878999999999995,,,,,,
3467484.0,0.052959,,,,,,
3474684.0,0.053074,,,,,,
3481884.0,0.053133999999999994,,,,,,
3489084.0,0.053209,,,,,,
3496284.0,0.053284000000000005,,,,,,
3503484.0,0.053364,,,,,,
3510684.0,0.053453999999999995,,,,,,
3517884.0,0.053529,,,,,,
3525084.0,0.053609,,,,,,
3532284.0,0.053663999999999996,,,,,,
3538116.0,0.053734000000000004,,,,,,
3545316.0,0.053834,,,,,,
3552516.0,0.053929,,,,,,
3559716.0,0.054004,,,,,,
3566916.0,0.054063999999999994,,,,,,
3574116.0,0.054144,,,,,,
3581316.0,0.054223999999999994,,,,,,
3588516.0,0.054294,,,,,,
3595716.0,0.054383999999999995,,,,,,
3602916.0,0.054449,,,,,,
3610116.0,0.054523999999999996,,,,,,
3617316.0,0.054609,,,,,,
3624516.0,0.054668999999999995,,,,,,
3631716.0,0.054754,,,,,,
3638916.0,0.054844,,,,,,
3646116.0,0.054939,,,,,,
3653316.0,0.055004,,,,,,
3660516.0,0.055064,,,,,,
3667716.0,0.055149,,,,,,
3674916.0,0.055234,,,,,,
3682116.0,0.055309,,,,,,
3689316.0,0.055394,,,,,,
3696516.0,0.055473999999999996,,,,,,
3703716.0,0.055559000000000004,,,,,,
3710952.0,0.055618999999999995,,,,,,
3718152.0,0.055699,,,,,,
3725352.0,0.055769,,,,,,
3732552.0,0.055864000000000004,,,,,,
3739752.0,0.055934,,,,,,
3746952.0,0.056019,,,,,,
3754152.0,0.056089,,,,,,
3761352.0,0.056174,,,,,,
3768552.0,0.056258999999999997,,,,,,
3775752.0,0.056334,,,,,,
3782952.0,0.056419,,,,,,
3790152.0,0.056494,,,,,,
3797352.0,0.056559,,,,,,
3804552.0,0.056644,,,,,,
3811752.0,0.056719,,,,,,
3818952.0,0.056814,,,,,,
3826152.0,0.056874,,,,,,
3833352.0,0.056959,,,,,,
3840552.0,0.057034,,,,,,
3847752.0,0.057104,,,,,,
3854952.0,0.057189,,,,,,
3862152.0,0.057264,,,,,,
3869352.0,0.057344,,,,,,
3876552.0,0.057419000000000005,,,,,,
3883752.0,0.057493999999999996,,,,,,
3890952.0,0.057583999999999996,,,,,,
3898152.0,0.057654,,,,,,
3905352.0,0.057744,,,,,,
3912552.0,0.057804,,,,,,
3919752.0,0.057869000000000004,,,,,,
3926952.0,0.057949,,,,,,
3934152.0,0.058034,,,,,,
3941352.0,0.058114,,,,,,
3948552.0,0.058189000000000005,,,,,,
3955752.0,0.058269,,,,,,
3962952.0,0.058309,,,,,,
3970152.0,0.058419,,,,,,
3977352.0,0.058454,,,,,,
3977712.0,0.058439,,,,,,
3984912.0,0.058564,,,,,,
3992112.0,0.058654000000000005,,,,,,
3999312.0,0.058699,,,,,,
4006512.0,0.058794000000000006,,,,,,
4013712.0,0.058869,,,,,,
4020912.0,0.058954000000000006,,,,,,
4028112.0,0.059049,,,,,,
4035312.0,0.059119000000000005,,,,,,
4038048.0,0.059149,,,,,,
4045248.0,0.059214,,,,,,
4052448.0,0.059299,,,,,,
4059648.0,0.059374,,,,,,
4066848.0,0.059444,,,,,,
4074048.0,0.059539,,,,,,
4081248.0,0.059614,,,,,,
4088448.0,0.059684,,,,,,
4095648.0,0.059753999999999995,,,,,,
4102848.0,0.059844,,,,,,
4110048.0,0.059939,,,,,,
4117248.0,0.060004,,,,,,
4124448.0,0.060094,,,,,,
4131648.0,0.060149,,,,,,
4138848.0,0.060224,,,,,,
4146048.0,0.060294,,,,,,
4153248.0,0.060364,,,,,,
4160448.0,0.060444000000000005,,,,,,
4167648.0,0.060534,,,,,,
4174848.0,0.060604,,,,,,
4182048.0,0.060689,,,,,,
4189248.0,0.060759,,,,,,
4196448.0,0.060849,,,,,,
4203648.0,0.060909000000000005,,,,,,
4210848.0,0.061009,,,,,,
4211388.0,0.061019,,,,,,
4218588.0,0.061084,,,,,,
4225788.0,0.061154,,,,,,
4230360.0,0.061199,,,,,,
4237560.0,0.061269,,,,,,
4244760.0,0.061354,,,,,,
4251960.0,0.061433999999999996,,,,,,
4259160.0,0.061499,,,,,,
4266360.0,0.061578999999999995,,,,,,
4273560.0,0.061659,,,,,,
4280760.0,0.061738999999999995,,,,,,
4287960.0,0.061834,,,,,,
4295160.0,0.061883999999999995,,,,,,
4302360.0,0.061979,,,,,,
4309560.0,0.062034000000000006,,,,,,
4316760.0,0.062119,,,,,,
4323960.0,0.062188999999999994,,,,,,
4331160.0,0.062274,,,,,,
4338360.0,0.062359,,,,,,
4345560.0,0.062439,,,,,,
4352760.0,0.062504,,,,,,
4359960.0,0.062579,,,,,,
4367160.0,0.062654,,,,,,
4374360.0,0.062739,,,,,,
4381560.0,0.062829,,,,,,
4388760.0,0.062904,,,,,,
4395960.0,0.062969,,,,,,
4403160.0,0.06303399999999999,,,,,,
4410360.0,0.063099,,,,,,
4417560.0,0.06318399999999999,,,,,,
4424760.0,0.063259,,,,,,
4431960.0,0.063344,,,,,,
4439160.0,0.063434,,,,,,
4446360.0,0.063499,,,,,,
4453560.0,0.063564,,,,,,
4460760.0,0.063659,,,,,,
4467960.0,0.063729,,,,,,
4475160.0,0.063819,,,,,,
4482360.0,0.063879,,,,,,
4489560.0,0.06394899999999999,,,,,,
4496760.0,0.064024,,,,,,
4503960.0,0.064084,,,,,,
4511160.0,0.064189,,,,,,
4518360.0,0.06424400000000001,,,,,,
4525560.0,0.064329,,,,,,
4532760.0,0.064409,,,,,,
4539960.0,0.064494,,,,,,
4547160.0,0.06457399999999999,,,,,,
4554360.0,0.064584,,,,,,
4554360.0,0.064584,,,,,,
4561560.0,0.064664,,,,,,
4568760.0,0.064734,,,,,,
4575960.0,0.064809,,,,,,
4583160.0,0.06486399999999999,,,,,,
4590360.0,0.064959,,,,,,
4597560.0,0.065029,,,,,,
4604760.0,0.065109,,,,,,
4611960.0,0.065199,,,,,,
4619160.0,0.065279,,,,,,
4626360.0,0.065324,,,,,,
4633560.0,0.065434,,,,,,
4640760.0,0.065514,,,,,,
4647960.0,0.06558900000000001,,,,,,
4655160.0,0.065654,,,,,,
4662072.0,0.065709,,,,,,
4669272.0,0.065799,,,,,,
4676472.0,0.065834,,,,,,
4683672.0,0.065949,,,,,,
4690872.0,0.066034,,,,,,
4698072.0,0.066079,,,,,,
4705272.0,0.066189,,,,,,
4712472.0,0.066244,,,,,,
4719672.0,0.066349,,,,,,
4726872.0,0.066399,,,,,,
4734072.0,0.066484,,,,,,
4741272.0,0.066559,,,,,,
4748472.0,0.066624,,,,,,
4755672.0,0.066689,,,,,,
4762872.0,0.066774,,,,,,
4770072.0,0.066869,,,,,,
4777272.0,0.066934,,,,,,
4784472.0,0.06700400000000001,,,,,,
4791672.0,0.067064,,,,,,
4798872.0,0.06715900000000001,,,,,,
4806072.0,0.067214,,,,,,
4810536.0,0.067264,,,,,,
4810536.0,0.067264,,,,,,
4810536.0,0.067264,,,,,,
4810536.0,0.067264,,,,,,
4810752.0,0.067264,,,,,,
4817736.0,0.067295,,,,,,
4824936.0,0.067374,,,,,,
4832136.0,0.06743400000000001,,,,,,
4839336.0,0.06749,,,,,,
4845240.0,0.067525,,,,,,
4845240.0,0.067526,,,,,,
4852440.0,0.06761199999999999,,,,,,
4859640.0,0.06769599999999999,,,,,,
4866840.0,0.06777999999999999,,,,,,
4874040.0,0.06781799999999999,,,,,,
4881240.0,0.067913,,,,,,
4888440.0,0.067985,,,,,,
4895640.0,0.06804400000000001,,,,,,
4902840.0,0.06812800000000001,,,,,,
4910040.0,0.068198,,,,,,
4917240.0,0.068266,,,,,,
4924440.0,0.068339,,,,,,
4931640.0,0.068424,,,,,,
4938840.0,0.06851,,,,,,
4946040.0,0.068589,,,,,,
4953240.0,0.068662,,,,,,
4960440.0,0.068743,,,,,,
4967640.0,0.068803,,,,,,
4974840.0,0.068879,,,,,,
4982040.0,0.06894499999999999,,,,,,
4989240.0,0.069034,,,,,,
4996440.0,0.069106,,,,,,
5003640.0,0.06916699999999999,,,,,,
5010840.0,0.06925200000000001,,,,,,
5018040.0,0.069323,,,,,,
5025240.0,0.0694,,,,,,
5032476.0,0.06947199999999999,,,,,,
5039676.0,0.069533,,,,,,
5046876.0,0.069615,,,,,,
5054076.0,0.06969299999999999,,,,,,
5061276.0,0.069776,,,,,,
5068476.0,0.069856,,,,,,
5075676.0,0.06993100000000001,,,,,,
5082876.0,0.070001,,,,,,
5090076.0,0.070077,,,,,,
5097276.0,0.07015500000000001,,,,,,
5104476.0,0.070227,,,,,,
5111676.0,0.070297,,,,,,
5118876.0,0.070386,,,,,,
5126076.0,0.070462,,,,,,
5133276.0,0.07052800000000001,,,,,,
5140476.0,0.070606,,,,,,
5147676.0,0.07070800000000001,,,,,,
5154876.0,0.070761,,,,,,
5162076.0,0.07081,,,,,,
5169276.0,0.07090099999999999,,,,,,
5176476.0,0.070956,,,,,,
5183676.0,0.071023,,,,,,
5190876.0,0.071115,,,,,,
5198076.0,0.07121000000000001,,,,,,
5205276.0,0.071287,,,,,,
5212476.0,0.07135799999999999,,,,,,
5219676.0,0.071435,,,,,,
5226876.0,0.07152,,,,,,
5234076.0,0.071593,,,,,,
5241276.0,0.071681,,,,,,
5248476.0,0.071765,,,,,,
5255676.0,0.071841,,,,,,
5262876.0,0.071908,,,,,,
5270076.0,0.071963,,,,,,
5277276.0,0.072013,,,,,,
5284476.0,0.072102,,,,,,
5291676.0,0.072195,,,,,,
5298876.0,0.07227,,,,,,
5306076.0,0.07235699999999999,,,,,,
5313276.0,0.072434,,,,,,
5320476.0,0.072515,,,,,,
5327676.0,0.072595,,,,,,
5334876.0,0.07267,,,,,,
5342076.0,0.072724,,,,,,
5349276.0,0.072796,,,,,,
5356476.0,0.072866,,,,,,
5363676.0,0.072937,,,,,,
5370876.0,0.073057,,,,,,
5378076.0,0.07311,,,,,,
5385276.0,0.073194,,,,,,
5392476.0,0.073263,,,,,,
5399676.0,0.073347,,,,,,
5406876.0,0.073422,,,,,,
5414076.0,0.073521,,,,,,
5421276.0,0.073584,,,,,,
5423724.0,0.073591,,,,,,
5430924.0,0.073688,,,,,,
5438124.0,0.073741,,,,,,
5445324.0,0.073812,,,,,,
5452524.0,0.073893,,,,,,
5459724.0,0.07397999999999999,,,,,,
5466924.0,0.07409099999999999,,,,,,
5474124.0,0.074173,,,,,,
5481324.0,0.074218,,,,,,
5488524.0,0.074308,,,,,,
5495724.0,0.074395,,,,,,
5502924.0,0.074472,,,,,,
5510124.0,0.074543,,,,,,
5517324.0,0.074628,,,,,,
5524524.0,0.074701,,,,,,
5531724.0,0.074776,,,,,,
5538924.0,0.07486799999999999,,,,,,
5546124.0,0.074944,,,,,,
5553324.0,0.075022,,,,,,
5560524.0,0.075089,,,,,,
5567724.0,0.075158,,,,,,
5574924.0,0.075241,,,,,,
5582124.0,0.075337,,,,,,
5589324.0,0.075411,,,,,,
5596524.0,0.075499,,,,,,
5603724.0,0.075561,,,,,,
5610924.0,0.075632,,,,,,
5618124.0,0.07571,,,,,,
5625324.0,0.07578299999999999,,,,,,
5632524.0,0.075858,,,,,,
5639724.0,0.075935,,,,,,
5646924.0,0.07600900000000001,,,,,,
5654124.0,0.076084,,,,,,
5661324.0,0.076148,,,,,,
5668524.0,0.07624500000000001,,,,,,
5675724.0,0.076331,,,,,,
5682924.0,0.076405,,,,,,
5690124.0,0.076485,,,,,,
5697324.0,0.076569,,,,,,
5704524.0,0.07662200000000001,,,,,,
5711724.0,0.076722,,,,,,
5718924.0,0.076792,,,,,,
5726124.0,0.076852,,,,,,
5733324.0,0.076945,,,,,,
5740524.0,0.077019,,,,,,
5747724.0,0.077104,,,,,,
5754924.0,0.077181,,,,,,
5762124.0,0.077268,,,,,,
5769324.0,0.07735299999999999,,,,,,
5776524.0,0.077413,,,,,,
5783724.0,0.077503,,,,,,
5790924.0,0.077578,,,,,,
5798124.0,0.077638,,,,,,
5805324.0,0.077733,,,,,,
5812524.0,0.077823,,,,,,
5819724.0,0.077893,,,,,,
5826924.0,0.077973,,,,,,
5834124.0,0.078043,,,,,,
5841324.0,0.078143,,,,,,
5848524.0,0.078223,,,,,,
5855724.0,0.078308,,,,,,
5862924.0,0.078378,,,,,,
5870124.0,0.078453,,,,,,
5877324.0,0.078533,,,,,,
5884524.0,0.07860299999999999,,,,,,
5891724.0,0.07868800000000001,,,,,,
5898924.0,0.078793,,,,,,
5906124.0,0.078853,,,,,,
5913324.0,0.078938,,,,,,
5920524.0,0.07900800000000001,,,,,,
5927724.0,0.079103,,,,,,
5934924.0,0.079178,,,,,,
5942124.0,0.079253,,,,,,
5949324.0,0.07932299999999999,,,,,,
5956524.0,0.079398,,,,,,
5963724.0,0.079478,,,,,,
5970924.0,0.079568,,,,,,
5978124.0,0.07963300000000001,,,,,,
5985324.0,0.079713,,,,,,
5992524.0,0.079803,,,,,,
5999724.0,0.079868,,,,,,
6006924.0,0.079943,,,,,,
6014124.0,0.080023,,,,,,
6021324.0,0.080098,,,,,,
6028524.0,0.08017300000000001,,,,,,
6035724.0,0.08025299999999999,,,,,,
6042924.0,0.080328,,,,,,
6050124.0,0.080403,,,,,,
6057324.0,0.08047800000000001,,,,,,
6064524.0,0.080578,,,,,,
6071724.0,0.080648,,,,,,
6078924.0,0.080723,,,,,,
6086160.0,0.08079800000000001,,,,,,
6093360.0,0.08087300000000001,,,,,,
6100560.0,0.080958,,,,,,
6107760.0,0.08103300000000001,,,,,,
6114960.0,0.081128,,,,,,
6122160.0,0.08119300000000002,,,,,,
6129360.0,0.08126799999999999,,,,,,
6136560.0,0.081348,,,,,,
6143760.0,0.081403,,,,,,
6150960.0,0.081493,,,,,,
6158160.0,0.081588,,,,,,
6165360.0,0.081648,,,,,,
6172560.0,0.081723,,,,,,
6179760.0,0.08178800000000001,,,,,,
6186960.0,0.081883,,,,,,
6194160.0,0.081973,,,,,,
6201360.0,0.082043,,,,,,
6208560.0,0.082118,,,,,,
6215760.0,0.082193,,,,,,
6222960.0,0.082273,,,,,,
6230160.0,0.08235300000000001,,,,,,
6237360.0,0.082453,,,,,,
6244560.0,0.082538,,,,,,
6251760.0,0.082608,,,,,,
6258960.0,0.082683,,,,,,
6266160.0,0.082758,,,,,,
6273360.0,0.082838,,,,,,
6280560.0,0.082928,,,,,,
6287760.0,0.08299799999999999,,,,,,
6294960.0,0.083073,,,,,,
6302160.0,0.083148,,,,,,
6309360.0,0.08322800000000001,,,,,,
6316560.0,0.08330299999999999,,,,,,
6323760.0,0.083383,,,,,,
6330960.0,0.083468,,,,,,
6338160.0,0.083543,,,,,,
6345360.0,0.08362299999999999,,,,,,
6352560.0,0.083698,,,,,,
6359760.0,0.083778,,,,,,
6366960.0,0.083858,,,,,,
6374160.0,0.08392799999999999,,,,,,
6381360.0,0.084008,,,,,,
6388560.0,0.084078,,,,,,
6395760.0,0.084168,,,,,,
6402960.0,0.084238,,,,,,
6410160.0,0.084313,,,,,,
6417360.0,0.084393,,,,,,
6424560.0,0.084468,,,,,,
6431760.0,0.084543,,,,,,
6438960.0,0.084628,,,,,,
6446160.0,0.084698,,,,,,
6453360.0,0.08479300000000001,,,,,,
6460560.0,0.08485799999999999,,,,,,
6467760.0,0.084928,,,,,,
6474960.0,0.085003,,,,,,
6482160.0,0.08509800000000001,,,,,,
6489360.0,0.08517799999999999,,,,,,
6496560.0,0.085258,,,,,,
6503760.0,0.085343,,,,,,
6510960.0,0.085428,,,,,,
6518160.0,0.085503,,,,,,
6525360.0,0.085588,,,,,,
6532560.0,0.085673,,,,,,
6539760.0,0.08576299999999999,,,,,,
6546960.0,0.08583299999999999,,,,,,
6554160.0,0.085878,,,,,,
6561360.0,0.085953,,,,,,
6568560.0,0.08605800000000001,,,,,,
6575760.0,0.08613799999999999,,,,,,
6582960.0,0.086213,,,,,,
6590160.0,0.08629300000000001,,,,,,
6597360.0,0.08638299999999999,,,,,,
6604560.0,0.086448,,,,,,
6611760.0,0.086543,,,,,,
6618960.0,0.086618,,,,,,
6626160.0,0.08670299999999999,,,,,,
6633360.0,0.08676299999999999,,,,,,
6640560.0,0.086853,,,,,,
6647760.0,0.08694800000000001,,,,,,
6654960.0,0.08700799999999999,,,,,,
6662160.0,0.087078,,,,,,
6669360.0,0.087158,,,,,,
6676560.0,0.08723800000000001,,,,,,
6683760.0,0.087323,,,,,,
6690960.0,0.087413,,,,,,
6698160.0,0.087468,,,,,,
6705360.0,0.08757300000000001,,,,,,
6712560.0,0.08764799999999999,,,,,,
6719760.0,0.087723,,,,,,
6726960.0,0.08781800000000001,,,,,,
6734160.0,0.08789799999999999,,,,,,
6741360.0,0.08796799999999999,,,,,,
6741936.0,0.087973,,,,,,
6749136.0,0.088053,,,,,,
6756336.0,0.088143,,,,,,
6763536.0,0.08822800000000001,,,,,,
6770736.0,0.088283,,,,,,
6777936.0,0.088353,,,,,,
6785136.0,0.088468,,,,,,
6792336.0,0.08853799999999999,,,,,,
6799536.0,0.088633,,,,,,
6806736.0,0.088698,,,,,,
6813936.0,0.088773,,,,,,
6821136.0,0.08885799999999999,,,,,,
6828336.0,0.088948,,,,,,
6835536.0,0.089028,,,,,,
6842736.0,0.089108,,,,,,
6849936.0,0.08918799999999999,,,,,,
6857136.0,0.089268,,,,,,
6864336.0,0.089368,,,,,,
6871536.0,0.089443,,,,,,
6878736.0,0.089533,,,,,,
6885936.0,0.08960800000000001,,,,,,
6893136.0,0.089683,,,,,,
6900336.0,0.089763,,,,,,
6907536.0,0.089848,,,,,,
6914736.0,0.08992800000000001,,,,,,
6921936.0,0.090003,,,,,,
6929136.0,0.09009299999999999,,,,,,
6936336.0,0.090178,,,,,,
6943536.0,0.090243,,,,,,
6950736.0,0.09033799999999999,,,,,,
6957936.0,0.090408,,,,,,
6965136.0,0.090503,,,,,,
6972336.0,0.090613,,,,,,
6977016.0,0.09065799999999999,,,,,,
6984216.0,0.090728,,,,,,
6991416.0,0.090803,,,,,,
6998616.0,0.090883,,,,,,
7005024.0,0.090938,,,,,,
7012224.0,0.091028,,,,,,
7019424.0,0.091123,,,,,,
7026624.0,0.091188,,,,,,
7033824.0,0.09127800000000001,,,,,,
7041024.0,0.091348,,,,,,
7048224.0,0.091428,,,,,,
7055424.0,0.091508,,,,,,
7062624.0,0.09158799999999999,,,,,,
7069824.0,0.091678,,,,,,
7077024.0,0.091768,,,,,,
7084224.0,0.091813,,,,,,
7091424.0,0.091918,,,,,,
7098624.0,0.09199299999999999,,,,,,
7105824.0,0.092088,,,,,,
7113024.0,0.092158,,,,,,
7120224.0,0.09224299999999999,,,,,,
7127424.0,0.092318,,,,,,
7134624.0,0.092418,,,,,,
7141824.0,0.09251300000000001,,,,,,
7149024.0,0.092598,,,,,,
7151940.0,0.092608,,,,,,
7159140.0,0.092678,,,,,,
7166340.0,0.09277799999999999,,,,,,
7170912.0,0.09281299999999999,,,,,,
7178112.0,0.092908,,,,,,
7185312.0,0.092983,,,,,,
7192512.0,0.09305300000000001,,,,,,
7199712.0,0.093138,,,,,,
7206912.0,0.093238,,,,,,
7214112.0,0.093323,,,,,,
7221312.0,0.09341300000000001,,,,,,
7228512.0,0.093498,,,,,,
7235712.0,0.09354799999999999,,,,,,
7242912.0,0.093618,,,,,,
7250112.0,0.093698,,,,,,
7257312.0,0.093788,,,,,,
7264512.0,0.093863,,,,,,
7271712.0,0.09395300000000001,,,,,,
7278912.0,0.09402799999999999,,,,,,
7286112.0,0.094128,,,,,,
7293312.0,0.094198,,,,,,
7300512.0,0.09427300000000001,,,,,,
7307712.0,0.09434799999999999,,,,,,
7314912.0,0.094438,,,,,,
7322112.0,0.094523,,,,,,
7329312.0,0.09461800000000001,,,,,,
7336512.0,0.09469799999999999,,,,,,
7343712.0,0.094778,,,,,,
7350912.0,0.094853,,,,,,
7358112.0,0.09492800000000001,,,,,,
7365312.0,0.095023,,,,,,
7372512.0,0.095098,,,,,,
7379712.0,0.09518800000000001,,,,,,
7386912.0,0.09526300000000001,,,,,,
7394112.0,0.095348,,,,,,
7401312.0,0.095428,,,,,,
7408512.0,0.09550800000000001,,,,,,
7415712.0,0.09559799999999999,,,,,,
7422912.0,0.095663,,,,,,
7430112.0,0.095763,,,,,,
7437312.0,0.09582800000000001,,,,,,
7444512.0,0.095913,,,,,,
7451712.0,0.096003,,,,,,
7458912.0,0.096068,,,,,,
7466112.0,0.09614800000000001,,,,,,
7473312.0,0.096233,,,,,,
7480512.0,0.096308,,,,,,
7487712.0,0.096383,,,,,,
7494912.0,0.09648799999999999,,,,,,
7502112.0,0.096563,,,,,,
7509312.0,0.096648,,,,,,
7516512.0,0.09672800000000001,,,,,,
7523712.0,0.096798,,,,,,
7530912.0,0.096888,,,,,,
7538112.0,0.096983,,,,,,
7545312.0,0.097053,,,,,,
7552512.0,0.097138,,,,,,
7559712.0,0.097218,,,,,,
7566912.0,0.097293,,,,,,
7574112.0,0.09738799999999999,,,,,,
7581312.0,0.097483,,,,,,
7588512.0,0.097633,,,,,,
7595712.0,0.09768800000000001,,,,,,
7600392.0,0.097728,,,,,,
7607592.0,0.09780799999999999,,,,,,
7611228.0,0.097848,,,,,,
7618428.0,0.097923,,,,,,
7625628.0,0.09800800000000001,,,,,,
7632828.0,0.098078,,,,,,
7640028.0,0.098158,,,,,,
7647228.0,0.098238,,,,,,
7654428.0,0.09833299999999999,,,,,,
7661628.0,0.098423,,,,,,
7668828.0,0.09850300000000001,,,,,,
7669512.0,0.09850300000000001,,,,,,
7676712.0,0.09858800000000001,,,,,,
7683912.0,0.09868299999999999,,,,,,
7686684.0,0.098698,,,,,,
7693884.0,0.098778,,,,,,
7701084.0,0.098873,,,,,,
7708284.0,0.09895300000000001,,,,,,
7715484.0,0.099033,,,,,,
7722684.0,0.099118,,,,,,
7729884.0,0.09921799999999999,,,,,,
7737084.0,0.09929299999999999,,,,,,
7744284.0,0.099378,,,,,,
7751124.0,0.09946300000000001,,,,,,
7758324.0,0.09955299999999999,,,,,,
7765524.0,0.099623,,,,,,
7770996.0,0.099683,,,,,,
7778196.0,0.099793,,,,,,
7783128.0,0.099833,,,,,,
7790328.0,0.099913,,,,,,
7797528.0,0.100018,,,,,,
7804728.0,0.10010300000000001,,,,,,
7811928.0,0.100168,,,,,,
7819128.0,0.100253,,,,,,
7826328.0,0.100333,,,,,,
7833528.0,0.10043300000000001,,,,,,
7835040.0,0.100443,,,,,,
7842240.0,0.10051299999999999,,,,,,
7843356.0,0.100538,,,,,,
7850556.0,0.100643,,,,,,
7857756.0,0.10074299999999999,,,,,,
7861932.0,0.10078300000000001,,,,,,
7869132.0,0.100848,,,,,,
7876332.0,0.100928,,,,,,
7883532.0,0.101013,,,,,,
7890732.0,0.10108299999999999,,,,,,
7897932.0,0.101173,,,,,,
7905132.0,0.101253,,,,,,
7912332.0,0.10135300000000001,,,,,,
7919532.0,0.10144299999999999,,,,,,
7926732.0,0.101523,,,,,,
7933932.0,0.101608,,,,,,
7941168.0,0.10169299999999999,,,,,,
7948368.0,0.101788,,,,,,
7955568.0,0.101863,,,,,,
7962768.0,0.101943,,,,,,
7969968.0,0.10203799999999999,,,,,,
7977168.0,0.102113,,,,,,
7984368.0,0.102193,,,,,,
7991568.0,0.10227800000000001,,,,,,
7998768.0,0.102363,,,,,,
8005968.0,0.102438,,,,,,
8013168.0,0.102533,,,,,,
8020368.0,0.10262299999999999,,,,,,
8027568.0,0.102698,,,,,,
8034768.0,0.102793,,,,,,
8041968.0,0.102868,,,,,,
8049168.0,0.102948,,,,,,
8056368.0,0.103033,,,,,,
8063568.0,0.103113,,,,,,
8070768.0,0.10320299999999999,,,,,,
8077968.0,0.103283,,,,,,
8085168.0,0.103368,,,,,,
8092368.0,0.103448,,,,,,
8099568.0,0.10353300000000001,,,,,,
8106768.0,0.10360799999999999,,,,,,
8113968.0,0.103698,,,,,,
8121168.0,0.10377800000000001,,,,,,
8128368.0,0.103863,,,,,,
8135568.0,0.103948,,,,,,
8142768.0,0.104033,,,,,,
8149968.0,0.104108,,,,,,
8157168.0,0.104208,,,,,,
8164368.0,0.104283,,,,,,
8171568.0,0.10440300000000001,,,,,,
8178768.0,0.10449299999999999,,,,,,
8185968.0,0.104603,,,,,,
8193168.0,0.10469300000000001,,,,,,
8200368.0,0.10474299999999999,,,,,,
8207568.0,0.10482799999999999,,,,,,
8214768.0,0.104898,,,,,,
8221968.0,0.105003,,,,,,
8229168.0,0.10509299999999999,,,,,,
8236368.0,0.105173,,,,,,
8243568.0,0.10524800000000001,,,,,,
8250768.0,0.10535800000000001,,,,,,
8257968.0,0.10543799999999999,,,,,,
8265168.0,0.105538,,,,,,
8272368.0,0.105603,,,,,,
8279568.0,0.10568300000000001,,,,,,
8286768.0,0.105778,,,,,,
8293968.0,0.10587300000000001,,,,,,
8301168.0,0.105968,,,,,,
8308368.0,0.106053,,,,,,
8315568.0,0.106138,,,,,,
8322768.0,0.106213,,,,,,
8329968.0,0.106303,,,,,,
8337168.0,0.106378,,,,,,
8344368.0,0.10648300000000001,,,,,,
8351568.0,0.10657299999999999,,,,,,
8356464.0,0.106628,,,,,,
8364204.0,0.106743,,,,,,
8364204.0,0.106743,,,,,,
8371404.0,0.10681800000000001,,,,,,
8378604.0,0.10689299999999999,,,,,,
8385804.0,0.106978,,,,,,
8393004.0,0.107073,,,,,,
8400204.0,0.107158,,,,,,
8407404.0,0.107248,,,,,,
8414604.0,0.107333,,,,,,
8421804.0,0.10742800000000001,,,,,,
8429004.0,0.107523,,,,,,
8436204.0,0.107613,,,,,,
8441136.0,0.107683,,,,,,
8448336.0,0.107758,,,,,,
8455536.0,0.107843,,,,,,
8462736.0,0.107928,,,,,,
8469936.0,0.10802300000000001,,,,,,
8477136.0,0.10811799999999999,,,,,,
8484336.0,0.108208,,,,,,
8491536.0,0.108298,,,,,,
8498736.0,0.10838300000000001,,,,,,
8505936.0,0.10846299999999999,,,,,,
8513136.0,0.108543,,,,,,
8520336.0,0.108658,,,,,,
8527536.0,0.108758,,,,,,
8534736.0,0.108848,,,,,,
8541936.0,0.108933,,,,,,
8549136.0,0.10901300000000001,,,,,,
8556336.0,0.109098,,,,,,
8563536.0,0.109178,,,,,,
8570736.0,0.10927300000000001,,,,,,
8577936.0,0.10937799999999999,,,,,,
8585136.0,0.109458,,,,,,
8592336.0,0.109543,,,,,,
8599536.0,0.10963300000000001,,,,,,
8606736.0,0.109733,,,,,,
8613936.0,0.109818,,,,,,
8621136.0,0.109908,,,,,,
8628336.0,0.109998,,,,,,
8635536.0,0.110083,,,,,,
8642736.0,0.11018800000000001,,,,,,
8649936.0,0.11027300000000001,,,,,,
8657136.0,0.110368,,,,,,
8664336.0,0.110453,,,,,,
8671536.0,0.11052300000000001,,,,,,
8678736.0,0.110623,,,,,,
8685936.0,0.110723,,,,,,
8693136.0,0.11081300000000001,,,,,,
8700336.0,0.11090299999999999,,,,,,
8707536.0,0.110988,,,,,,
8714736.0,0.111093,,,,,,
8721936.0,0.11117300000000001,,,,,,
8729136.0,0.11125299999999999,,,,,,
8736336.0,0.111348,,,,,,
8743536.0,0.111433,,,,,,
8750736.0,0.111538,,,,,,
8757936.0,0.111623,,,,,,
8765136.0,0.111708,,,,,,
8772336.0,0.11179800000000001,,,,,,
8779536.0,0.11189299999999999,,,,,,
8786736.0,0.111993,,,,,,
8793936.0,0.11208299999999999,,,,,,
8801136.0,0.11213800000000002,,,,,,
8808336.0,0.112258,,,,,,
8815536.0,0.112333,,,,,,
8822736.0,0.11241300000000001,,,,,,
8829936.0,0.11250299999999999,,,,,,
8837136.0,0.11258800000000001,,,,,,
8844336.0,0.112678,,,,,,
8851536.0,0.112788,,,,,,
8858736.0,0.112883,,,,,,
8865936.0,0.112968,,,,,,
8873136.0,0.11307299999999999,,,,,,
8880336.0,0.113163,,,,,,
8887536.0,0.113253,,,,,,
8894736.0,0.11334300000000001,,,,,,
8901936.0,0.113428,,,,,,
8909136.0,0.113523,,,,,,
8916336.0,0.113613,,,,,,
8923536.0,0.113713,,,,,,
8930736.0,0.113808,,,,,,
8937936.0,0.113898,,,,,,
8945136.0,0.113983,,,,,,
8952336.0,0.114093,,,,,,
8959536.0,0.114183,,,,,,
8960940.0,0.114193,,,,,,
8960940.0,0.114193,,,,,,
8968140.0,0.114323,,,,,,
8975340.0,0.114433,,,,,,
8982540.0,0.11453300000000001,,,,,,
8989740.0,0.114623,,,,,,
8996940.0,0.114703,,,,,,
9004140.0,0.114793,,,,,,
9011340.0,0.11488799999999999,,,,,,
9018540.0,0.114978,,,,,,
9025740.0,0.115068,,,,,,
9032940.0,0.11516799999999999,,,,,,
9040140.0,0.115268,,,,,,
9047340.0,0.11536300000000001,,,,,,
9054540.0,0.115443,,,,,,
9061740.0,0.11552799999999999,,,,,,
9068940.0,0.115633,,,,,,
9076140.0,0.115723,,,,,,
9083340.0,0.115813,,,,,,
9090540.0,0.11590299999999999,,,,,,
9097740.0,0.115998,,,,,,
9104940.0,0.11608800000000001,,,,,,
9112140.0,0.116183,,,,,,
9119340.0,0.116268,,,,,,
9126540.0,0.116373,,,,,,
9133740.0,0.116468,,,,,,
9140940.0,0.116573,,,,,,
9148140.0,0.11665800000000001,,,,,,
9155340.0,0.116758,,,,,,
9162540.0,0.116823,,,,,,
9169740.0,0.116923,,,,,,
9176940.0,0.11701800000000001,,,,,,
9184140.0,0.117118,,,,,,
9191340.0,0.117198,,,,,,
9198540.0,0.117288,,,,,,
9205740.0,0.117383,,,,,,
9212940.0,0.117483,,,,,,
9220140.0,0.117578,,,,,,
9227340.0,0.117673,,,,,,
9234540.0,0.117768,,,,,,
9241740.0,0.117853,,,,,,
9248940.0,0.117958,,,,,,
9256140.0,0.118053,,,,,,
9263340.0,0.118143,,,,,,
9270576.0,0.11822300000000001,,,,,,
9277776.0,0.11830299999999999,,,,,,
9284976.0,0.118413,,,,,,
9292176.0,0.118508,,,,,,
9299376.0,0.118603,,,,,,
9306576.0,0.118703,,,,,,
9313776.0,0.118798,,,,,,
9320976.0,0.118888,,,,,,
9328176.0,0.118983,,,,,,
9335376.0,0.11906800000000001,,,,,,
9342576.0,0.11915300000000001,,,,,,
9349776.0,0.119258,,,,,,
9356976.0,0.119358,,,,,,
9364176.0,0.11945299999999999,,,,,,
9371376.0,0.11953799999999999,,,,,,
9378576.0,0.119653,,,,,,
9385776.0,0.11975300000000001,,,,,,
9392976.0,0.11984299999999999,,,,,,
9400176.0,0.119923,,,,,,
9407376.0,0.12002800000000001,,,,,,
9414576.0,0.120128,,,,,,
9421776.0,0.120223,,,,,,
9428976.0,0.120308,,,,,,
9436176.0,0.120418,,,,,,
9443376.0,0.120508,,,,,,
9450576.0,0.120598,,,,,,
9457776.0,0.12068300000000001,,,,,,
9464976.0,0.120783,,,,,,
9472176.0,0.120893,,,,,,
9477540.0,0.12097300000000001,,,,,,
9484740.0,0.12103799999999999,,,,,,
9491940.0,0.121153,,,,,,
9499140.0,0.121243,,,,,,
9506340.0,0.12136799999999999,,,,,,
9513540.0,0.121473,,,,,,
9520740.0,0.12156800000000001,,,,,,
9527940.0,0.121653,,,,,,
9535140.0,0.121748,,,,,,
9542340.0,0.121848,,,,,,
9549540.0,0.12195299999999999,,,,,,
9556740.0,0.122043,,,,,,
9563940.0,0.122143,,,,,,
9571140.0,0.122233,,,,,,
9578340.0,0.122338,,,,,,
9585540.0,0.122433,,,,,,
9592740.0,0.12251799999999999,,,,,,
9597744.0,0.12257799999999999,,,,,,
9604944.0,0.122673,,,,,,
9612144.0,0.122778,,,,,,
9619344.0,0.12285299999999999,,,,,,
9626544.0,0.12295299999999999,,,,,,
9633744.0,0.12305300000000001,,,,,,
9640944.0,0.12315300000000001,,,,,,
9648144.0,0.123268,,,,,,
9648288.0,0.123273,,,,,,
9655488.0,0.123378,,,,,,
9662688.0,0.123468,,,,,,
9669888.0,0.12356299999999999,,,,,,
9671544.0,0.123583,,,,,,
9678744.0,0.123688,,,,,,
9682740.0,0.12373300000000001,,,,,,
9689940.0,0.123838,,,,,,
9697140.0,0.12396800000000001,,,,,,
9704340.0,0.12405799999999999,,,,,,
9711540.0,0.124163,,,,,,
9718740.0,0.124268,,,,,,
9725940.0,0.12436799999999999,,,,,,
9733140.0,0.124478,,,,,,
9738072.0,0.124533,,,,,,
9745272.0,0.124628,,,,,,
9752472.0,0.124733,,,,,,
9759672.0,0.124838,,,,,,
9766872.0,0.124933,,,,,,
9774072.0,0.125038,,,,,,
9781272.0,0.12512299999999998,,,,,,
9788472.0,0.125203,,,,,,
9795672.0,0.125293,,,,,,
9802872.0,0.125393,,,,,,
9810072.0,0.125503,,,,,,
9817272.0,0.125603,,,,,,
9824472.0,0.12570800000000001,,,,,,
9831672.0,0.125813,,,,,,
9838872.0,0.125903,,,,,,
9846072.0,0.126008,,,,,,
9853272.0,0.126108,,,,,,
9860472.0,0.126213,,,,,,
9867672.0,0.126308,,,,,,
9874872.0,0.126403,,,,,,
9882072.0,0.126488,,,,,,
9889272.0,0.126578,,,,,,
9896472.0,0.126688,,,,,,
9903672.0,0.126793,,,,,,
9910872.0,0.126898,,,,,,
9918072.0,0.127003,,,,,,
9925272.0,0.127098,,,,,,
9932472.0,0.127198,,,,,,
9939672.0,0.127303,,,,,,
9946872.0,0.127403,,,,,,
9954072.0,0.127508,,,,,,
9961272.0,0.127613,,,,,,
9968472.0,0.127688,,,,,,
9975672.0,0.127793,,,,,,
9982872.0,0.127893,,,,,,
9990072.0,0.128008,,,,,,
9997272.0,0.128113,,,,,,
9997380.0,0.128118,,,,,,
10004580.0,0.12820299999999998,,,,,,
10011780.0,0.128298,,,,,,
10018980.0,0.128418,,,,,,
10026180.0,0.128513,,,,,,
10033380.0,0.128603,,,,,,
10040580.0,0.128693,,,,,,
10047780.0,0.128798,,,,,,
10054980.0,0.12889799999999998,,,,,,
10062180.0,0.129008,,,,,,
10069380.0,0.129103,,,,,,
10076580.0,0.129218,,,,,,
10083780.0,0.129333,,,,,,
10090980.0,0.129428,,,,,,
10098180.0,0.129523,,,,,,
10105380.0,0.129638,,,,,,
10112580.0,0.12973800000000002,,,,,,
10119780.0,0.129843,,,,,,
10126980.0,0.129953,,,,,,
10134180.0,0.130068,,,,,,
10141380.0,0.130168,,,,,,
10148580.0,0.13026300000000002,,,,,,
10155780.0,0.130388,,,,,,
10162980.0,0.130483,,,,,,
10170180.0,0.13059300000000001,,,,,,
10177380.0,0.130713,,,,,,
10184580.0,0.130803,,,,,,
10191780.0,0.13089800000000001,,,,,,
10198980.0,0.13100799999999999,,,,,,
10206180.0,0.131103,,,,,,
10213380.0,0.13122299999999998,,,,,,
10220580.0,0.131328,,,,,,
10227780.0,0.131433,,,,,,
10234980.0,0.13153800000000002,,,,,,
10242180.0,0.131648,,,,,,
10249380.0,0.131768,,,,,,
10256580.0,0.131878,,,,,,
10263780.0,0.131973,,,,,,
10270980.0,0.132078,,,,,,
10278180.0,0.132188,,,,,,
10285380.0,0.132293,,,,,,
10292580.0,0.13239800000000002,,,,,,
10299780.0,0.132498,,,,,,
10306980.0,0.132633,,,,,,
10314180.0,0.132723,,,,,,
10321380.0,0.132833,,,,,,
10328580.0,0.132928,,,,,,
10335780.0,0.13303800000000002,,,,,,
10342980.0,0.133158,,,,,,
10350180.0,0.133258,,,,,,
10357380.0,0.133383,,,,,,
10364580.0,0.133488,,,,,,
10371780.0,0.133588,,,,,,
10372608.0,0.13361800000000001,,,,,,
10372608.0,0.13361800000000001,,,,,,
10372608.0,0.13361800000000001,,,,,,
10372608.0,0.13361800000000001,,,,,,
10372896.0,0.13361800000000001,,,,,,
10373004.0,0.13361800000000001,,,,,,
10379808.0,0.133696,,,,,,
10387008.0,0.133794,,,,,,
10394208.0,0.133903,,,,,,
10401408.0,0.133992,,,,,,
10408608.0,0.134092,,,,,,
10415808.0,0.13419499999999998,,,,,,
10423008.0,0.134304,,,,,,
10430208.0,0.134406,,,,,,
10437408.0,0.134504,,,,,,
10444608.0,0.134628,,,,,,
10451808.0,0.134734,,,,,,
10459008.0,0.134842,,,,,,
10466208.0,0.134956,,,,,,
10473408.0,0.135051,,,,,,
10480608.0,0.135154,,,,,,
10487808.0,0.135234,,,,,,
10495008.0,0.135343,,,,,,
10502208.0,0.135482,,,,,,
10509408.0,0.13557,,,,,,
10516608.0,0.135673,,,,,,
10523808.0,0.135776,,,,,,
10531008.0,0.135885,,,,,,
10538208.0,0.135984,,,,,,
10545408.0,0.136108,,,,,,
10552608.0,0.13623200000000002,,,,,,
10559808.0,0.136342,,,,,,
10567008.0,0.136458,,,,,,
10574208.0,0.136539,,,,,,
10581408.0,0.13663999999999998,,,,,,
10588608.0,0.13675,,,,,,
10595808.0,0.136861,,,,,,
10603008.0,0.136995,,,,,,
10610208.0,0.1371,,,,,,
10617408.0,0.137188,,,,,,
10624608.0,0.137298,,,,,,
10631808.0,0.137414,,,,,,
10639008.0,0.137516,,,,,,
10646208.0,0.137629,,,,,,
10653408.0,0.13775199999999999,,,,,,
10660608.0,0.13785,,,,,,
10667808.0,0.137959,,,,,,
10675008.0,0.13808299999999998,,,,,,
10682208.0,0.138193,,,,,,
10689408.0,0.138297,,,,,,
10692180.0,0.13833299999999998,,,,,,
10699380.0,0.13844599999999999,,,,,,
10706580.0,0.13857,,,,,,
10713780.0,0.138686,,,,,,
10720980.0,0.138787,,,,,,
10728180.0,0.138899,,,,,,
10735380.0,0.139019,,,,,,
10742580.0,0.13913999999999999,,,,,,
10749780.0,0.139241,,,,,,
10756980.0,0.139354,,,,,,
10764180.0,0.139467,,,,,,
10771380.0,0.13958399999999999,,,,,,
10772964.0,0.139614,,,,,,
10780164.0,0.139741,,,,,,
10787400.0,0.139849,,,,,,
10794600.0,0.139977,,,,,,
10801800.0,0.13997400000000002,,,,,,
10809000.0,0.140117,,,,,,
10816200.0,0.140297,,,,,,
10823400.0,0.140435,,,,,,
10830600.0,0.140557,,,,,,
10837800.0,0.140678,,,,,,
10845000.0,0.140786,,,,,,
10852200.0,0.140912,,,,,,
10859400.0,0.14104,,,,,,
10866600.0,0.141165,,,,,,
10873800.0,0.141286,,,,,,
10881000.0,0.141397,,,,,,
10888200.0,0.141516,,,,,,
10895400.0,0.141657,,,,,,
10902600.0,0.141793,,,,,,
10909800.0,0.141923,,,,,,
10917000.0,0.142039,,,,,,
10924200.0,0.142167,,,,,,
10931400.0,0.142291,,,,,,
10938600.0,0.14241,,,,,,
10945800.0,0.142545,,,,,,
10953000.0,0.142667,,,,,,
10960200.0,0.142776,,,,,,
10967400.0,0.1429,,,,,,
10974600.0,0.14303100000000002,,,,,,
10981800.0,0.143151,,,,,,
10989000.0,0.143268,,,,,,
10996200.0,0.143405,,,,,,
11003400.0,0.143522,,,,,,
11010600.0,0.143643,,,,,,
11017800.0,0.14376,,,,,,
11025000.0,0.143878,,,,,,
11032200.0,0.144023,,,,,,
11039400.0,0.14416299999999999,,,,,,
11046600.0,0.144278,,,,,,
11053800.0,0.144403,,,,,,
11061000.0,0.144518,,,,,,
11068200.0,0.144643,,,,,,
11075400.0,0.144768,,,,,,
11082600.0,0.144883,,,,,,
11089800.0,0.145008,,,,,,
11097000.0,0.145128,,,,,,
11104200.0,0.145268,,,,,,
11111400.0,0.145388,,,,,,
11118600.0,0.145518,,,,,,
11125800.0,0.145643,,,,,,
11133000.0,0.14577299999999999,,,,,,
11140200.0,0.145903,,,,,,
11147400.0,0.146028,,,,,,
11154600.0,0.146158,,,,,,
11161800.0,0.146293,,,,,,
11169000.0,0.146418,,,,,,
11176200.0,0.146533,,,,,,
11183400.0,0.146658,,,,,,
11190600.0,0.146778,,,,,,
11197800.0,0.146903,,,,,,
11205000.0,0.147038,,,,,,
11212200.0,0.147168,,,,,,
11219400.0,0.147303,,,,,,
11226600.0,0.14741300000000002,,,,,,
11233800.0,0.14754799999999998,,,,,,
11241000.0,0.147673,,,,,,
11248200.0,0.14780300000000002,,,,,,
11255400.0,0.147933,,,,,,
11262600.0,0.148058,,,,,,
11269800.0,0.148183,,,,,,
11277000.0,0.148308,,,,,,
11284200.0,0.148428,,,,,,
11291400.0,0.148563,,,,,,
11298600.0,0.148698,,,,,,
11305800.0,0.148868,,,,,,
11313000.0,0.14899800000000002,,,,,,
11320200.0,0.149133,,,,,,
11327400.0,0.14927300000000002,,,,,,
11334600.0,0.149403,,,,,,
11341800.0,0.149528,,,,,,
11349000.0,0.14965299999999998,,,,,,
11356200.0,0.149773,,,,,,
11363400.0,0.149918,,,,,,
11370600.0,0.150043,,,,,,
11377800.0,0.150178,,,,,,
11385000.0,0.150313,,,,,,
11392200.0,0.150428,,,,,,
11399400.0,0.15054299999999998,,,,,,
11406600.0,0.150683,,,,,,
11413800.0,0.15079800000000002,,,,,,
11421000.0,0.15093299999999998,,,,,,
11428200.0,0.151058,,,,,,
11435400.0,0.15119300000000002,,,,,,
11442600.0,0.151328,,,,,,
11449800.0,0.15146300000000001,,,,,,
11457000.0,0.151608,,,,,,
11464200.0,0.151748,,,,,,
11471400.0,0.151883,,,,,,
11478600.0,0.152023,,,,,,
11485800.0,0.152158,,,,,,
11493000.0,0.152303,,,,,,
11500200.0,0.15243299999999999,,,,,,
11507400.0,0.152583,,,,,,
11514600.0,0.152728,,,,,,
11521800.0,0.152853,,,,,,
11529000.0,0.15299300000000002,,,,,,
11536200.0,0.153128,,,,,,
11543400.0,0.153263,,,,,,
11550600.0,0.15340299999999998,,,,,,
11557800.0,0.153543,,,,,,
11565000.0,0.153688,,,,,,
11572200.0,0.153843,,,,,,
11579400.0,0.153983,,,,,,
11586600.0,0.154123,,,,,,
11593800.0,0.15426299999999998,,,,,,
11601000.0,0.154408,,,,,,
11608200.0,0.154558,,,,,,
11615400.0,0.154693,,,,,,
11622600.0,0.154838,,,,,,
11629800.0,0.154983,,,,,,
11637000.0,0.155133,,,,,,
11644200.0,0.155278,,,,,,
11651400.0,0.155413,,,,,,
11658600.0,0.155553,,,,,,
11665800.0,0.155703,,,,,,
11673000.0,0.155858,,,,,,
11680200.0,0.155998,,,,,,
11687400.0,0.156138,,,,,,
11694600.0,0.156288,,,,,,
11701800.0,0.15642799999999998,,,,,,
11709000.0,0.156588,,,,,,
11716200.0,0.156728,,,,,,
11723400.0,0.156868,,,,,,
11730600.0,0.157023,,,,,,
11737800.0,0.157173,,,,,,
11745000.0,0.157323,,,,,,
11752200.0,0.157468,,,,,,
11759400.0,0.157628,,,,,,
11766600.0,0.157768,,,,,,
11773800.0,0.157918,,,,,,
11781000.0,0.158073,,,,,,
11788200.0,0.158218,,,,,,
11795400.0,0.158373,,,,,,
11802600.0,0.158533,,,,,,
11809800.0,0.158683,,,,,,
11814480.0,0.158783,,,,,,
11821680.0,0.158943,,,,,,
11828880.0,0.159083,,,,,,
11836080.0,0.159243,,,,,,
11843280.0,0.159383,,,,,,
11850480.0,0.159543,,,,,,
11857680.0,0.159703,,,,,,
11864880.0,0.159853,,,,,,
11872080.0,0.16001300000000002,,,,,,
11879280.0,0.160158,,,,,,
11886480.0,0.160308,,,,,,
11893680.0,0.16048300000000001,,,,,,
11900880.0,0.160638,,,,,,
11908080.0,0.160803,,,,,,
11915280.0,0.16095800000000002,,,,,,
11922480.0,0.161133,,,,,,
11929680.0,0.161288,,,,,,
11936880.0,0.161443,,,,,,
11944080.0,0.161603,,,,,,
11951280.0,0.16176300000000002,,,,,,
11958480.0,0.16192299999999998,,,,,,
11965680.0,0.162078,,,,,,
11972880.0,0.162233,,,,,,
11980080.0,0.162388,,,,,,
11987280.0,0.162548,,,,,,
11994480.0,0.162718,,,,,,
12001680.0,0.162878,,,,,,
12008880.0,0.163053,,,,,,
12016080.0,0.163203,,,,,,
12023280.0,0.16337800000000002,,,,,,
12030480.0,0.163543,,,,,,
12037680.0,0.16370300000000002,,,,,,
12044880.0,0.163878,,,,,,
12052080.0,0.16405799999999998,,,,,,
12059280.0,0.164223,,,,,,
12066480.0,0.164403,,,,,,
12073680.0,0.16456800000000002,,,,,,
12080880.0,0.164738,,,,,,
12088080.0,0.164918,,,,,,
12095280.0,0.165103,,,,,,
12102480.0,0.16526800000000003,,,,,,
12109680.0,0.165443,,,,,,
12116880.0,0.16561800000000002,,,,,,
12124080.0,0.165803,,,,,,
12131280.0,0.165973,,,,,,
12138480.0,0.16615300000000002,,,,,,
12145680.0,0.166328,,,,,,
12152880.0,0.166508,,,,,,
12160080.0,0.166693,,,,,,
12167280.0,0.166888,,,,,,
12174480.0,0.167058,,,,,,
12181680.0,0.167238,,,,,,
12188880.0,0.167418,,,,,,
12196080.0,0.16758800000000001,,,,,,
12203280.0,0.167793,,,,,,
12210480.0,0.167973,,,,,,
12217680.0,0.168153,,,,,,
12224880.0,0.168333,,,,,,
12232080.0,0.16852799999999998,,,,,,
12239280.0,0.168733,,,,,,
12246480.0,0.168923,,,,,,
12253680.0,0.16910799999999998,,,,,,
12260880.0,0.169298,,,,,,
12268080.0,0.169493,,,,,,
12275280.0,0.169693,,,,,,
12282480.0,0.16988299999999998,,,,,,
12289680.0,0.170073,,,,,,
12296880.0,0.17027799999999998,,,,,,
12304080.0,0.170468,,,,,,
12311280.0,0.17066299999999998,,,,,,
12318480.0,0.170868,,,,,,
12325680.0,0.171058,,,,,,
12332880.0,0.171273,,,,,,
12340080.0,0.171488,,,,,,
12347280.0,0.171698,,,,,,
12354480.0,0.171903,,,,,,
12361680.0,0.17210799999999998,,,,,,
12368880.0,0.17232299999999998,,,,,,
12376080.0,0.17253799999999997,,,,,,
12383280.0,0.17274799999999998,,,,,,
12390480.0,0.172958,,,,,,
12397680.0,0.173173,,,,,,
12404880.0,0.173388,,,,,,
12412080.0,0.173618,,,,,,
12419280.0,0.173843,,,,,,
12426480.0,0.17408300000000002,,,,,,
12433680.0,0.17430800000000002,,,,,,
12440880.0,0.174543,,,,,,
12448080.0,0.17478300000000002,,,,,,
12455280.0,0.17500800000000002,,,,,,
12462480.0,0.17521799999999998,,,,,,
12469680.0,0.175453,,,,,,
12476880.0,0.17565799999999998,,,,,,
12484080.0,0.175883,,,,,,
12491280.0,0.17610800000000001,,,,,,
12498480.0,0.17634799999999998,,,,,,
12505680.0,0.176578,,,,,,
12512880.0,0.176833,,,,,,
12520080.0,0.177063,,,,,,
12527280.0,0.177298,,,,,,
12534480.0,0.17753799999999997,,,,,,
12541680.0,0.177778,,,,,,
12548880.0,0.178023,,,,,,
12556080.0,0.17826799999999998,,,,,,
12563280.0,0.178523,,,,,,
12570480.0,0.17877300000000002,,,,,,
12577680.0,0.17902300000000002,,,,,,
12584880.0,0.179283,,,,,,
12592080.0,0.179538,,,,,,
12599280.0,0.179803,,,,,,
12606480.0,0.18006799999999998,,,,,,
12613680.0,0.18035299999999999,,,,,,
12620880.0,0.18062799999999998,,,,,,
12628080.0,0.180898,,,,,,
12635280.0,0.181173,,,,,,
12642480.0,0.181463,,,,,,
12649680.0,0.181738,,,,,,
12656880.0,0.182043,,,,,,
12664080.0,0.182343,,,,,,
12664080.0,0.182343,,,,,,
12668796.0,0.182543,,,,,,
12671280.0,0.18265699999999999,,,,,,
12678480.0,0.18293700000000002,,,,,,
12685680.0,0.183199,,,,,,
12692880.0,0.18347000000000002,,,,,,
12700080.0,0.183731,,,,,,
12707280.0,0.18398299999999998,,,,,,
12714480.0,0.184235,,,,,,
12721680.0,0.184495,,,,,,
12728880.0,0.184754,,,,,,
12736080.0,0.185017,,,,,,
12743280.0,0.185259,,,,,,
12750480.0,0.185502,,,,,,
12757680.0,0.185752,,,,,,
12764880.0,0.186003,,,,,,
12772080.0,0.18624300000000002,,,,,,
12779280.0,0.186494,,,,,,
12786480.0,0.186762,,,,,,
12793680.0,0.187008,,,,,,
12800880.0,0.187286,,,,,,
12808080.0,0.18755,,,,,,
12815280.0,0.18783000000000002,,,,,,
12822480.0,0.188088,,,,,,
12829680.0,0.188363,,,,,,
12836880.0,0.188604,,,,,,
12844116.0,0.188867,,,,,,
12851316.0,0.189147,,,,,,
12858516.0,0.189416,,,,,,
12865716.0,0.189693,,,,,,
12872916.0,0.189967,,,,,,
12880116.0,0.190242,,,,,,
12887316.0,0.19050899999999998,,,,,,
12894516.0,0.190803,,,,,,
12901716.0,0.191099,,,,,,
12908916.0,0.19139199999999998,,,,,,
12916116.0,0.191681,,,,,,
12923316.0,0.19195900000000002,,,,,,
12930516.0,0.192273,,,,,,
12937716.0,0.19257200000000002,,,,,,
12944916.0,0.192867,,,,,,
12952116.0,0.19314699999999999,,,,,,
12959316.0,0.193432,,,,,,
12966516.0,0.19374199999999997,,,,,,
12973716.0,0.194052,,,,,,
12980916.0,0.19435199999999997,,,,,,
12988116.0,0.194652,,,,,,
12995316.0,0.19495200000000001,,,,,,
12995892.0,0.19497699999999998,,,,,,
13003092.0,0.19528199999999998,,,,,,
13010292.0,0.195582,,,,,,
13017492.0,0.19589700000000002,,,,,,
13024692.0,0.196207,,,,,,
13031892.0,0.19650700000000001,,,,,,
13039092.0,0.19684200000000002,,,,,,
13046292.0,0.197152,,,,,,
13053492.0,0.19747699999999999,,,,,,
13060692.0,0.19777699999999998,,,,,,
13067892.0,0.19809200000000002,,,,,,
13075092.0,0.19840699999999997,,,,,,
13082292.0,0.19874199999999997,,,,,,
13089492.0,0.199067,,,,,,
13096692.0,0.19938199999999998,,,,,,
13103892.0,0.19971699999999998,,,,,,
13111092.0,0.200032,,,,,,
13118292.0,0.200372,,,,,,
13125492.0,0.200702,,,,,,
13132692.0,0.201037,,,,,,
13139892.0,0.20136700000000002,,,,,,
13147092.0,0.20170200000000002,,,,,,
13154292.0,0.20203700000000002,,,,,,
13161492.0,0.20238199999999998,,,,,,
13168692.0,0.202722,,,,,,
13175892.0,0.20307200000000003,,,,,,
13183092.0,0.20340699999999998,,,,,,
13190292.0,0.20374199999999998,,,,,,
13197492.0,0.204097,,,,,,
13204692.0,0.20444700000000002,,,,,,
13211892.0,0.204802,,,,,,
13219092.0,0.20515699999999998,,,,,,
13226292.0,0.205532,,,,,,
13233492.0,0.205912,,,,,,
13240692.0,0.20627199999999998,,,,,,
13247892.0,0.206627,,,,,,
13254336.0,0.206967,,,,,,
13261536.0,0.207347,,,,,,
13268736.0,0.20772200000000002,,,,,,
13275936.0,0.208097,,,,,,
13283136.0,0.208487,,,,,,
13290336.0,0.208862,,,,,,
13297536.0,0.209257,,,,,,
13304736.0,0.20966200000000002,,,,,,
13311936.0,0.21005700000000002,,,,,,
13319136.0,0.21046199999999998,,,,,,
13326336.0,0.210867,,,,,,
13333536.0,0.211272,,,,,,
13340736.0,0.211702,,,,,,
13347936.0,0.212122,,,,,,
13355136.0,0.21254699999999999,,,,,,
13362336.0,0.21299700000000002,,,,,,
13369536.0,0.21342199999999997,,,,,,
13376736.0,0.21387699999999998,,,,,,
13383936.0,0.214332,,,,,,
13391136.0,0.21479199999999998,,,,,,
13398336.0,0.21526700000000001,,,,,,
13405536.0,0.215732,,,,,,
13412736.0,0.21620699999999998,,,,,,
13419936.0,0.21668700000000002,,,,,,
13427136.0,0.217167,,,,,,
13434336.0,0.217657,,,,,,
13441536.0,0.218142,,,,,,
13448736.0,0.21860700000000002,,,,,,
13455936.0,0.219087,,,,,,
13463136.0,0.219547,,,,,,
13470336.0,0.219997,,,,,,
13477536.0,0.220462,,,,,,
13484736.0,0.22092199999999998,,,,,,
13491936.0,0.221377,,,,,,
13499136.0,0.221857,,,,,,
13506336.0,0.22233699999999998,,,,,,
13513536.0,0.222837,,,,,,
13520736.0,0.223322,,,,,,
13527936.0,0.22382200000000002,,,,,,
13535136.0,0.22432200000000002,,,,,,
13542336.0,0.22484200000000001,,,,,,
13549536.0,0.22536699999999998,,,,,,
13556736.0,0.225912,,,,,,
13563936.0,0.226462,,,,,,
13571136.0,0.22700700000000001,,,,,,
13578336.0,0.227592,,,,,,
13585536.0,0.228187,,,,,,
13592736.0,0.22880199999999998,,,,,,
13599936.0,0.229457,,,,,,
13607136.0,0.23020700000000002,,,,,,
13614336.0,0.231287,,,,,,
